{"p":"DC","c":[{"p":"ELEC.GEN.TSN-DC-99.M","v":{"_201601":1.64699,"_201512":1.54138,"_201511":1.58609,"_201510":2.00687,"_201509":2.23484,"_201508":2.61057,"_201507":2.74278,"_201506":2.69526,"_201505":2.71911,"_201504":2.49393,"_201503":2.35811,"_201502":1.80753,"_201501":1.63258,"_201412":1.61408,"_201411":1.59977,"_201410":1.96564,"_201409":2.15802,"_201408":2.48254,"_201407":2.59961,"_201406":2.52032,"_201405":2.49657,"_201404":2.29634,"_201403":2.19177,"_201402":1.74199,"_201401":1.52797}},{"p":"ELEC.GEN.DPV-DC-99.M","v":{"_201601":1.64699,"_201512":1.54138,"_201511":1.58609,"_201510":2.00687,"_201509":2.23484,"_201508":2.61057,"_201507":2.74278,"_201506":2.69526,"_201505":2.71911,"_201504":2.49393,"_201503":2.35811,"_201502":1.80753,"_201501":1.63258,"_201412":1.61408,"_201411":1.59977,"_201410":1.96564,"_201409":2.15802,"_201408":2.48254,"_201407":2.59961,"_201406":2.52032,"_201405":2.49657,"_201404":2.29634,"_201403":2.19177,"_201402":1.74199,"_201401":1.52797}},{"p":"ELEC.GEN.ALL-DC-99.M","v":{"_201601":null,"_201512":null,"_201511":null,"_201510":null,"_201509":null,"_201508":null,"_201507":null,"_201506":null,"_201505":null,"_201504":null,"_201503":null,"_201502":null,"_201501":null,"_201412":5.23709,"_201411":4.84131,"_201410":5.60175,"_201409":6.38127,"_201408":7.24404,"_201407":6.87549,"_201406":6.25568,"_201405":5.83832,"_201404":5.25072,"_201403":5.02127,"_201402":3.83656,"_201401":5.22866,"_201312":4.79428,"_201311":4.81412,"_201310":5.59004,"_201309":6.0465,"_201308":6.69003,"_201307":6.42078,"_201306":5.96759,"_201305":5.33605,"_201304":4.9906,"_201303":5.1073,"_201302":5.04702,"_201301":5.04778,"_201212":4.74765,"_201211":4.14174,"_201210":4.92087,"_201209":5.68072,"_201208":6.2387,"_201207":6.74497,"_201206":5.72304,"_201205":11.85202,"_201204":7.15931,"_201203":4.80981,"_201202":4.3837,"_201201":5.38425,"_201112":5.63726,"_201111":5.14364,"_201110":5.92334,"_201109":8.82012,"_201108":32.86951,"_201107":80.62099,"_201106":31.27807,"_201105":9.1561,"_201104":5.48893,"_201103":4.92537,"_201102":4.25041,"_201101":6.76022,"_201012":5.37,"_201011":0,"_201010":3.376,"_201009":14.703,"_201008":23.994,"_201007":50.938,"_201006":74.421,"_201005":23.925,"_201004":0.805,"_201003":2.326,"_201002":0,"_201001":0,"_200912":0.406,"_200911":0,"_200910":0,"_200909":0,"_200908":11.677,"_200907":6.057,"_200906":7.917,"_200905":0.183,"_200904":0.581,"_200903":0,"_200902":2.875,"_200901":5.803,"_200812":0,"_200811":0,"_200810":2.741,"_200809":0.579,"_200808":5.479,"_200807":8.742,"_200806":50.119,"_200805":0,"_200804":0,"_200803":0.401,"_200802":1.258,"_200801":2.997,"_200712":-0.521,"_200711":-0.707,"_200710":3.636,"_200709":5.516,"_200708":40.581,"_200707":11.312,"_200706":14.143,"_200705":-0.318,"_200704":-0.316,"_200703":-0.239,"_200702":2.682,"_200701":-0.518,"_200612":2.69,"_200611":-0.659,"_200610":0.553,"_200609":-0.516,"_200608":47.754,"_200607":22.549,"_200606":3.743,"_200605":1.706,"_200604":0.15,"_200603":-0.329,"_200602":1.474,"_200601":2.352,"_200512":4.789,"_200511":0.003,"_200510":9.168,"_200509":3.973,"_200508":75.277,"_200507":90.491,"_200506":42.336,"_200505":-0.61,"_200504":-0.599,"_200503":-1.094,"_200502":0.215,"_200501":2.093,"_200412":4.07,"_200411":-0.698,"_200410":-0.634,"_200409":1.001,"_200408":4.605,"_200407":1.68,"_200406":6.154,"_200405":2.674,"_200404":-0.563,"_200403":0.549,"_200402":1.829,"_200401":15.82,"_200312":-0.793,"_200311":-0.645,"_200310":-0.625,"_200309":-0.599,"_200308":24.567,"_200307":10.741,"_200306":3.552,"_200305":1.614,"_200304":0.764,"_200303":13.086,"_200302":12.549,"_200301":9.933,"_200212":3.589,"_200211":0.421,"_200210":-0.565,"_200209":3.17,"_200208":85.726,"_200207":101.334,"_200206":30.828,"_200205":-0.616,"_200204":22.998,"_200203":11.399,"_200202":4.729,"_200201":-1.033,"_200112":0,"_200111":31.622,"_200110":3.497,"_200109":0,"_200108":47.587,"_200107":24.107,"_200106":0.488,"_200105":5.921,"_200104":0.766,"_200103":0,"_200102":0,"_200101":9.251}},{"p":"ELEC.GEN.PEL-DC-99.M","v":{"_201601":0,"_201512":0,"_201511":0,"_201510":0,"_201509":0,"_201508":0,"_201507":0,"_201506":0,"_201505":0,"_201504":0,"_201503":0,"_201502":0,"_201501":0,"_201412":0,"_201411":0,"_201410":0,"_201409":0,"_201408":0,"_201407":0,"_201406":0,"_201405":0,"_201404":0,"_201403":0,"_201402":0,"_201401":0,"_201312":0,"_201311":0,"_201310":0,"_201309":0,"_201308":0,"_201307":0,"_201306":0,"_201305":0,"_201304":0,"_201303":0,"_201302":0,"_201301":0,"_201212":0,"_201211":0,"_201210":0,"_201209":0,"_201208":0,"_201207":0,"_201206":0,"_201205":6.107,"_201204":2.391,"_201203":0,"_201202":0,"_201201":0.901,"_201112":0,"_201111":0,"_201110":0,"_201109":2.129,"_201108":25.042,"_201107":72.812,"_201106":24.421,"_201105":3.321,"_201104":0,"_201103":0,"_201102":0,"_201101":1.95,"_201012":5.37,"_201011":0,"_201010":3.376,"_201009":14.703,"_201008":23.994,"_201007":50.938,"_201006":74.421,"_201005":23.925,"_201004":0.805,"_201003":2.326,"_201002":0,"_201001":0,"_200912":0.406,"_200911":0,"_200910":0,"_200909":0,"_200908":11.677,"_200907":6.057,"_200906":7.917,"_200905":0.183,"_200904":0.581,"_200903":0,"_200902":2.875,"_200901":5.803,"_200812":0,"_200811":0,"_200810":2.741,"_200809":0.579,"_200808":5.479,"_200807":8.742,"_200806":50.119,"_200805":0,"_200804":0,"_200803":0.401,"_200802":1.258,"_200801":2.997,"_200712":-0.521,"_200711":-0.707,"_200710":3.636,"_200709":5.516,"_200708":40.581,"_200707":11.312,"_200706":14.143,"_200705":-0.318,"_200704":-0.316,"_200703":-0.239,"_200702":2.682,"_200701":-0.518,"_200612":2.69,"_200611":-0.659,"_200610":0.553,"_200609":-0.516,"_200608":47.754,"_200607":22.549,"_200606":3.743,"_200605":1.706,"_200604":0.15,"_200603":-0.329,"_200602":1.474,"_200601":2.352,"_200512":4.789,"_200511":0.003,"_200510":9.168,"_200509":3.973,"_200508":75.277,"_200507":90.491,"_200506":42.336,"_200505":-0.61,"_200504":-0.599,"_200503":-1.094,"_200502":0.215,"_200501":2.093,"_200412":4.07,"_200411":-0.698,"_200410":-0.634,"_200409":1.001,"_200408":4.605,"_200407":1.68,"_200406":6.154,"_200405":2.674,"_200404":-0.563,"_200403":0.549,"_200402":1.829,"_200401":15.82,"_200312":-0.793,"_200311":-0.645,"_200310":-0.625,"_200309":-0.599,"_200308":24.567,"_200307":10.741,"_200306":3.552,"_200305":1.614,"_200304":0.764,"_200303":13.086,"_200302":12.549,"_200301":9.933,"_200212":3.589,"_200211":0.421,"_200210":-0.565,"_200209":3.17,"_200208":85.726,"_200207":101.334,"_200206":30.828,"_200205":-0.616,"_200204":22.998,"_200203":11.399,"_200202":4.729,"_200201":-1.033,"_200112":0,"_200111":31.622,"_200110":3.497,"_200109":0,"_200108":47.587,"_200107":24.107,"_200106":0.488,"_200105":5.921,"_200104":0.766,"_200103":0,"_200102":0,"_200101":9.251}},{"p":"ELEC.GEN.NG-DC-99.M","v":{"_201601":null,"_201512":null,"_201511":null,"_201510":null,"_201509":null,"_201508":null,"_201507":null,"_201506":null,"_201505":null,"_201504":null,"_201503":null,"_201502":null,"_201501":null,"_201412":5.23709,"_201411":4.84131,"_201410":5.60175,"_201409":6.38127,"_201408":7.24404,"_201407":6.87549,"_201406":6.25568,"_201405":5.83832,"_201404":5.25072,"_201403":5.02127,"_201402":3.83656,"_201401":5.22866,"_201312":4.79428,"_201311":4.81412,"_201310":5.59004,"_201309":6.0465,"_201308":6.69003,"_201307":6.42078,"_201306":5.96759,"_201305":5.33605,"_201304":4.9906,"_201303":5.1073,"_201302":5.04702,"_201301":5.04778,"_201212":4.74765,"_201211":4.14174,"_201210":4.92087,"_201209":5.68072,"_201208":6.2387,"_201207":6.74497,"_201206":5.72304,"_201205":5.74502,"_201204":4.76831,"_201203":4.80981,"_201202":4.3837,"_201201":4.48325,"_201112":5.63726,"_201111":5.14364,"_201110":5.92334,"_201109":6.69112,"_201108":7.82751,"_201107":7.80899,"_201106":6.85707,"_201105":5.8351,"_201104":5.48893,"_201103":4.92537,"_201102":4.25041,"_201101":4.81022}}]}