{"p":"AK","c":[{"p":"ELEC.GEN.OOG-AK-99.Q","v":{"_2014Q3":null,"_2014Q2":null,"_2014Q1":null,"_2013Q4":null,"_2013Q3":null,"_2013Q2":null,"_2013Q1":null,"_2012Q4":0.57625,"_2012Q3":0.69699,"_2012Q2":0.67066,"_2012Q1":0.71456,"_2011Q4":0.64561,"_2011Q3":0.76109,"_2011Q2":0.68278,"_2011Q1":0.64883}},{"p":"ELEC.GEN.AOR-AK-99.Q","v":{"_2015Q4":64.71009,"_2015Q3":43.73945,"_2015Q2":50.71382,"_2015Q1":58.13904,"_2014Q4":55.68703,"_2014Q3":62.40204,"_2014Q2":63.19933,"_2014Q1":33.18028,"_2013Q4":44.03703,"_2013Q3":63.21177,"_2013Q2":49.22565,"_2013Q1":40.84653,"_2012Q4":null,"_2012Q3":9.99747,"_2012Q2":6.53649,"_2012Q1":null,"_2011Q4":5.15282,"_2011Q3":4.44058,"_2011Q2":3.38951,"_2011Q1":2.74963,"_2010Q4":3.73518,"_2010Q3":6.13136,"_2010Q2":5.54136,"_2010Q1":3.50348,"_2009Q4":3.46759,"_2009Q3":5.71466,"_2009Q2":2.79352,"_2009Q1":1.56265,"_2008Q4":1.04926,"_2008Q3":1.33123,"_2008Q2":1.41923,"_2008Q1":0.94998,"_2007Q4":3.26543,"_2007Q3":2.1412,"_2007Q2":3.09653,"_2007Q1":2.72643,"_2006Q4":2.01465,"_2006Q3":1.69057,"_2006Q2":1.68103,"_2006Q1":2.06626,"_2005Q4":1.66753,"_2005Q3":1.51157,"_2005Q2":1.41784,"_2005Q1":1.24763,"_2004Q4":2.24759,"_2004Q3":2.25309,"_2004Q2":2.33085,"_2004Q1":2.38498,"_2003Q4":1.587,"_2003Q3":1.33,"_2003Q2":1.302,"_2003Q1":1.557,"_2002Q4":3.477,"_2002Q3":2.961,"_2002Q2":2.702,"_2002Q1":3.015,"_2001Q4":0.266,"_2001Q3":0.233,"_2001Q2":0.21,"_2001Q1":0.242}},{"p":"ELEC.GEN.HYC-AK-99.Q","v":{"_2015Q4":410.53702,"_2015Q3":328.77157,"_2015Q2":369.73013,"_2015Q1":433.25969,"_2014Q4":426.21192,"_2014Q3":395.97527,"_2014Q2":332.34607,"_2014Q1":384.20474,"_2013Q4":475.45901,"_2013Q3":292.66247,"_2013Q2":304.15245,"_2013Q1":363.2055,"_2012Q4":495.29596,"_2012Q3":315.64088,"_2012Q2":325.51697,"_2012Q1":438.5912,"_2011Q4":370.15658,"_2011Q3":266.01746,"_2011Q2":294.83847,"_2011Q1":413.73324,"_2010Q4":340.50555,"_2010Q3":374.22917,"_2010Q2":369.38513,"_2010Q1":349.02156,"_2009Q4":438.78834,"_2009Q3":307.66512,"_2009Q2":288.42391,"_2009Q1":288.86705,"_2008Q4":311.74481,"_2008Q3":252.16339,"_2008Q2":281.2838,"_2008Q1":326.609,"_2007Q4":255.51469,"_2007Q3":297.1255,"_2007Q2":358.27106,"_2007Q1":380.31176,"_2006Q4":318.21869,"_2006Q3":294.0236,"_2006Q2":307.42938,"_2006Q1":303.93534,"_2005Q4":353.02951,"_2005Q3":382.51334,"_2005Q2":356.61062,"_2005Q1":371.78854,"_2004Q4":378.65262,"_2004Q3":442.88236,"_2004Q2":308.98213,"_2004Q1":367.5029,"_2003Q4":444.311,"_2003Q3":390.507,"_2003Q2":338.866,"_2003Q1":408.853,"_2002Q4":412.594,"_2002Q3":344.657,"_2002Q2":336.644,"_2002Q1":345.456,"_2001Q4":364.291,"_2001Q3":398.771,"_2001Q2":288.099,"_2001Q1":294.503}},{"p":"ELEC.GEN.WND-AK-99.Q","v":{"_2015Q4":48.06858,"_2015Q3":null,"_2015Q2":37.73397,"_2015Q1":42.16606,"_2014Q4":38.14696,"_2014Q3":44.13021,"_2014Q2":46.85006,"_2014Q1":22.82977,"_2013Q4":29.63229,"_2013Q3":47.90996,"_2013Q2":35.7026,"_2013Q1":32.04416,"_2012Q4":null,"_2012Q3":9.18773,"_2012Q2":5.85302,"_2012Q1":null,"_2011Q4":4.45761,"_2011Q3":3.48261,"_2011Q2":2.4643,"_2011Q1":2.04147,"_2010Q4":2.21254,"_2010Q3":4.31383,"_2010Q2":3.61212,"_2010Q1":2.46851,"_2009Q4":2.03847,"_2009Q3":3.82071,"_2009Q2":0.94721,"_2009Q1":0.22063,"_2008Q4":0.0133,"_2008Q3":0.02049,"_2008Q2":0.01751,"_2008Q1":0.01669,"_2007Q4":0.29154,"_2007Q3":0.32304,"_2007Q2":0.23676,"_2007Q1":0.16069,"_2006Q4":0.23451,"_2006Q3":0.13665,"_2006Q2":0.1868,"_2006Q1":0.23003,"_2005Q4":0.24778,"_2005Q3":0.10704,"_2005Q2":0.13553,"_2005Q1":0.09866,"_2003Q4":0,"_2003Q3":0,"_2003Q2":0,"_2003Q1":0,"_2001Q4":0.266,"_2001Q3":0.233,"_2001Q2":0.21,"_2001Q1":0.242}},{"p":"ELEC.GEN.WAS-AK-99.Q","v":{"_2015Q4":16.64152,"_2015Q3":13.47348,"_2015Q2":12.97986,"_2015Q1":15.97298,"_2014Q4":17.54006,"_2014Q3":18.27185,"_2014Q2":16.34927,"_2014Q1":10.3505,"_2013Q4":14.40475,"_2013Q3":15.30181,"_2013Q2":13.52304,"_2013Q1":8.80238,"_2012Q4":0.65785,"_2012Q3":0.80973,"_2012Q2":0.68348,"_2012Q1":0.41431,"_2011Q4":0.69522,"_2011Q3":0.95797,"_2011Q2":0.92521,"_2011Q1":0.70816,"_2010Q4":1.52263,"_2010Q3":1.81753,"_2010Q2":1.92925,"_2010Q1":1.03498,"_2009Q4":1.42912,"_2009Q3":1.89396,"_2009Q2":1.84632,"_2009Q1":1.34202,"_2008Q4":1.03596,"_2008Q3":1.31074,"_2008Q2":1.4017,"_2008Q1":0.9333,"_2007Q4":2.9739,"_2007Q3":1.81816,"_2007Q2":2.85978,"_2007Q1":2.54399,"_2006Q4":1.64746,"_2006Q3":1.41295,"_2006Q2":1.37295,"_2006Q1":1.71565,"_2005Q4":1.24743,"_2005Q3":1.28141,"_2005Q2":1.23514,"_2005Q1":1.10904,"_2004Q4":2.20701,"_2004Q3":2.20701,"_2004Q2":2.20701,"_2004Q1":2.20701,"_2003Q4":1.379,"_2003Q3":1.156,"_2003Q2":1.131,"_2003Q1":1.353,"_2002Q4":3.182,"_2002Q3":2.71,"_2002Q2":2.473,"_2002Q1":2.759}},{"p":"ELEC.GEN.WWW-AK-99.Q","v":{"_2015Q4":0,"_2015Q3":0,"_2015Q2":0,"_2015Q1":0,"_2014Q4":0,"_2014Q3":0,"_2014Q2":0,"_2014Q1":0,"_2013Q4":0,"_2013Q3":0,"_2013Q2":0,"_2013Q1":0,"_2008Q1":0,"_2007Q4":0,"_2007Q3":0,"_2007Q2":0,"_2007Q1":0.02176,"_2006Q4":0.13268,"_2006Q3":0.14096,"_2006Q2":0.12128,"_2006Q1":0.12059,"_2005Q4":0.17232,"_2005Q3":0.12313,"_2005Q2":0.04718,"_2005Q1":0.03993,"_2004Q4":0.04059,"_2004Q3":0.04608,"_2004Q2":0.12386,"_2004Q1":0.17798,"_2003Q4":0.209,"_2003Q3":0.175,"_2003Q2":0.172,"_2003Q1":0.205,"_2002Q4":0.295,"_2002Q3":0.251,"_2002Q2":0.229,"_2002Q1":0.256}},{"p":"ELEC.GEN.ALL-AK-99.Q","v":{"_2015Q4":1535.96018,"_2015Q3":1411.41536,"_2015Q2":1447.46933,"_2015Q1":1678.49299,"_2014Q4":1586.16933,"_2014Q3":1400.62491,"_2014Q2":1431.72676,"_2014Q1":1624.30863,"_2013Q4":1782.98326,"_2013Q3":1500.69009,"_2013Q2":1480.45282,"_2013Q1":1732.69548,"_2012Q4":1867.00028,"_2012Q3":1553.1549,"_2012Q2":1560.6094,"_2012Q1":1965.65454,"_2011Q4":1878.29083,"_2011Q3":1516.10756,"_2011Q2":1547.5569,"_2011Q1":1929.07751,"_2010Q4":1798.48514,"_2010Q3":1526.26294,"_2010Q2":1598.27973,"_2010Q1":1836.54789,"_2009Q4":1911.1539,"_2009Q3":1483.08599,"_2009Q2":1512.91351,"_2009Q1":1795.006,"_2008Q4":1836.6816,"_2008Q3":1518.69766,"_2008Q2":1528.71778,"_2008Q1":1890.73733,"_2007Q4":1822.07133,"_2007Q3":1607.13734,"_2007Q2":1582.13932,"_2007Q1":1810.04364,"_2006Q4":1774.88446,"_2006Q3":1590.77936,"_2006Q2":1568.84004,"_2006Q1":1739.69292,"_2005Q4":1772.11503,"_2005Q3":1629.42059,"_2005Q2":1486.43679,"_2005Q1":1688.68614,"_2004Q4":1671.69074,"_2004Q3":1630.30467,"_2004Q2":1479.16123,"_2004Q1":1745.56022,"_2003Q4":1738.18,"_2003Q3":1466.436,"_2003Q2":1427.147,"_2003Q1":1706.968,"_2002Q4":1812.088,"_2002Q3":1578.574,"_2002Q2":1594.302,"_2002Q1":1782.358,"_2001Q4":1778.063,"_2001Q3":1780.887,"_2001Q2":1461.389,"_2001Q1":1723.427}},{"p":"ELEC.GEN.COW-AK-99.Q","v":{"_2015Q4":208.01634,"_2015Q3":161.41297,"_2015Q2":138.06542,"_2015Q1":152.38402,"_2014Q4":121.24488,"_2014Q3":111.75884,"_2014Q2":155.10488,"_2014Q1":170.18357,"_2013Q4":163.94622,"_2013Q3":161.58566,"_2013Q2":129.7586,"_2013Q1":169.33026,"_2012Q4":175.75765,"_2012Q3":166.72805,"_2012Q2":165.12883,"_2012Q1":177.34464,"_2011Q4":170.59437,"_2011Q3":178.03404,"_2011Q2":145.42185,"_2011Q1":162.33503,"_2010Q4":172.8758,"_2010Q3":152.21817,"_2010Q2":126.54559,"_2010Q1":168.80377,"_2009Q4":174.95976,"_2009Q3":161.42611,"_2009Q2":137.6733,"_2009Q1":156.53247,"_2008Q4":158.12278,"_2008Q3":146.83212,"_2008Q2":152.49288,"_2008Q1":160.44904,"_2007Q4":167.7789,"_2007Q3":153.02321,"_2007Q2":149.17816,"_2007Q1":171.42907,"_2006Q4":160.76942,"_2006Q3":153.76243,"_2006Q2":140.39305,"_2006Q1":162.49414,"_2005Q4":163.98434,"_2005Q3":157.97046,"_2005Q2":139.43036,"_2005Q1":162.93261,"_2004Q4":171.22618,"_2004Q3":155.29944,"_2004Q2":156.92848,"_2004Q1":165.52561,"_2003Q4":160.634,"_2003Q3":107.91,"_2003Q2":126.078,"_2003Q1":155.043,"_2002Q4":158.427,"_2002Q3":143.578,"_2002Q2":128.014,"_2002Q1":145.267,"_2001Q4":114.592,"_2001Q3":179.135,"_2001Q2":117.987,"_2001Q1":152.879}},{"p":"ELEC.GEN.PEL-AK-99.Q","v":{"_2015Q4":175.56253,"_2015Q3":204.06831,"_2015Q2":179.22165,"_2015Q1":206.54082,"_2014Q4":120.18092,"_2014Q3":98.4257,"_2014Q2":94.03302,"_2014Q1":132.98182,"_2013Q4":220.15315,"_2013Q3":163.61361,"_2013Q2":208.19412,"_2013Q1":226.69123,"_2012Q4":248.99456,"_2012Q3":291.14644,"_2012Q2":211.62677,"_2012Q1":285.99383,"_2011Q4":297.42211,