{"p":"AL","c":[{"p":"ELEC.GEN.NUC-AL-99.Q","v":{"_2015Q4":10774.87,"_2015Q3":10954.803,"_2015Q2":9684.607,"_2015Q1":10537.102,"_2014Q4":9637.918,"_2014Q3":10618.672,"_2014Q2":10925.379,"_2014Q1":10061.72,"_2013Q4":10557.048,"_2013Q3":10980.34,"_2013Q2":9462.102,"_2013Q1":9816.645,"_2012Q4":9932.412,"_2012Q3":10954.436,"_2012Q2":8937.554,"_2012Q1":11016.81,"_2011Q4":10447.522,"_2011Q3":10735.333,"_2011Q2":8255.408,"_2011Q1":9917.859,"_2010Q4":9354.085,"_2010Q3":9292.856,"_2010Q2":9538.44,"_2010Q1":9755.44,"_2009Q4":10817.169,"_2009Q3":10555.297,"_2009Q2":8438.287,"_2009Q1":9905.451,"_2008Q4":9144.087,"_2008Q3":10177.6,"_2008Q2":9603.345,"_2008Q1":10067.609,"_2007Q4":9460.537,"_2007Q3":10191.388,"_2007Q2":7507.397,"_2007Q1":7165.805,"_2006Q4":8419.394,"_2006Q3":8439.262,"_2006Q2":7412.956,"_2006Q1":7639.484,"_2005Q4":7267.155,"_2005Q3":8409.971,"_2005Q2":7962.434,"_2005Q1":8054.663,"_2004Q4":7653.635,"_2004Q3":8480.708,"_2004Q2":8216.397,"_2004Q1":7285.049,"_2003Q4":8392.203,"_2003Q3":8443.266,"_2003Q2":7528.752,"_2003Q1":7312.732,"_2002Q4":7608.707,"_2002Q3":7978.762,"_2002Q2":7967.557,"_2002Q1":8301.9,"_2001Q4":7621.854,"_2001Q3":8543.381,"_2001Q2":6862.282,"_2001Q1":7329.546}},{"p":"ELEC.GEN.OOG-AL-99.Q","v":{"_2015Q4":null,"_2015Q3":null,"_2015Q2":null,"_2015Q1":null,"_2014Q4":40.99573,"_2014Q3":30.72861,"_2014Q2":66.54034,"_2014Q1":42.1388,"_2013Q4":50.05538,"_2013Q3":83.63905,"_2013Q2":72.42458,"_2013Q1":61.61656,"_2012Q4":11.95497,"_2012Q3":14.8713,"_2012Q2":64.31294,"_2012Q1":86.51295,"_2011Q4":81.59355,"_2011Q3":70.73478,"_2011Q2":80.88529,"_2011Q1":58.32048,"_2010Q4":65.63753,"_2010Q3":85.61244,"_2010Q2":74.99481,"_2010Q1":50.48051,"_2009Q4":48.83075,"_2009Q3":40.51069,"_2009Q2":12.00546,"_2009Q1":33.38092,"_2008Q4":46.16719,"_2008Q3":57.82335,"_2008Q2":46.36778,"_2008Q1":53.38052,"_2007Q4":54.87607,"_2007Q3":40.19999,"_2007Q2":50.69393,"_2007Q1":32.59816,"_2006Q4":31.14895,"_2006Q3":25.68519,"_2006Q2":38.02459,"_2006Q1":36.24997,"_2005Q4":18.98539,"_2005Q3":21.59383,"_2005Q2":23.48317,"_2005Q1":42.80128,"_2004Q4":54.85524,"_2004Q3":49.49126,"_2004Q2":42.78625,"_2004Q1":34.80924,"_2003Q4":43.286,"_2003Q3":38.108,"_2003Q2":44.002,"_2003Q1":44.974,"_2002Q4":24.661,"_2002Q3":28.558,"_2002Q2":30.682,"_2002Q1":28.64,"_2001Q4":37.657,"_2001Q3":56.33,"_2001Q2":43.272,"_2001Q1":51.888}},{"p":"ELEC.GEN.AOR-AL-99.Q","v":{"_2015Q4":822.9145,"_2015Q3":873.42413,"_2015Q2":811.07352,"_2015Q1":821.46027,"_2014Q4":659.32521,"_2014Q3":711.76844,"_2014Q2":720.89401,"_2014Q1":687.03337,"_2013Q4":663.76074,"_2013Q3":789.6965,"_2013Q2":701.42254,"_2013Q1":720.69864,"_2012Q4":656.45871,"_2012Q3":727.9318,"_2012Q2":696.18459,"_2012Q1":695.97889,"_2011Q4":653.70359,"_2011Q3":717.03607,"_2011Q2":722.50099,"_2011Q1":723.42125,"_2010Q4":572.85624,"_2010Q3":616.96733,"_2010Q2":585.41265,"_2010Q1":601.74981,"_2009Q4":762.01957,"_2009Q3":849.69824,"_2009Q2":730.5471,"_2009Q1":707.59213,"_2008Q4":774.30338,"_2008Q3":883.96224,"_2008Q2":830.7923,"_2008Q1":868.25548,"_2007Q4":926.30986,"_2007Q3":1007.72823,"_2007Q2":948.46871,"_2007Q1":918.11334,"_2006Q4":952.65473,"_2006Q3":1019.48582,"_2006Q2":943.39457,"_2006Q1":968.92662,"_2005Q4":906.58523,"_2005Q3":889.97082,"_2005Q2":904.40423,"_2005Q1":945.84172,"_2004Q4":930.69822,"_2004Q3":954.82068,"_2004Q2":957.47822,"_2004Q1":936.23585,"_2003Q4":934,"_2003Q3":955.796,"_2003Q2":866.974,"_2003Q1":916.089,"_2002Q4":770.215,"_2002Q3":1003.987,"_2002Q2":924.692,"_2002Q1":1047.001,"_2001Q4":1037.14669,"_2001Q3":1058.36525,"_2001Q2":1005.43295,"_2001Q1":1088.41865}},{"p":"ELEC.GEN.HYC-AL-99.Q","v":{"_2015Q4":3154.91437,"_2015Q3":1772.7802,"_2015Q2":2121.83501,"_2015Q1":3083.15099,"_2014Q4":2563.45678,"_2014Q3":1298.7487,"_2014Q2":2052.94928,"_2014Q1":3551.71725,"_2013Q4":2717.20182,"_2013Q3":2655.07042,"_2013Q2":3365.30652,"_2013Q1":4161.59925,"_2012Q4":1877.35943,"_2012Q3":1268.51097,"_2012Q2":703.60309,"_2012Q1":3585.74953,"_2011Q4":2340.66654,"_2011Q3":1315.40388,"_2011Q2":2276.10656,"_2011Q1":2951.42103,"_2010Q4":1677.81004,"_2010Q3":1089.36211,"_2010Q2":1846.49279,"_2010Q1":4090.58906,"_2009Q4":4916.32622,"_2009Q3":1797.18696,"_2009Q2":2830.42906,"_2009Q1":2991.43076,"_2008Q4":1667.86546,"_2008Q3":1018.82438,"_2008Q2":1224.45601,"_2008Q1":2225.00217,"_2007Q4":549.39373,"_2007Q3":881.04807,"_2007Q2":755.47266,"_2007Q1":1950.19954,"_2006Q4":1899.38247,"_2006Q3":1212.3817,"_2006Q2":1586.29924,"_2006Q1":2553.72259,"_2005Q4":1806.59977,"_2005Q3":2466.16358,"_2005Q2":2558.58822,"_2005Q1":3313.22943,"_2004Q4":3803.22013,"_2004Q3":2302.52323,"_2004Q2":1231.16656,"_2004Q1":3289.31109,"_2003Q4":2516.894,"_2003Q3":2874.429,"_2003Q2":3722.203,"_2003Q1":3551.341,"_2002Q4":3410.284,"_2002Q3":1207.074,"_2002Q2":1698.124,"_2002Q1":2509.305,"_2001Q4":1894.702,"_2001Q3":1725.684,"_2001Q2":1787,"_2001Q1":2948.996}},{"p":"ELEC.GEN.WAS-AL-99.Q","v":{"_2015Q4":11.91687,"_2015Q3":11.60487,"_2015Q2":11.54653,"_2015Q1":10.82358,"_2014Q4":8.44285,"_2014Q3":13.94689,"_2014Q2":13.07334,"_2014Q1":11.47376,"_2013Q4":2.63873,"_2013Q3":15.00324,"_2013Q2":1.68554,"_2013Q1":1.86262,"_2012Q4":1.93017,"_2012Q3":2.35496,"_2012Q2":2.15642,"_2012Q1":1.34752,"_2011Q4":1.60893,"_2011Q3":2.79018,"_2011Q2":2.4697,"_2011Q1":3.02949,"_2010Q4":1.5043,"_2010Q3":2.75129,"_2010Q2":3.8557,"_2010Q1":3.42134,"_2009Q4":3.95369,"_2009Q3":3.97236,"_2009Q2":3.3326,"_2009Q1":3.22339,"_2008Q4":4.38499,"_2008Q3":5.03187,"_2008Q2":4.60345,"_2008Q1":19.67726,"_2007Q4":5.91169,"_2007Q3":5.98734,"_2007Q2":2.48455,"_2007Q1":2.35438,"_2006Q4":4.68343,"_2006Q3":6.05802,"_2006Q2":4.16369,"_2006Q1":4.54664,"_2005Q4":4.26565,"_2005Q3":4.3389,"_2005Q2":4.05731,"_2005Q1":3.7524,"_2004Q4":6.104,"_2004Q3":7.70786,"_2004Q2":4.79695,"_2004Q1":4.26772,"_2003Q4":6.114,"_2003Q3":7.96,"_2003Q2":5.006,"_2003Q1":4.896,"_2002Q4":3.424,"_2002Q3":6.196,"_2002Q2":4.523,"_2002Q1":4.258,"_2001Q4":4.36969,"_2001Q3":4.41525,"_2001Q2":3.91995,"_2001Q1":4.40165}},{"p":"ELEC.GEN.WWW-AL-99.Q","v":{"_2015Q4":810.99762,"_2015Q3":861.81926,"_2015Q2":799.52699,"_2015Q1":810.63668,"_2014Q4":650.88237,"_2014Q3":697.82157,"_2014Q2":707.82067,"_2014Q1":675.55962,"_2013Q4":661.12201,"_2013Q3":774.69326,"_2013Q2":699.737,"_2013Q1":718.83602,"_2012Q4":654.52854,"_2012Q3":725.57682,"_2012Q2":694.02818,"_2012Q1":694.63137,"_2011Q4":652.09463,"_2011Q3":714.2459,"_2011Q2":720.0313,"_2011Q1":720.39177,"_2010Q4":571.35195,"_2010Q3":614.21604,"_2010Q2":581.55695,"_2010Q1":598.32846,"_2009Q4":758.06589,"_2009Q3":845.72588,"_2009Q2":727.2145,"_2009Q1":704.36874,"_2008Q4":769.91839,"_2008Q3":878.93039,"_2008Q2":826.18885,"_2008Q1":848.5782,"_2007Q4":920.39816,"_2007Q3":1001.7409,"_2007Q2":945.98414,"_2007Q1":915.75897,"_2006Q4":947.9713,"_2006Q3":1013.4278,"_2006Q2":939.23089,"_2006Q1":964.37998,"_2005Q4":902.31958,"_2005Q3":885.63192,"_2005Q2":900.34692,"_2005Q1":942.08933,"_2004Q4":924.59422,"_2004Q3":947.11282,"_2004Q2":952.68127,"_2004Q1":931.96814,"_2003Q4":927.886,"_2003Q3":947.836,"_2003Q2":861.968,"_2003Q1":911.193,"_2002Q4":766.791,"_2002Q3":997.791,"_2002Q2":920.169,"_2002Q1":1042.743,"_2001Q4":1032.777,"_2001Q3":1053.95,"_2001Q2":1001.513,"_2001Q1":1084.017}},{"p":"ELEC.GEN.TSN-AL-99.Q","v":{"_2015Q4":0.6378,"_2015Q3":0.88691,"_2015Q2":0.93438,"_2015Q1":0.66802,"_2014Q4":0.61992,"_2014Q3":0.86477,"_2014Q2":0.89932,"_2014Q1":0.63393}},{"p":"ELEC.GEN.DPV-AL-99.Q","v":{"_2015Q4":0.6378,"_2015Q3":0.88691,"_2015Q2":0.93438,"_2015Q1":0.66802,"_2014Q4":0.61992,"_2014Q3":0.86477,"_2014Q2":0.89932,"_2014Q1":0.63393}},{"p":"ELEC.GEN.ALL-AL-99.Q","v":{"_2015Q4":36449.34929,"_2015Q3":42487.399,"_2015Q2":36631.19486,"_2015Q1":37399.0518,"_2014Q4":35782.7199,"_2014Q3":39830.24185,"_2014Q2":36377.50413,"_2014Q1":37349.98121,"_2013Q4":36745.80434,"_2013Q3":40366.46023,"_2013Q2":35763.43269,"_2013Q1":37697.2266,"_2012Q4":35829.41918,"_2012Q3":43653.88579,"_2012Q2":36158.93556,"_2012Q1":37236.44716,"_2011Q4":37510.72597,"_2011Q3":44137.25322,"_2011Q2":36158.73515,"_2011Q1":38532.49548,"_2010Q4":35307.24608,"_2010Q3":41017.16699,