{"p":"AL","c":[{"p":"ELEC.GEN.NUC-AL-99.Q","c":{"2015Q4":10774.87,"2015Q3":10954.803,"2015Q2":9684.607,"2015Q1":10537.102,"2014Q4":9637.918,"2014Q3":10618.672,"2014Q2":10925.379,"2014Q1":10061.72,"2013Q4":10557.048,"2013Q3":10980.34,"2013Q2":9462.102,"2013Q1":9816.645,"2012Q4":9932.412,"2012Q3":10954.436,"2012Q2":8937.554,"2012Q1":11016.81,"2011Q4":10447.522,"2011Q3":10735.333,"2011Q2":8255.408,"2011Q1":9917.859,"2010Q4":9354.085,"2010Q3":9292.856,"2010Q2":9538.44,"2010Q1":9755.44,"2009Q4":10817.169,"2009Q3":10555.297,"2009Q2":8438.287,"2009Q1":9905.451,"2008Q4":9144.087,"2008Q3":10177.6,"2008Q2":9603.345,"2008Q1":10067.609,"2007Q4":9460.537,"2007Q3":10191.388,"2007Q2":7507.397,"2007Q1":7165.805,"2006Q4":8419.394,"2006Q3":8439.262,"2006Q2":7412.956,"2006Q1":7639.484,"2005Q4":7267.155,"2005Q3":8409.971,"2005Q2":7962.434,"2005Q1":8054.663,"2004Q4":7653.635,"2004Q3":8480.708,"2004Q2":8216.397,"2004Q1":7285.049,"2003Q4":8392.203,"2003Q3":8443.266,"2003Q2":7528.752,"2003Q1":7312.732,"2002Q4":7608.707,"2002Q3":7978.762,"2002Q2":7967.557,"2002Q1":8301.9,"2001Q4":7621.854,"2001Q3":8543.381,"2001Q2":6862.282,"2001Q1":7329.546}},{"p":"ELEC.GEN.OOG-AL-99.Q","c":{"2015Q4":null,"2015Q3":null,"2015Q2":null,"2015Q1":null,"2014Q4":40.99573,"2014Q3":30.72861,"2014Q2":66.54034,"2014Q1":42.1388,"2013Q4":50.05538,"2013Q3":83.63905,"2013Q2":72.42458,"2013Q1":61.61656,"2012Q4":11.95497,"2012Q3":14.8713,"2012Q2":64.31294,"2012Q1":86.51295,"2011Q4":81.59355,"2011Q3":70.73478,"2011Q2":80.88529,"2011Q1":58.32048,"2010Q4":65.63753,"2010Q3":85.61244,"2010Q2":74.99481,"2010Q1":50.48051,"2009Q4":48.83075,"2009Q3":40.51069,"2009Q2":12.00546,"2009Q1":33.38092,"2008Q4":46.16719,"2008Q3":57.82335,"2008Q2":46.36778,"2008Q1":53.38052,"2007Q4":54.87607,"2007Q3":40.19999,"2007Q2":50.69393,"2007Q1":32.59816,"2006Q4":31.14895,"2006Q3":25.68519,"2006Q2":38.02459,"2006Q1":36.24997,"2005Q4":18.98539,"2005Q3":21.59383,"2005Q2":23.48317,"2005Q1":42.80128,"2004Q4":54.85524,"2004Q3":49.49126,"2004Q2":42.78625,"2004Q1":34.80924,"2003Q4":43.286,"2003Q3":38.108,"2003Q2":44.002,"2003Q1":44.974,"2002Q4":24.661,"2002Q3":28.558,"2002Q2":30.682,"2002Q1":28.64,"2001Q4":37.657,"2001Q3":56.33,"2001Q2":43.272,"2001Q1":51.888}},{"p":"ELEC.GEN.AOR-AL-99.Q","c":{"2015Q4":822.9145,"2015Q3":873.42413,"2015Q2":811.07352,"2015Q1":821.46027,"2014Q4":659.32521,"2014Q3":711.76844,"2014Q2":720.89401,"2014Q1":687.03337,"2013Q4":663.76074,"2013Q3":789.6965,"2013Q2":701.42254,"2013Q1":720.69864,"2012Q4":656.45871,"2012Q3":727.9318,"2012Q2":696.18459,"2012Q1":695.97889,"2011Q4":653.70359,"2011Q3":717.03607,"2011Q2":722.50099,"2011Q1":723.42125,"2010Q4":572.85624,"2010Q3":616.96733,"2010Q2":585.41265,"2010Q1":601.74981,"2009Q4":762.01957,"2009Q3":849.69824,"2009Q2":730.5471,"2009Q1":707.59213,"2008Q4":774.30338,"2008Q3":883.96224,"2008Q2":830.7923,"2008Q1":868.25548,"2007Q4":926.30986,"2007Q3":1007.72823,"2007Q2":948.46871,"2007Q1":918.11334,"2006Q4":952.65473,"2006Q3":1019.48582,"2006Q2":943.39457,"2006Q1":968.92662,"2005Q4":906.58523,"2005Q3":889.97082,"2005Q2":904.40423,"2005Q1":945.84172,"2004Q4":930.69822,"2004Q3":954.82068,"2004Q2":957.47822,"2004Q1":936.23585,"2003Q4":934,"2003Q3":955.796,"2003Q2":866.974,"2003Q1":916.089,"2002Q4":770.215,"2002Q3":1003.987,"2002Q2":924.692,"2002Q1":1047.001,"2001Q4":1037.14669,"2001Q3":1058.36525,"2001Q2":1005.43295,"2001Q1":1088.41865}},{"p":"ELEC.GEN.HYC-AL-99.Q","c":{"2015Q4":3154.91437,"2015Q3":1772.7802,"2015Q2":2121.83501,"2015Q1":3083.15099,"2014Q4":2563.45678,"2014Q3":1298.7487,"2014Q2":2052.94928,"2014Q1":3551.71725,"2013Q4":2717.20182,"2013Q3":2655.07042,"2013Q2":3365.30652,"2013Q1":4161.59925,"2012Q4":1877.35943,"2012Q3":1268.51097,"2012Q2":703.60309,"2012Q1":3585.74953,"2011Q4":2340.66654,"2011Q3":1315.40388,"2011Q2":2276.10656,"2011Q1":2951.42103,"2010Q4":1677.81004,"2010Q3":1089.36211,"2010Q2":1846.49279,"2010Q1":4090.58906,"2009Q4":4916.32622,"2009Q3":1797.18696,"2009Q2":2830.42906,"2009Q1":2991.43076,"2008Q4":1667.86546,"2008Q3":1018.82438,"2008Q2":1224.45601,"2008Q1":2225.00217,"2007Q4":549.39373,"2007Q3":881.04807,"2007Q2":755.47266,"2007Q1":1950.19954,"2006Q4":1899.38247,"2006Q3":1212.3817,"2006Q2":1586.29924,"2006Q1":2553.72259,"2005Q4":1806.59977,"2005Q3":2466.16358,"2005Q2":2558.58822,"2005Q1":3313.22943,"2004Q4":3803.22013,"2004Q3":2302.52323,"2004Q2":1231.16656,"2004Q1":3289.31109,"2003Q4":2516.894,"2003Q3":2874.429,"2003Q2":3722.203,"2003Q1":3551.341,"2002Q4":3410.284,"2002Q3":1207.074,"2002Q2":1698.124,"2002Q1":2509.305,"2001Q4":1894.702,"2001Q3":1725.684,"2001Q2":1787,"2001Q1":2948.996}},{"p":"ELEC.GEN.WAS-AL-99.Q","c":{"2015Q4":11.91687,"2015Q3":11.60487,"2015Q2":11.54653,"2015Q1":10.82358,"2014Q4":8.44285,"2014Q3":13.94689,"2014Q2":13.07334,"2014Q1":11.47376,"2013Q4":2.63873,"2013Q3":15.00324,"2013Q2":1.68554,"2013Q1":1.86262,"2012Q4":1.93017,"2012Q3":2.35496,"2012Q2":2.15642,"2012Q1":1.34752,"2011Q4":1.60893,"2011Q3":2.79018,"2011Q2":2.4697,"2011Q1":3.02949,"2010Q4":1.5043,"2010Q3":2.75129,"2010Q2":3.8557,"2010Q1":3.42134,"2009Q4":3.95369,"2009Q3":3.97236,"2009Q2":3.3326,"2009Q1":3.22339,"2008Q4":4.38499,"2008Q3":5.03187,"2008Q2":4.60345,"2008Q1":19.67726,"2007Q4":5.91169,"2007Q3":5.98734,"2007Q2":2.48455,"2007Q1":2.35438,"2006Q4":4.68343,"2006Q3":6.05802,"2006Q2":4.16369,"2006Q1":4.54664,"2005Q4":4.26565,"2005Q3":4.3389,"2005Q2":4.05731,"2005Q1":3.7524,"2004Q4":6.104,"2004Q3":7.70786,"2004Q2":4.79695,"2004Q1":4.26772,"2003Q4":6.114,"2003Q3":7.96,"2003Q2":5.006,"2003Q1":4.896,"2002Q4":3.424,"2002Q3":6.196,"2002Q2":4.523,"2002Q1":4.258,"2001Q4":4.36969,"2001Q3":4.41525,"2001Q2":3.91995,"2001Q1":4.40165}},{"p":"ELEC.GEN.WWW-AL-99.Q","c":{"2015Q4":810.99762,"2015Q3":861.81926,"2015Q2":799.52699,"2015Q1":810.63668,"2014Q4":650.88237,"2014Q3":697.82157,"2014Q2":707.82067,"2014Q1":675.55962,"2013Q4":661.12201,"2013Q3":774.69326,"2013Q2":699.737,"2013Q1":718.83602,"2012Q4":654.52854,"2012Q3":725.57682,"2012Q2":694.02818,"2012Q1":694.63137,"2011Q4":652.09463,"2011Q3":714.2459,"2011Q2":720.0313,"2011Q1":720.39177,"2010Q4":571.35195,"2010Q3":614.21604,"2010Q2":581.55695,"2010Q1":598.32846,"2009Q4":758.06589,"2009Q3":845.72588,"2009Q2":727.2145,"2009Q1":704.36874,"2008Q4":769.91839,"2008Q3":878.93039,"2008Q2":826.18885,"2008Q1":848.5782,"2007Q4":920.39816,"2007Q3":1001.7409,"2007Q2":945.98414,"2007Q1":915.75897,"2006Q4":947.9713,"2006Q3":1013.4278,"2006Q2":939.23089,"2006Q1":964.37998,"2005Q4":902.31958,"2005Q3":885.63192,"2005Q2":900.34692,"2005Q1":942.08933,"2004Q4":924.59422,"2004Q3":947.11282,"2004Q2":952.68127,"2004Q1":931.96814,"2003Q4":927.886,"2003Q3":947.836,"2003Q2":861.968,"2003Q1":911.193,"2002Q4":766.791,"2002Q3":997.791,"2002Q2":920.169,"2002Q1":1042.743,"2001Q4":1032.777,"2001Q3":1053.95,"2001Q2":1001.513,"2001Q1":1084.017}},{"p":"ELEC.GEN.TSN-AL-99.Q","c":{"2015Q4":0.6378,"2015Q3":0.88691,"2015Q2":0.93438,"2015Q1":0.66802,"2014Q4":0.61992,"2014Q3":0.86477,"2014Q2":0.89932,"2014Q1":0.63393}},{"p":"ELEC.GEN.DPV-AL-99.Q","c":{"2015Q4":0.6378,"2015Q3":0.88691,"2015Q2":0.93438,"2015Q1":0.66802,"2014Q4":0.61992,"2014Q3":0.86477,"2014Q2":0.89932,"2014Q1":0.63393}},{"p":"ELEC.GEN.ALL-AL-99.Q","c":{"2015Q4":36449.34929,"2015Q3":42487.399,"2015Q2":36631.19486,"2015Q1":37399.0518,"2014Q4":35782.7199,"2014Q3":39830.24185,"2014Q2":36377.50413,"2014Q1":37349.98121,"2013Q4":36745.80434,"2013Q3":40366.46023,"2013Q2":35763.43269,"2013Q1":37697.2266,"2012Q4":35829.41918,"2012Q3":43653.88579,"2012Q2":36158.93556,"2012Q1":37236.44716,"2011Q4":37510.72597,"2011Q3":44137.25322,"2011Q2":36158.73515,"2011Q1":38532.49548,"2010Q4":35307.24608,"2010Q3":41017.16699,"2010Q2":37603.66326,"2010Q1":38222.43574,"2009Q4":35740.96806,"2009Q3":38571.43007,"2009Q2":33147.14539,"2009Q1":35796.01211,"2008Q4":34108.45961,"2008Q3":40024.67568,"2008Q2":35509.96434,"2008Q1":36226.79557,"2007Q4":33525.84096,"2007Q3":42192.89532,"2007Q2":35295.47745,"2007Q1":32812.05709,"2006Q4":34824.8232,"2006Q3":40173.95894,"2006Q2":34773.31918,"2006Q1":31123.33999,"2005Q4":32643.07838,