{"p":"AR","c":[{"p":"ELEC.GEN.NUC-AR-99.Q","v":{"_2015Q4":2884.014,"_2015Q3":3714.607,"_2015Q2":4014.246,"_2015Q1":3224.927,"_2014Q4":4069.779,"_2014Q3":4046.889,"_2014Q2":2594.665,"_2014Q1":3766.926,"_2013Q4":3530.782,"_2013Q3":3139.561,"_2013Q2":1482.426,"_2013Q1":3792.488,"_2012Q4":3859.711,"_2012Q3":3561.586,"_2012Q2":4024.052,"_2012Q1":4047.782,"_2011Q4":3262.787,"_2011Q3":4050.405,"_2011Q2":3706.123,"_2011Q1":3175.13,"_2010Q4":4112.671,"_2010Q3":3743.213,"_2010Q2":3416.703,"_2010Q1":3750.091,"_2009Q4":4051.672,"_2009Q3":3457.141,"_2009Q2":4036.625,"_2009Q1":3624.528,"_2008Q4":3034.279,"_2008Q3":4039.068,"_2008Q2":3742.664,"_2008Q1":3352.08,"_2007Q4":4125.814,"_2007Q3":4063.49,"_2007Q2":3452.974,"_2007Q1":3843.824,"_2006Q4":3365.136,"_2006Q3":3776.469,"_2006Q2":4051.143,"_2006Q1":4039.829,"_2005Q4":2393.298,"_2005Q3":4045.004,"_2005Q2":3764.603,"_2005Q1":3486.666,"_2004Q4":4075.562,"_2004Q3":3984.911,"_2004Q2":3384.152,"_2004Q1":4005.226,"_2003Q4":3068.869,"_2003Q3":3536.93,"_2003Q2":4044.505,"_2003Q1":4039.112,"_2002Q4":3241.683,"_2002Q3":4000.766,"_2002Q2":3432.159,"_2002Q1":3884.276,"_2001Q4":3917.929,"_2001Q3":3873.041,"_2001Q2":3715.836,"_2001Q1":3273.983}},{"p":"ELEC.GEN.AOR-AR-99.Q","v":{"_2015Q4":384.95235,"_2015Q3":353.74762,"_2015Q2":363.17332,"_2015Q1":393.95677,"_2014Q4":410.25673,"_2014Q3":372.66581,"_2014Q2":376.21044,"_2014Q1":371.08367,"_2013Q4":365.1173,"_2013Q3":410.51055,"_2013Q2":412.51985,"_2013Q1":412.66549,"_2012Q4":432.32276,"_2012Q3":410.8798,"_2012Q2":409.44851,"_2012Q1":407.71899,"_2011Q4":417.85978,"_2011Q3":430.98615,"_2011Q2":414.27828,"_2011Q1":404.52149,"_2010Q4":429.5574,"_2010Q3":419.64817,"_2010Q2":392.18111,"_2010Q1":382.5563,"_2009Q4":381.84001,"_2009Q3":403.41938,"_2009Q2":383.06633,"_2009Q1":417.2244,"_2008Q4":372.07976,"_2008Q3":370.77059,"_2008Q2":373.75004,"_2008Q1":396.23231,"_2007Q4":403.02053,"_2007Q3":400.09862,"_2007Q2":394.14548,"_2007Q1":426.47931,"_2006Q4":456.19803,"_2006Q3":440.51101,"_2006Q2":387.46205,"_2006Q1":438.63392,"_2005Q4":454.27227,"_2005Q3":434.04891,"_2005Q2":422.86961,"_2005Q1":424.33255,"_2004Q4":454.75294,"_2004Q3":453.40047,"_2004Q2":439.24477,"_2004Q1":462.98161,"_2003Q4":477.348,"_2003Q3":469.302,"_2003Q2":431.064,"_2003Q1":466.173,"_2002Q4":406.453,"_2002Q3":381.605,"_2002Q2":360.641,"_2002Q1":436.567,"_2001Q4":445.925,"_2001Q3":391.84,"_2001Q2":292.52744,"_2001Q1":381.70497}},{"p":"ELEC.GEN.HYC-AR-99.Q","v":{"_2015Q4":941.45491,"_2015Q3":1133.49055,"_2015Q2":883.04796,"_2015Q1":705.12465,"_2014Q4":448.09223,"_2014Q3":624.089,"_2014Q2":852.80506,"_2014Q1":714.78972,"_2013Q4":511.21077,"_2013Q3":856.34191,"_2013Q2":926.82393,"_2013Q1":360.36384,"_2012Q4":172.05012,"_2012Q3":234.67274,"_2012Q2":837.38077,"_2012Q1":954.36838,"_2011Q4":672.3875,"_2011Q3":931.46722,"_2011Q2":872.00612,"_2011Q1":481.98418,"_2010Q4":302.31019,"_2010Q3":779.99966,"_2010Q2":1122.42642,"_2010Q1":1454.22574,"_2009Q4":1183.24285,"_2009Q3":995.88692,"_2009Q2":1052.80454,"_2009Q1":960.7717,"_2008Q4":1112.01348,"_2008Q3":1440.18269,"_2008Q2":1345.53245,"_2008Q1":762.5684,"_2007Q4":485.27859,"_2007Q3":812.29952,"_2007Q2":775.06102,"_2007Q1":1164.11388,"_2006Q4":424.16188,"_2006Q3":378.41159,"_2006Q2":469.54526,"_2006Q1":278.43929,"_2005Q4":279.08006,"_2005Q3":796.51722,"_2005Q2":837.97294,"_2005Q1":1168.94577,"_2004Q4":854.32494,"_2004Q3":951.21276,"_2004Q2":1097.50773,"_2004Q1":740.39358,"_2003Q4":458.309,"_2003Q3":682.052,"_2003Q2":817.231,"_2003Q1":697.027,"_2002Q4":458.938,"_2002Q3":1013.084,"_2002Q2":1019.135,"_2002Q1":944.672,"_2001Q4":488.185,"_2001Q3":554.247,"_2001Q2":621.782,"_2001Q1":884.038}},{"p":"ELEC.GEN.HPS-AR-99.Q","v":{"_2015Q4":3.606,"_2015Q3":9.253,"_2015Q2":16.303,"_2015Q1":2.505,"_2014Q4":1.704,"_2014Q3":18.167,"_2014Q2":29.096,"_2014Q1":18.103,"_2013Q4":0.469,"_2013Q3":12.631,"_2013Q2":15.348,"_2013Q1":2.37,"_2012Q4":3.82,"_2012Q3":6.684,"_2012Q2":2.325,"_2012Q1":29.581,"_2011Q4":8.037,"_2011Q3":10.31,"_2011Q2":16.084,"_2011Q1":0,"_2010Q4":-0.236,"_2010Q3":0,"_2010Q2":-0.194,"_2010Q1":-0.091,"_2009Q4":0.043,"_2009Q3":51.493,"_2009Q2":36.676,"_2009Q1":12.153,"_2008Q4":6.633,"_2008Q3":16.637,"_2008Q2":13.713,"_2008Q1":10.574,"_2007Q4":1.907,"_2007Q3":10.793,"_2007Q2":4.904,"_2007Q1":12,"_2006Q4":2.293,"_2006Q3":5.379,"_2006Q2":3.243,"_2006Q1":3.804,"_2005Q4":3.096,"_2005Q3":7.487,"_2005Q2":2.648,"_2005Q1":7.471,"_2004Q4":6.827,"_2004Q3":10.532,"_2004Q2":7.386,"_2004Q1":0,"_2003Q4":1.341,"_2003Q3":2.717,"_2003Q2":5.329,"_2003Q1":0.698,"_2002Q4":0,"_2002Q3":0,"_2002Q2":0,"_2002Q1":0,"_2001Q4":0,"_2001Q3":0,"_2001Q2":0,"_2001Q1":0}},{"p":"ELEC.GEN.WAS-AR-99.Q","v":{"_2015Q4":31.67488,"_2015Q3":21.74662,"_2015Q2":23.02062,"_2015Q1":30.04236,"_2014Q4":28.29737,"_2014Q3":22.36181,"_2014Q2":23.05381,"_2014Q1":28.56072,"_2013Q4":22.80825,"_2013Q3":26.07579,"_2013Q2":29.42212,"_2013Q1":26.91231,"_2012Q4":19.52534,"_2012Q3":20.94745,"_2012Q2":19.721,"_2012Q1":10.28542,"_2011Q4":21.32118,"_2011Q3":26.51061,"_2011Q2":19.69509,"_2011Q1":13.48137,"_2010Q4":13.43542,"_2010Q3":14.26144,"_2010Q2":14.0363,"_2010Q1":15.22613,"_2009Q4":9.08622,"_2009Q3":14.63078,"_2009Q2":16.11638,"_2009Q1":17.21619,"_2008Q4":11.00533,"_2008Q3":11.49194,"_2008Q2":12.16873,"_2008Q1":12.10401,"_2007Q4":9.68928,"_2007Q3":11.49188,"_2007Q2":10.4901,"_2007Q1":11.27003,"_2006Q4":14.50725,"_2006Q3":5.94844,"_2006Q2":5.80744,"_2006Q1":7.16289,"_2005Q4":7.13165,"_2005Q3":7.27706,"_2005Q2":6.60951,"_2005Q1":6.67493,"_2004Q4":8.15238,"_2004Q3":8.15238,"_2004Q2":8.15238,"_2004Q1":8.15238,"_2003Q4":22.492,"_2003Q3":27.861,"_2003Q2":23.438,"_2003Q1":20.981,"_2002Q4":1.266,"_2002Q3":1.065,"_2002Q2":1.223,"_2002Q1":1.104,"_2001Q4":1.717,"_2001Q3":1.726,"_2001Q2":2.01044,"_2001Q1":1.84997}},{"p":"ELEC.GEN.WWW-AR-99.Q","v":{"_2015Q4":351.8345,"_2015Q3":332.001,"_2015Q2":340.1527,"_2015Q1":363.9144,"_2014Q4":381.95936,"_2014Q3":350.30401,"_2014Q2":353.15663,"_2014Q1":342.52295,"_2013Q4":342.30906,"_2013Q3":384.43476,"_2013Q2":383.09773,"_2013Q1":385.75319,"_2012Q4":412.79744,"_2012Q3":389.93235,"_2012Q2":389.72751,"_2012Q1":397.43357,"_2011Q4":396.53859,"_2011Q3":404.47554,"_2011Q2":394.5832,"_2011Q1":391.04011,"_2010Q4":416.12198,"_2010Q3":405.38673,"_2010Q2":378.14479,"_2010Q1":367.33018,"_2009Q4":372.75379,"_2009Q3":388.78861,"_2009Q2":366.94995,"_2009Q1":400.00821,"_2008Q4":361.07443,"_2008Q3":359.27868,"_2008Q2":361.58132,"_2008Q1":384.12831,"_2007Q4":393.33124,"_2007Q3":388.60674,"_2007Q2":383.65536,"_2007Q1":415.20928,"_2006Q4":441.69077,"_2006Q3":434.56256,"_2006Q2":381.65463,"_2006Q1":431.47103,"_2005Q4":447.14062,"_2005Q3":426.77184,"_2005Q2":416.26012,"_2005Q1":417.65762,"_2004Q4":446.60056,"_2004Q3":445.24809,"_2004Q2":431.0924,"_2004Q1":454.82925,"_2003Q4":454.856,"_2003Q3":441.442,"_2003Q2":407.628,"_2003Q1":445.192,"_2002Q4":405.187,"_2002Q3":380.54,"_2002Q2":359.418,"_2002Q1":435.463,"_2001Q4":444.208,"_2001Q3":390.114,"_2001Q2":290.517,"_2001Q1":379.855}},{"p":"ELEC.GEN.TSN-AR-99.Q","v":{"_2015Q4":null,"_2015Q3":1.60449,"_2015Q2":1.5476,"_2015Q1":1.066,"_2014Q4":1.03285,"_2014Q3":1.47323,"_2014Q2":1.427,"_2014Q1":0.91731}},{"p":"ELEC.GEN.DPV-AR-99.Q","v":{"_2015Q4":1.18938,"_2015Q3":1.60449,"_2015Q2":1.5476,"_2015Q1":1.066,"_2014Q4":1.03285,"_2014Q3":1.47323,"_2014Q2":1.427,"_2014Q1":0.91731}},{"p":"ELEC.GEN.ALL-AR-99.Q","v":{"_2015Q4":10118.37482,"_2015Q3":16823.43984,"_2015Q2":14475.22346,"_2015Q1":14264.9623,"_2014Q4":14077.98731,"_2014Q3":16598.46126,"_2014Q2":14674.73513,"_2014Q1":16240.95296,"_2013Q4":13885.74506,"_2013Q3":17258.39721,"_2013Q2":13242.12267,"_2013Q1":15936.2272,"_2012Q4":14013.28846,"_2012Q3":17366.44334,"_2012Q2":16950.01681,"_2012Q1":16675.92938,"_2011Q4":13727.94869,"_2011Q3":18417.78791,"_2011Q2":14650.40886,"_2011Q1":14511.39044,"_2010Q4":13792.01732,"_2010Q3":17981.86664,"_2010Q2":15096.74683,"_2010Q1":14129.55376,"_2009Q4":13319.6876,"_2009Q3":16611.35175,"_2009Q2":14299.2581,"_2009Q1":13227.4416,"_2008Q4":13273.70822,"_2008Q3":15967.15913,"_2008Q2":13075.04763,"_2008Q1":12734.61285,