{"p":"AZ","c":[{"p":"ELEC.GEN.NUC-AZ-99.Q","v":{"_2015Q4":7568.152,"_2015Q3":8713.523,"_2015Q2":7619.812,"_2015Q1":8624.108,"_2014Q4":7471.712,"_2014Q3":8668.507,"_2014Q2":7550.721,"_2014Q1":8629.977,"_2013Q4":6608.304,"_2013Q3":8665.431,"_2013Q2":7716.606,"_2013Q1":8440.739,"_2012Q4":7268.336,"_2012Q3":8528.833,"_2012Q2":8027.743,"_2012Q1":8109.004,"_2011Q4":7012.926,"_2011Q3":8367.653,"_2011Q2":7483.462,"_2011Q1":8413.822,"_2010Q4":7454.94,"_2010Q3":8707.515,"_2010Q2":6910.679,"_2010Q1":8126.801,"_2009Q4":6434.284,"_2009Q3":8741.516,"_2009Q2":6920.512,"_2009Q1":8565.539,"_2008Q4":6482.45,"_2008Q3":8434.717,"_2008Q2":6378.337,"_2008Q1":7954.992,"_2007Q4":4915.425,"_2007Q3":7622.966,"_2007Q2":6342.815,"_2007Q1":7901.185,"_2006Q4":6418.636,"_2006Q3":7567.585,"_2006Q2":4115.199,"_2006Q1":5910.811,"_2005Q4":5144.67,"_2005Q3":7376.822,"_2005Q2":5564.305,"_2005Q1":7721.649,"_2004Q4":6216.934,"_2004Q3":8123.899,"_2004Q2":6390.468,"_2004Q1":7381.308,"_2003Q4":5949.582,"_2003Q3":7663.76,"_2003Q2":7042.705,"_2003Q1":7925.006,"_2002Q4":7199.098,"_2002Q3":8201.217,"_2002Q2":7706.777,"_2002Q1":7754.819,"_2001Q4":6249.262,"_2001Q3":7973.319,"_2001Q2":6828.229,"_2001Q1":7673.266}},{"p":"ELEC.GEN.AOR-AZ-99.Q","v":{"_2015Q4":922.06159,"_2015Q3":1185.33353,"_2015Q2":1273.45564,"_2015Q1":817.84503,"_2014Q4":781.29595,"_2014Q3":1026.57809,"_2014Q2":1205.7527,"_2014Q1":826.73932,"_2013Q4":804.19369,"_2013Q3":696.08095,"_2013Q2":723.36016,"_2013Q1":509.00898,"_2012Q4":507.68948,"_2012Q3":498.55917,"_2012Q2":439.94607,"_2012Q1":251.45775,"_2011Q4":152.72936,"_2011Q3":100.47513,"_2011Q2":157.86429,"_2011Q1":118.31809,"_2010Q4":89.67103,"_2010Q3":64.27298,"_2010Q2":93.36801,"_2010Q1":71.59482,"_2009Q4":75.61833,"_2009Q3":48.02115,"_2009Q2":41.04779,"_2009Q1":37.63351,"_2008Q4":41.67171,"_2008Q3":42.66282,"_2008Q2":19.73567,"_2008Q1":9.58766,"_2007Q4":10.0863,"_2007Q3":10.21197,"_2007Q2":12.48273,"_2007Q1":8.85788,"_2006Q4":9.83424,"_2006Q3":13.5116,"_2006Q2":13.0712,"_2006Q1":17.15032,"_2005Q4":17.30145,"_2005Q3":19.60178,"_2005Q2":19.77969,"_2005Q1":17.3116,"_2004Q4":13.17533,"_2004Q3":11.55812,"_2004Q2":12.36753,"_2004Q1":11.16165,"_2003Q4":11.459,"_2003Q3":12.483,"_2003Q2":14.034,"_2003Q1":7.293,"_2002Q4":13.70212,"_2002Q3":11.53579,"_2002Q2":12.07157,"_2002Q1":16.49452,"_2001Q4":11.412,"_2001Q3":16.334,"_2001Q2":10.263,"_2001Q1":1.428}},{"p":"ELEC.GEN.HYC-AZ-99.Q","v":{"_2015Q4":1389.72142,"_2015Q3":1879.42159,"_2015Q2":1735.12071,"_2015Q1":1530.74617,"_2014Q4":1427.81537,"_2014Q3":1686.26217,"_2014Q2":1546.18917,"_2014Q1":1457.99429,"_2013Q4":1168.04798,"_2013Q3":1556.11646,"_2013Q2":1643.18962,"_2013Q1":1547.30394,"_2012Q4":1307.13721,"_2012Q3":1644.77069,"_2012Q2":1896.26611,"_2012Q1":1868.76001,"_2011Q4":1990.68166,"_2011Q3":2684.25455,"_2011Q2":2548.60014,"_2011Q1":1950.55566,"_2010Q4":1706.20695,"_2010Q3":1734.98443,"_2010Q2":1695.04035,"_2010Q1":1485.92829,"_2009Q4":1368.33718,"_2009Q3":1613.59186,"_2009Q2":1671.7335,"_2009Q1":1773.68246,"_2008Q4":1520.2539,"_2008Q3":1848.83425,"_2008Q2":2039.86997,"_2008Q1":1876.94389,"_2007Q4":1553.31139,"_2007Q3":1791.44972,"_2007Q2":1856.32225,"_2007Q1":1396.58763,"_2006Q4":1429.97611,"_2006Q3":1769.01322,"_2006Q2":1940.75458,"_2006Q1":1653.16009,"_2005Q4":1513.9648,"_2005Q3":1752.45118,"_2005Q2":1849.41621,"_2005Q1":1294.23202,"_2004Q4":1184.73738,"_2004Q3":1811.81393,"_2004Q2":1958.54113,"_2004Q1":2018.05456,"_2003Q4":1459.546,"_2003Q3":1882.123,"_2003Q2":2050.532,"_2003Q1":1682.783,"_2002Q4":1249.708,"_2002Q3":1968.164,"_2002Q2":2123.551,"_2002Q1":2085.756,"_2001Q4":1714.87,"_2001Q3":1980.009,"_2001Q2":2066.782,"_2001Q1":1861.904}},{"p":"ELEC.GEN.SUN-AZ-99.Q","v":{"_2015Q4":718.95533,"_2015Q3":1030.52002,"_2015Q2":1088.25937,"_2015Q1":678.24935,"_2014Q4":619.37026,"_2014Q3":890.38467,"_2014Q2":968.6995,"_2014Q1":663.05344,"_2013Q4":641.34243,"_2013Q3":584.87861,"_2013Q2":539.05098,"_2013Q1":346.16664,"_2012Q4":335.41384,"_2012Q3":348.17912,"_2012Q2":228.82045,"_2012Q1":43.02991,"_2011Q4":54.98573,"_2011Q3":11.66665,"_2011Q2":10.02331,"_2011Q1":6.6731,"_2010Q4":4.48051,"_2010Q3":3.43496,"_2010Q2":4.83989,"_2010Q1":2.99855,"_2009Q4":3.2165,"_2009Q3":3.03249,"_2009Q2":3.95432,"_2009Q1":3.9417,"_2008Q4":3.56223,"_2008Q3":3.72118,"_2008Q2":3.41211,"_2008Q1":4.02849,"_2007Q4":1.14995,"_2007Q3":2.23773,"_2007Q2":3.9027,"_2007Q1":1.35862,"_2006Q4":0.90222,"_2006Q3":4.56429,"_2006Q2":4.84751,"_2006Q1":2.81999,"_2005Q4":2.64777,"_2005Q3":4.12419,"_2005Q2":4.51387,"_2005Q1":2.29517,"_2004Q4":0.93342,"_2004Q3":1.00522,"_2004Q2":1.22062,"_2004Q1":1.10575,"_2003Q4":0.069,"_2003Q3":0.091,"_2003Q2":0.148,"_2003Q1":0.087,"_2002Q4":0.067,"_2002Q3":0.115,"_2002Q2":0.152,"_2002Q1":0.125,"_2001Q4":0.13,"_2001Q3":0.222,"_2001Q2":0.137,"_2001Q1":0}},{"p":"ELEC.GEN.WND-AZ-99.Q","v":{"_2015Q4":141.846,"_2015Q3":92.22943,"_2015Q2":130.73364,"_2015Q1":80.64374,"_2014Q4":103.42632,"_2014Q3":74.8109,"_2014Q2":182.14805,"_2014Q1":107.72974,"_2013Q4":103.19429,"_2013Q3":72.09906,"_2013Q2":163.39884,"_2013Q1":111.07181,"_2012Q4":120.5132,"_2012Q3":94.67967,"_2012Q2":162.27184,"_2012Q1":154.17519,"_2011Q4":49.94566,"_2011Q3":33.57835,"_2011Q2":104.815,"_2011Q1":67.24,"_2010Q4":43.833,"_2010Q3":19.233,"_2010Q2":43.949,"_2010Q1":27.901,"_2009Q4":29.545}},{"p":"ELEC.GEN.SPV-AZ-99.Q","v":{"_2015Q4":593.51733,"_2015Q3":789.69302,"_2015Q2":826.80337,"_2015Q1":587.12735,"_2014Q4":505.58126,"_2014Q3":715.51167,"_2014Q2":764.9225,"_2014Q1":551.92544,"_2013Q4":552.09443,"_2013Q3":584.87861,"_2013Q2":539.05098,"_2013Q1":346.16664,"_2012Q4":335.41384,"_2012Q3":348.17912,"_2012Q2":228.82045,"_2012Q1":43.01291,"_2011Q4":54.98573,"_2011Q3":10.92833,"_2011Q2":9.17318,"_2011Q1":6.3448,"_2010Q4":3.84533,"_2010Q3":2.8519,"_2010Q2":3.88234,"_2010Q1":2.50232,"_2009Q4":3.1555,"_2009Q3":2.80049,"_2009Q2":3.80732,"_2009Q1":3.8527,"_2008Q4":3.49723,"_2008Q3":3.53818,"_2008Q2":3.08411,"_2008Q1":3.83049,"_2007Q4":1.05195,"_2007Q3":1.97873,"_2007Q2":3.3217,"_2007Q1":1.21062,"_2006Q4":0.82822,"_2006Q3":4.45429,"_2006Q2":4.84751,"_2006Q1":2.81999,"_2005Q4":2.64777,"_2005Q3":4.12419,"_2005Q2":4.51387,"_2005Q1":2.29517,"_2004Q4":0.93342,"_2004Q3":1.00522,"_2004Q2":1.22062,"_2004Q1":1.10575,"_2003Q4":0.069,"_2003Q3":0.091,"_2003Q2":0.148,"_2003Q1":0.087}},{"p":"ELEC.GEN.STH-AZ-99.Q","v":{"_2015Q4":125.438,"_2015Q3":240.827,"_2015Q2":261.456,"_2015Q1":91.122,"_2014Q4":113.789,"_2014Q3":174.873,"_2014Q2":203.777,"_2014Q1":111.128,"_2013Q4":89.248,"_2013Q3":0,"_2013Q2":0,"_2013Q1":0,"_2012Q4":0,"_2012Q3":0,"_2012Q2":0,"_2012Q1":0.017,"_2011Q4":0,"_2011Q3":0.73831,"_2011Q2":0.85013,"_2011Q1":0.3283,"_2010Q4":0.63517,"_2010Q3":0.58306,"_2010Q2":0.95754,"_2010Q1":0.49623,"_2009Q4":0.061,"_2009Q3":0.232,"_2009Q2":0.147,"_2009Q1":0.089,"_2008Q4":0.065,"_2008Q3":0.183,"_2008Q2":0.328,"_2008Q1":0.198,"_2007Q4":0.098,"_2007Q3":0.259,"_2007Q2":0.581,"_2007Q1":0.148,"_2006Q4":0.074,"_2006Q3":0.11,"_2006Q2":0,"_2006Q1":0}},{"p":"ELEC.GEN.HPS-AZ-99.Q","v":{"_2015Q4":1.145,"_2015Q3":55.099,"_2015Q2":28.188,"_2015Q1":-11.362,"_2014Q4":-20.713,"_2014Q3":23.093,"_2014Q2":19.563,"_2014Q1":-8.051,"_2013Q4":-24.208,"_2013Q3":31.437,"_2013Q2":17.648,"_2013Q1":-0.606,"_2012Q4":10.952,"_2012Q3":36.586,"_2012Q2":32.938,"_2012Q1":-1.031,"_2011Q4":5.818,"_2011Q3":93.342,"_2011Q2":34.554,"_2011Q1":-12.695,"_2010Q4":-10.741,"_2010Q3":60.088,"_2010Q2":82.507,"_2010Q1":77.176,"_2009Q4":4.324,"_2009Q3":89.758,"_2009Q2":40.74,"_2009Q1":34.658,"_2008Q4":-7.257,"_2008Q3":74.027,"_2008Q2":30.556,"_2008Q1":-2.796,"_2007Q4":2.273,"_2007Q3":85.148,"_2007Q2":46.953,"_2007Q1":-8.963,"_2006Q4":5.771,"_2006Q3":87.332,"_2006Q2":57.415,"_2006Q1":-1.966,"_2005Q4":9.86407,"_2005Q3":42.43386,"_2005Q2":59.09812,"_2005Q1":-4.03102,"_2004Q4":-28.127,"_2004Q3":-1.287,"_2004Q2":-3.777,"_2004Q1":-20.249,"_2003Q4":52.869,"_2003Q3":99.848,"_2003Q2":75.384,"_2003Q1":55.489,"_2002Q4":57.154,"_2002Q3":39.7,"_2002Q2":14.02,"_2002Q1":13.09,"_2001Q4":42.025,"_2001Q3":100.817,"_2001Q2":81.398,"_2001Q1":52.054}},{"p":"ELEC.GEN.WAS-AZ-99.Q",