{"p":"CO","c":[{"p":"ELEC.GEN.OOG-CO-99.Q","v":{"_2010Q4":0,"_2010Q3":0,"_2010Q2":0,"_2010Q1":0,"_2009Q4":0,"_2009Q3":0,"_2009Q2":0,"_2009Q1":0,"_2008Q4":0,"_2008Q3":0,"_2008Q2":0,"_2008Q1":0,"_2007Q4":0.39178,"_2007Q3":0.53936,"_2007Q2":0.38102,"_2007Q1":0.5993,"_2006Q4":0.808,"_2006Q3":0.495,"_2006Q2":0.897,"_2006Q1":0.319,"_2005Q4":0.631,"_2005Q3":0.439,"_2005Q2":0.56,"_2005Q1":0.8,"_2004Q4":0.468,"_2004Q3":0.51,"_2004Q2":0.432,"_2004Q1":0.343,"_2003Q4":0.926,"_2003Q3":0.499,"_2003Q2":1.384,"_2003Q1":1.192,"_2002Q4":0.529,"_2002Q3":0.657,"_2002Q2":0.882,"_2002Q1":0.816}},{"p":"ELEC.GEN.AOR-CO-99.Q","v":{"_2015Q4":2262.78504,"_2015Q3":1590.76762,"_2015Q2":1841.94252,"_2015Q1":2166.07549,"_2014Q4":2181.09969,"_2014Q3":1408.88289,"_2014Q2":2028.00766,"_2014Q1":2129.39558,"_2013Q4":2069.26228,"_2013Q3":1520.80888,"_2013Q2":1803.74628,"_2013Q1":2142.5658,"_2012Q4":1709.77415,"_2012Q3":1195.06738,"_2012Q2":1531.83518,"_2012Q1":1755.40509,"_2011Q4":1651.22887,"_2011Q3":1036.03645,"_2011Q2":1452.72822,"_2011Q1":1226.6561,"_2010Q4":1060.34425,"_2010Q3":700.63651,"_2010Q2":992.17121,"_2010Q1":801.38055,"_2009Q4":909.59207,"_2009Q3":621.85588,"_2009Q2":725.4208,"_2009Q1":989.10416,"_2008Q4":933.86537,"_2008Q3":543.34826,"_2008Q2":860.10887,"_2008Q1":947.12869,"_2007Q4":652.64388,"_2007Q3":244.83599,"_2007Q2":194.40012,"_2007Q1":232.94912,"_2006Q4":245.11348,"_2006Q3":171.31533,"_2006Q2":231.95407,"_2006Q1":247.84492,"_2005Q4":178.03865,"_2005Q3":175.77923,"_2005Q2":159.03365,"_2005Q1":297.70902,"_2004Q4":124.44075,"_2004Q3":34.57412,"_2004Q2":42.76944,"_2004Q1":53.3366,"_2003Q4":49.731,"_2003Q3":34.024,"_2003Q2":42.686,"_2003Q1":52.138,"_2002Q4":44.191,"_2002Q3":33.425,"_2002Q2":41.248,"_2002Q1":49.975,"_2001Q4":41.64,"_2001Q3":23.004,"_2001Q2":23.042,"_2001Q1":25.157}},{"p":"ELEC.GEN.HYC-CO-99.Q","v":{"_2015Q4":307.58315,"_2015Q3":345.53123,"_2015Q2":391.4788,"_2015Q1":446.95052,"_2014Q4":145.73828,"_2014Q3":406.15478,"_2014Q2":622.365,"_2014Q1":595.54286,"_2013Q4":116.81481,"_2013Q3":212.25887,"_2013Q2":434.05426,"_2013Q1":449.74409,"_2012Q4":284.87985,"_2012Q3":492.26252,"_2012Q2":399.94163,"_2012Q1":320.12498,"_2011Q4":268.53417,"_2011Q3":489.81431,"_2011Q2":706.32685,"_2011Q1":617.94608,"_2010Q4":95.68442,"_2010Q3":527.22409,"_2010Q2":431.5344,"_2010Q1":523.82069,"_2009Q4":311.06564,"_2009Q3":479.57254,"_2009Q2":588.40327,"_2009Q1":506.68256,"_2008Q4":354.05531,"_2008Q3":573.22557,"_2008Q2":606.92285,"_2008Q1":505.12325,"_2007Q4":393.96491,"_2007Q3":575.52347,"_2007Q2":335.9762,"_2007Q1":424.06805,"_2006Q4":307.87338,"_2006Q3":544.51906,"_2006Q2":517.96951,"_2006Q1":420.84508,"_2005Q4":199.52723,"_2005Q3":397.93976,"_2005Q2":439.52797,"_2005Q1":378.30104,"_2004Q4":211.31805,"_2004Q3":469.4157,"_2004Q2":282.78285,"_2004Q1":231.14839,"_2003Q4":255.272,"_2003Q3":508.475,"_2003Q2":311.203,"_2003Q1":187.248,"_2002Q4":155.306,"_2002Q3":351.293,"_2002Q2":415.409,"_2002Q1":286.998,"_2001Q4":280.671,"_2001Q3":495.528,"_2001Q2":422.311,"_2001Q1":296.188}},{"p":"ELEC.GEN.SUN-CO-99.Q","v":{"_2015Q4":63.23799,"_2015Q3":82.80556,"_2015Q2":84.28057,"_2015Q1":58.52247,"_2014Q4":49.05376,"_2014Q3":72.34449,"_2014Q2":73.15386,"_2014Q1":58.51291,"_2013Q4":55.19547,"_2013Q3":70.85031,"_2013Q2":70.30637,"_2013Q1":52.10032,"_2012Q4":50.01116,"_2012Q3":56.11223,"_2012Q2":50.57375,"_2012Q1":8.75188,"_2011Q4":21.73813,"_2011Q3":29.93431,"_2011Q2":34.38115,"_2011Q1":18.58202,"_2010Q4":13.3425,"_2010Q3":14.8312,"_2010Q2":10.89989,"_2010Q1":3.42421,"_2009Q4":3.98255,"_2009Q3":8.94177,"_2009Q2":8.67936,"_2009Q1":3.98134,"_2008Q4":2.89041,"_2008Q3":5.8015,"_2008Q2":6.86638,"_2008Q1":2.79572,"_2007Q4":2.208,"_2007Q3":0,"_2007Q2":0,"_2007Q1":0}},{"p":"ELEC.GEN.WND-CO-99.Q","v":{"_2015Q4":2165.3487,"_2015Q3":1474.96794,"_2015Q2":1727.95963,"_2015Q1":2073.08821,"_2014Q4":2103.40575,"_2014Q3":1304.01411,"_2014Q2":1922.83625,"_2014Q1":2038.3579,"_2013Q4":1991.23826,"_2013Q3":1429.10225,"_2013Q2":1712.68556,"_2013Q1":2070.69413,"_2012Q4":1644.66714,"_2012Q3":1124.3878,"_2012Q2":1466.93849,"_2012Q1":1732.64983,"_2011Q4":1613.42944,"_2011Q3":990.05748,"_2011Q2":1403.22293,"_2011Q1":1193.61199,"_2010Q4":1031.98371,"_2010Q3":670.85315,"_2010Q2":964.86178,"_2010Q1":784.15236,"_2009Q4":891.42841,"_2009Q3":598.3823,"_2009Q2":702.44767,"_2009Q1":971.57753,"_2008Q4":917.55886,"_2008Q3":523.89778,"_2008Q2":843.89884,"_2008Q1":935.4878,"_2007Q4":642.0101,"_2007Q3":237.31736,"_2007Q2":186.31033,"_2007Q1":225.87833,"_2006Q4":236.89044,"_2006Q3":164.26284,"_2006Q2":225.10122,"_2006Q1":239.28151,"_2005Q4":169.92369,"_2005Q3":166.98824,"_2005Q2":150.27214,"_2005Q1":289.04993,"_2004Q4":115.63052,"_2004Q3":25.85088,"_2004Q2":34.04622,"_2004Q1":44.61337,"_2003Q4":42.021,"_2003Q3":26.285,"_2003Q2":33.671,"_2003Q1":45.132,"_2002Q4":36.638,"_2002Q3":27.457,"_2002Q2":32.848,"_2002Q1":42.062,"_2001Q4":26.265,"_2001Q3":6.479,"_2001Q2":7.223,"_2001Q1":8.673}},{"p":"ELEC.GEN.SPV-CO-99.Q","v":{"_2015Q4":63.23799,"_2015Q3":82.80556,"_2015Q2":84.28057,"_2015Q1":58.52247,"_2014Q4":49.05376,"_2014Q3":72.34449,"_2014Q2":73.15386,"_2014Q1":58.51291,"_2013Q4":55.19547,"_2013Q3":70.85031,"_2013Q2":70.30637,"_2013Q1":52.10032,"_2012Q4":50.01116,"_2012Q3":56.11223,"_2012Q2":50.57375,"_2012Q1":8.75188,"_2011Q4":21.73813,"_2011Q3":29.93431,"_2011Q2":34.38115,"_2011Q1":18.58202,"_2010Q4":13.3425,"_2010Q3":14.8312,"_2010Q2":10.89989,"_2010Q1":3.42421,"_2009Q4":3.98255,"_2009Q3":8.94177,"_2009Q2":8.67936,"_2009Q1":3.98134,"_2008Q4":2.89041,"_2008Q3":5.8015,"_2008Q2":6.86638,"_2008Q1":2.79572,"_2007Q4":2.208,"_2007Q3":0,"_2007Q2":0,"_2007Q1":0}},{"p":"ELEC.GEN.HPS-CO-99.Q","v":{"_2015Q4":-66.831,"_2015Q3":-69.223,"_2015Q2":-70.563,"_2015Q1":-71.906,"_2014Q4":-66.892,"_2014Q3":-88.135,"_2014Q2":-40.011,"_2014Q1":-30.226,"_2013Q4":-56.701,"_2013Q3":-82.373,"_2013Q2":-73.747,"_2013Q1":-67.612,"_2012Q4":-51.493,"_2012Q3":-70.2,"_2012Q2":-70.799,"_2012Q1":-51.976,"_2011Q4":-42.874,"_2011Q3":-78.617,"_2011Q2":-74.646,"_2011Q1":-47.242,"_2010Q4":-54.179,"_2010Q3":-27.31,"_2010Q2":-20.246,"_2010Q1":-19.057,"_2009Q4":-6.019,"_2009Q3":-43.858,"_2009Q2":-34.788,"_2009Q1":-23.993,"_2008Q4":-55.227,"_2008Q3":-84.278,"_2008Q2":-76.791,"_2008Q1":-32.812,"_2007Q4":-14.976,"_2007Q3":-65.317,"_2007Q2":-52.705,"_2007Q1":-35.063,"_2006Q4":-50.664,"_2006Q3":-66.551,"_2006Q2":-55.749,"_2006Q1":-27.538,"_2005Q4":-35.107,"_2005Q3":-50.005,"_2005Q2":-6,"_2005Q1":-30.951,"_2004Q4":-43.692,"_2004Q3":-36.287,"_2004Q2":-54.16,"_2004Q1":-57.662,"_2003Q4":-47.091,"_2003Q3":-58.835,"_2003Q2":-52.221,"_2003Q1":-45.493,"_2002Q4":-60.405,"_2002Q3":-51.768,"_2002Q2":-39.844,"_2002Q1":-68.247,"_2001Q4":-69.958,"_2001Q3":-82.641,"_2001Q2":-36.525,"_2001Q1":-61.458}},{"p":"ELEC.GEN.WAS-CO-99.Q","v":{"_2015Q4":22.27244,"_2015Q3":19.31612,"_2015Q2":19.05398,"_2015Q1":21.95316,"_2014Q4":19.63018,"_2014Q3":19.9383,"_2014Q2":20.02538,"_2014Q1":19.47983,"_2013Q4":21.28119,"_2013Q3":20.54751,"_2013Q2":20.0005,"_2013Q1":19.29204,"_2012Q4":14.82854,"_2012Q3":14.56735,"_2012Q2":14.32294,"_2012Q1":14.0034,"_2011Q4":16.0613,"_2011Q3":15.88608,"_2011Q2":15.11061,"_2011Q1":14.4621,"_2010Q4":14.81212,"_2010Q3":14.84479,"_2010Q2":14.60321,"_2010Q1":13.71879,"_2009Q4":14.14435,"_2009Q3":14.50386,"_2009Q2":14.1399,"_2009Q1":13.37609,"_2008Q4":13.32395,"_2008Q3":13.60616,"_2008Q2":9.34366,"_2008Q1":8.84518,"_2007Q4":8.42578,"_2007Q3":7.51863,"_2007Q2":8.08981,"_2007Q1":7.07078,"_2006Q4":8.22304,"_2006Q3":7.05249,"_2006Q2":6.85285,"_2006Q1":8.56341,"_2005Q4":8.11496,"_2005Q3":8.79098,"_2005Q2":8.44452,"_2005Q1":8.5281,"_2004Q4":8.72322,"_2004Q3":8.72322,"_2004Q2":8.72322,"_2004Q1":8.72322,"_2003Q4":7.71,"_2003Q3":7.739,"_2003Q2":9.015,"_2003Q1":7.006,"_2002Q4":7.553,"_2002Q3":5.968,"_2002Q2":8.4,"_2002Q1":7.913,"_2001Q4":15.375,"_2001Q3":16.525,"_2001Q2":15.819,"_2001Q1":16.484}},{"p":"ELEC.GEN.WWW-CO-99.Q","v":{"_2015Q4":null,"_2015Q3":null,"_2015Q2":null,"_2015Q1":null,"_2014Q4":9.01,"_2014Q3":12.586,"_2014Q2":11.99218,"_2014Q1":13.04494,"_2013Q4":1.54736,"_2013Q3":0.30882,