{"p":"CO","c":[{"p":"ELEC.GEN.OOG-CO-99.Q","c":{"2010Q4":0,"2010Q3":0,"2010Q2":0,"2010Q1":0,"2009Q4":0,"2009Q3":0,"2009Q2":0,"2009Q1":0,"2008Q4":0,"2008Q3":0,"2008Q2":0,"2008Q1":0,"2007Q4":0.39178,"2007Q3":0.53936,"2007Q2":0.38102,"2007Q1":0.5993,"2006Q4":0.808,"2006Q3":0.495,"2006Q2":0.897,"2006Q1":0.319,"2005Q4":0.631,"2005Q3":0.439,"2005Q2":0.56,"2005Q1":0.8,"2004Q4":0.468,"2004Q3":0.51,"2004Q2":0.432,"2004Q1":0.343,"2003Q4":0.926,"2003Q3":0.499,"2003Q2":1.384,"2003Q1":1.192,"2002Q4":0.529,"2002Q3":0.657,"2002Q2":0.882,"2002Q1":0.816}},{"p":"ELEC.GEN.AOR-CO-99.Q","c":{"2015Q4":2262.78504,"2015Q3":1590.76762,"2015Q2":1841.94252,"2015Q1":2166.07549,"2014Q4":2181.09969,"2014Q3":1408.88289,"2014Q2":2028.00766,"2014Q1":2129.39558,"2013Q4":2069.26228,"2013Q3":1520.80888,"2013Q2":1803.74628,"2013Q1":2142.5658,"2012Q4":1709.77415,"2012Q3":1195.06738,"2012Q2":1531.83518,"2012Q1":1755.40509,"2011Q4":1651.22887,"2011Q3":1036.03645,"2011Q2":1452.72822,"2011Q1":1226.6561,"2010Q4":1060.34425,"2010Q3":700.63651,"2010Q2":992.17121,"2010Q1":801.38055,"2009Q4":909.59207,"2009Q3":621.85588,"2009Q2":725.4208,"2009Q1":989.10416,"2008Q4":933.86537,"2008Q3":543.34826,"2008Q2":860.10887,"2008Q1":947.12869,"2007Q4":652.64388,"2007Q3":244.83599,"2007Q2":194.40012,"2007Q1":232.94912,"2006Q4":245.11348,"2006Q3":171.31533,"2006Q2":231.95407,"2006Q1":247.84492,"2005Q4":178.03865,"2005Q3":175.77923,"2005Q2":159.03365,"2005Q1":297.70902,"2004Q4":124.44075,"2004Q3":34.57412,"2004Q2":42.76944,"2004Q1":53.3366,"2003Q4":49.731,"2003Q3":34.024,"2003Q2":42.686,"2003Q1":52.138,"2002Q4":44.191,"2002Q3":33.425,"2002Q2":41.248,"2002Q1":49.975,"2001Q4":41.64,"2001Q3":23.004,"2001Q2":23.042,"2001Q1":25.157}},{"p":"ELEC.GEN.HYC-CO-99.Q","c":{"2015Q4":307.58315,"2015Q3":345.53123,"2015Q2":391.4788,"2015Q1":446.95052,"2014Q4":145.73828,"2014Q3":406.15478,"2014Q2":622.365,"2014Q1":595.54286,"2013Q4":116.81481,"2013Q3":212.25887,"2013Q2":434.05426,"2013Q1":449.74409,"2012Q4":284.87985,"2012Q3":492.26252,"2012Q2":399.94163,"2012Q1":320.12498,"2011Q4":268.53417,"2011Q3":489.81431,"2011Q2":706.32685,"2011Q1":617.94608,"2010Q4":95.68442,"2010Q3":527.22409,"2010Q2":431.5344,"2010Q1":523.82069,"2009Q4":311.06564,"2009Q3":479.57254,"2009Q2":588.40327,"2009Q1":506.68256,"2008Q4":354.05531,"2008Q3":573.22557,"2008Q2":606.92285,"2008Q1":505.12325,"2007Q4":393.96491,"2007Q3":575.52347,"2007Q2":335.9762,"2007Q1":424.06805,"2006Q4":307.87338,"2006Q3":544.51906,"2006Q2":517.96951,"2006Q1":420.84508,"2005Q4":199.52723,"2005Q3":397.93976,"2005Q2":439.52797,"2005Q1":378.30104,"2004Q4":211.31805,"2004Q3":469.4157,"2004Q2":282.78285,"2004Q1":231.14839,"2003Q4":255.272,"2003Q3":508.475,"2003Q2":311.203,"2003Q1":187.248,"2002Q4":155.306,"2002Q3":351.293,"2002Q2":415.409,"2002Q1":286.998,"2001Q4":280.671,"2001Q3":495.528,"2001Q2":422.311,"2001Q1":296.188}},{"p":"ELEC.GEN.SUN-CO-99.Q","c":{"2015Q4":63.23799,"2015Q3":82.80556,"2015Q2":84.28057,"2015Q1":58.52247,"2014Q4":49.05376,"2014Q3":72.34449,"2014Q2":73.15386,"2014Q1":58.51291,"2013Q4":55.19547,"2013Q3":70.85031,"2013Q2":70.30637,"2013Q1":52.10032,"2012Q4":50.01116,"2012Q3":56.11223,"2012Q2":50.57375,"2012Q1":8.75188,"2011Q4":21.73813,"2011Q3":29.93431,"2011Q2":34.38115,"2011Q1":18.58202,"2010Q4":13.3425,"2010Q3":14.8312,"2010Q2":10.89989,"2010Q1":3.42421,"2009Q4":3.98255,"2009Q3":8.94177,"2009Q2":8.67936,"2009Q1":3.98134,"2008Q4":2.89041,"2008Q3":5.8015,"2008Q2":6.86638,"2008Q1":2.79572,"2007Q4":2.208,"2007Q3":0,"2007Q2":0,"2007Q1":0}},{"p":"ELEC.GEN.WND-CO-99.Q","c":{"2015Q4":2165.3487,"2015Q3":1474.96794,"2015Q2":1727.95963,"2015Q1":2073.08821,"2014Q4":2103.40575,"2014Q3":1304.01411,"2014Q2":1922.83625,"2014Q1":2038.3579,"2013Q4":1991.23826,"2013Q3":1429.10225,"2013Q2":1712.68556,"2013Q1":2070.69413,"2012Q4":1644.66714,"2012Q3":1124.3878,"2012Q2":1466.93849,"2012Q1":1732.64983,"2011Q4":1613.42944,"2011Q3":990.05748,"2011Q2":1403.22293,"2011Q1":1193.61199,"2010Q4":1031.98371,"2010Q3":670.85315,"2010Q2":964.86178,"2010Q1":784.15236,"2009Q4":891.42841,"2009Q3":598.3823,"2009Q2":702.44767,"2009Q1":971.57753,"2008Q4":917.55886,"2008Q3":523.89778,"2008Q2":843.89884,"2008Q1":935.4878,"2007Q4":642.0101,"2007Q3":237.31736,"2007Q2":186.31033,"2007Q1":225.87833,"2006Q4":236.89044,"2006Q3":164.26284,"2006Q2":225.10122,"2006Q1":239.28151,"2005Q4":169.92369,"2005Q3":166.98824,"2005Q2":150.27214,"2005Q1":289.04993,"2004Q4":115.63052,"2004Q3":25.85088,"2004Q2":34.04622,"2004Q1":44.61337,"2003Q4":42.021,"2003Q3":26.285,"2003Q2":33.671,"2003Q1":45.132,"2002Q4":36.638,"2002Q3":27.457,"2002Q2":32.848,"2002Q1":42.062,"2001Q4":26.265,"2001Q3":6.479,"2001Q2":7.223,"2001Q1":8.673}},{"p":"ELEC.GEN.SPV-CO-99.Q","c":{"2015Q4":63.23799,"2015Q3":82.80556,"2015Q2":84.28057,"2015Q1":58.52247,"2014Q4":49.05376,"2014Q3":72.34449,"2014Q2":73.15386,"2014Q1":58.51291,"2013Q4":55.19547,"2013Q3":70.85031,"2013Q2":70.30637,"2013Q1":52.10032,"2012Q4":50.01116,"2012Q3":56.11223,"2012Q2":50.57375,"2012Q1":8.75188,"2011Q4":21.73813,"2011Q3":29.93431,"2011Q2":34.38115,"2011Q1":18.58202,"2010Q4":13.3425,"2010Q3":14.8312,"2010Q2":10.89989,"2010Q1":3.42421,"2009Q4":3.98255,"2009Q3":8.94177,"2009Q2":8.67936,"2009Q1":3.98134,"2008Q4":2.89041,"2008Q3":5.8015,"2008Q2":6.86638,"2008Q1":2.79572,"2007Q4":2.208,"2007Q3":0,"2007Q2":0,"2007Q1":0}},{"p":"ELEC.GEN.HPS-CO-99.Q","c":{"2015Q4":-66.831,"2015Q3":-69.223,"2015Q2":-70.563,"2015Q1":-71.906,"2014Q4":-66.892,"2014Q3":-88.135,"2014Q2":-40.011,"2014Q1":-30.226,"2013Q4":-56.701,"2013Q3":-82.373,"2013Q2":-73.747,"2013Q1":-67.612,"2012Q4":-51.493,"2012Q3":-70.2,"2012Q2":-70.799,"2012Q1":-51.976,"2011Q4":-42.874,"2011Q3":-78.617,"2011Q2":-74.646,"2011Q1":-47.242,"2010Q4":-54.179,"2010Q3":-27.31,"2010Q2":-20.246,"2010Q1":-19.057,"2009Q4":-6.019,"2009Q3":-43.858,"2009Q2":-34.788,"2009Q1":-23.993,"2008Q4":-55.227,"2008Q3":-84.278,"2008Q2":-76.791,"2008Q1":-32.812,"2007Q4":-14.976,"2007Q3":-65.317,"2007Q2":-52.705,"2007Q1":-35.063,"2006Q4":-50.664,"2006Q3":-66.551,"2006Q2":-55.749,"2006Q1":-27.538,"2005Q4":-35.107,"2005Q3":-50.005,"2005Q2":-6,"2005Q1":-30.951,"2004Q4":-43.692,"2004Q3":-36.287,"2004Q2":-54.16,"2004Q1":-57.662,"2003Q4":-47.091,"2003Q3":-58.835,"2003Q2":-52.221,"2003Q1":-45.493,"2002Q4":-60.405,"2002Q3":-51.768,"2002Q2":-39.844,"2002Q1":-68.247,"2001Q4":-69.958,"2001Q3":-82.641,"2001Q2":-36.525,"2001Q1":-61.458}},{"p":"ELEC.GEN.WAS-CO-99.Q","c":{"2015Q4":22.27244,"2015Q3":19.31612,"2015Q2":19.05398,"2015Q1":21.95316,"2014Q4":19.63018,"2014Q3":19.9383,"2014Q2":20.02538,"2014Q1":19.47983,"2013Q4":21.28119,"2013Q3":20.54751,"2013Q2":20.0005,"2013Q1":19.29204,"2012Q4":14.82854,"2012Q3":14.56735,"2012Q2":14.32294,"2012Q1":14.0034,"2011Q4":16.0613,"2011Q3":15.88608,"2011Q2":15.11061,"2011Q1":14.4621,"2010Q4":14.81212,"2010Q3":14.84479,"2010Q2":14.60321,"2010Q1":13.71879,"2009Q4":14.14435,"2009Q3":14.50386,"2009Q2":14.1399,"2009Q1":13.37609,"2008Q4":13.32395,"2008Q3":13.60616,"2008Q2":9.34366,"2008Q1":8.84518,"2007Q4":8.42578,"2007Q3":7.51863,"2007Q2":8.08981,"2007Q1":7.07078,"2006Q4":8.22304,"2006Q3":7.05249,"2006Q2":6.85285,"2006Q1":8.56341,"2005Q4":8.11496,"2005Q3":8.79098,"2005Q2":8.44452,"2005Q1":8.5281,"2004Q4":8.72322,"2004Q3":8.72322,"2004Q2":8.72322,"2004Q1":8.72322,"2003Q4":7.71,"2003Q3":7.739,"2003Q2":9.015,"2003Q1":7.006,"2002Q4":7.553,"2002Q3":5.968,"2002Q2":8.4,"2002Q1":7.913,"2001Q4":15.375,"2001Q3":16.525,"2001Q2":15.819,"2001Q1":16.484}},{"p":"ELEC.GEN.WWW-CO-99.Q","c":{"2015Q4":null,"2015Q3":null,"2015Q2":null,"2015Q1":null,"2014Q4":9.01,"2014Q3":12.586,"2014Q2":11.99218,"2014Q1":13.04494,"2013Q4":1.54736,"2013Q3":0.30882,"2013Q2":0.75387,"2013Q1":0.47931,"2012Q4":0.2673,"2012Q3":0,"2012Q2":0,"2012Q1":0,"2011Q4":0,"2011Q3":0.15859,"2011Q2":0.01355,"2011Q1":0,"2010Q4":0.20594,"2010Q3":0.10738,"2010Q2":1.80634,"2010Q1":0.08519,"2009Q4":0.03677,"2009Q3":0.02795,"2009Q2":0.15389,"2009Q1":0.16921,"2008Q4":0.09216,"2008Q3":0.04282,"2008Q2":0,"2008Q1":0,"2007Q4":0,"2007Q3":0,"2007Q2":0,"2007Q1":0,"2006Q4":0,"2006Q3":0,"2006Q2":0,"2006Q1":0,"2005Q4":0,