{"p":"CT","c":[{"p":"ELEC.GEN.NUC-CT-99.Q","c":{"2015Q4":3797.716,"2015Q3":4598.142,"2015Q2":4462.893,"2015Q1":4552.166,"2014Q4":3529.725,"2014Q3":4494.216,"2014Q2":3333.754,"2014Q1":4482.924,"2013Q4":4552.832,"2013Q3":4451.181,"2013Q2":3518.515,"2013Q1":4557.054,"2012Q4":3608.751,"2012Q3":4306.661,"2012Q2":4577.715,"2012Q1":4584.76,"2011Q4":3253.87,"2011Q3":4244.27,"2011Q2":3867.428,"2011Q1":4562.269,"2010Q4":4519.265,"2010Q3":4514.405,"2010Q2":3384.928,"2010Q1":4331.706,"2009Q4":3377.251,"2009Q3":4136.029,"2009Q2":4598.267,"2009Q1":4545.835,"2008Q4":3276.902,"2008Q3":4387.907,"2008Q2":3349.698,"2008Q1":4418.439,"2007Q4":4455.113,"2007Q3":4438.447,"2007Q2":3203.716,"2007Q1":4288.866,"2006Q4":3527.913,"2006Q3":4454.735,"2006Q2":4260.861,"2006Q1":4345.937,"2005Q4":3571.822,"2005Q3":4410.59,"2005Q2":3177.719,"2005Q1":4401.991,"2004Q4":4465.004,"2004Q3":4450.764,"2004Q2":3334.341,"2004Q1":4288.988,"2003Q4":3365.766,"2003Q3":4424.839,"2003Q2":4387.257,"2003Q1":3900.233,"2002Q4":3965.667,"2002Q3":3526.734,"2002Q2":4078.231,"2002Q1":3347.64,"2001Q4":4348.676,"2001Q3":4296.936,"2001Q2":4152.414,"2001Q1":2629.741}},{"p":"ELEC.GEN.OOG-CT-99.Q","c":{"2010Q4":9.33964,"2010Q3":4.10456,"2010Q2":0.4219,"2010Q1":0.06975,"2009Q4":0,"2009Q3":0,"2009Q2":0,"2009Q1":0,"2008Q4":0,"2008Q3":0,"2008Q2":0,"2008Q1":0,"2007Q4":0.69881,"2007Q3":0.39439,"2007Q2":0.46466,"2007Q1":0.63776,"2006Q4":0.411,"2006Q3":0.538,"2006Q2":0.254,"2006Q1":0.444,"2005Q4":0.37649,"2005Q3":0.43144,"2005Q2":0.36095,"2005Q1":0.39712,"2004Q4":0,"2004Q3":0,"2004Q2":0,"2004Q1":0,"2003Q4":0,"2003Q3":0,"2003Q2":0,"2003Q1":0,"2002Q4":0,"2002Q3":0,"2002Q2":0,"2002Q1":8.834,"2001Q4":0.368,"2001Q3":0.301,"2001Q2":0.322,"2001Q1":0.507}},{"p":"ELEC.GEN.AOR-CT-99.Q","c":{"2015Q4":217.73409,"2015Q3":217.10568,"2015Q2":196.94173,"2015Q1":197.16323,"2014Q4":210.5099,"2014Q3":185.49382,"2014Q2":189.48547,"2014Q1":183.35684,"2013Q4":165.88376,"2013Q3":163.48459,"2013Q2":170.70686,"2013Q1":152.01452,"2012Q4":157.79987,"2012Q3":170.12055,"2012Q2":174.75712,"2012Q1":163.84738,"2011Q4":177.83154,"2011Q3":169.83795,"2011Q2":177.28415,"2011Q1":134.75501,"2010Q4":182.65005,"2010Q3":184.58835,"2010Q2":198.0268,"2010Q1":174.3949,"2009Q4":189.1042,"2009Q3":193.24976,"2009Q2":197.56784,"2009Q1":178.8084,"2008Q4":187.55634,"2008Q3":182.84908,"2008Q2":194.60214,"2008Q1":168.50659,"2007Q4":177.16007,"2007Q3":181.58656,"2007Q2":187.99642,"2007Q1":183.09609,"2006Q4":189.14843,"2006Q3":195.2212,"2006Q2":197.48979,"2006Q1":181.46088,"2005Q4":195.56974,"2005Q3":196.30408,"2005Q2":199.11489,"2005Q1":162.34597,"2004Q4":190.58759,"2004Q3":191.77632,"2004Q2":199.01637,"2004Q1":176.43851,"2003Q4":196.7196,"2003Q3":200.69842,"2003Q2":198.56187,"2003Q1":189.88027,"2002Q4":204.62355,"2002Q3":209.89663,"2002Q2":208.25693,"2002Q1":198.56962,"2001Q4":212.31975,"2001Q3":213.52038,"2001Q2":235.8058,"2001Q1":247.27853}},{"p":"ELEC.GEN.HYC-CT-99.Q","c":{"2015Q4":null,"2015Q3":null,"2015Q2":null,"2015Q1":112.68559,"2014Q4":96.37349,"2014Q3":90.46545,"2014Q2":145.84121,"2014Q1":101.28007,"2013Q4":79.8082,"2013Q3":90.43827,"2013Q2":127.09422,"2013Q1":104.58736,"2012Q4":80.99298,"2012Q3":54.35639,"2012Q2":88.88209,"2012Q1":87.90956,"2011Q4":142.8126,"2011Q3":104.70293,"2011Q2":182.10955,"2011Q1":137.81694,"2010Q4":113.81073,"2010Q3":59.82561,"2010Q2":108.24225,"2010Q1":108.78871,"2009Q4":117.65925,"2009Q3":119.76696,"2009Q2":141.04264,"2009Q1":131.07674,"2008Q4":126.60885,"2008Q3":134.74857,"2008Q2":154.54518,"2008Q1":140.27468,"2007Q4":95.69822,"2007Q3":59.02152,"2007Q2":116.6839,"2007Q1":91.85715,"2006Q4":115.55293,"2006Q3":142.94263,"2006Q2":149.2441,"2006Q1":136.15234,"2005Q4":109.76304,"2005Q3":111.92269,"2005Q2":123.46704,"2005Q1":133.04622,"2004Q4":1.6738,"2004Q3":114.37991,"2004Q2":57.92542,"2004Q1":288.63312,"2003Q4":180.813,"2003Q3":96.865,"2003Q2":151.308,"2003Q1":135.431,"2002Q4":114.616,"2002Q3":27.989,"2002Q2":117.774,"2002Q1":74.709,"2001Q4":24.25,"2001Q3":31.745,"2001Q2":126.132,"2001Q1":104.246}},{"p":"ELEC.GEN.SUN-CT-99.Q","c":{"2015Q4":null,"2015Q3":null,"2015Q2":null,"2015Q1":null,"2014Q4":3.11851,"2014Q3":4.15175,"2014Q2":3.03798,"2014Q1":1.39799,"2013Q4":0}},{"p":"ELEC.GEN.SPV-CT-99.Q","c":{"2015Q4":null,"2015Q3":null,"2015Q2":null,"2015Q1":null,"2014Q4":3.11851,"2014Q3":4.15175,"2014Q2":3.03798,"2014Q1":1.39799,"2013Q4":0}},{"p":"ELEC.GEN.HPS-CT-99.Q","c":{"2015Q4":0.752,"2015Q3":1.325,"2015Q2":0.378,"2015Q1":-6.162,"2014Q4":6.352,"2014Q3":1.728,"2014Q2":2.105,"2014Q1":-3.403,"2013Q4":1.35,"2013Q3":1.403,"2013Q2":1.736,"2013Q1":-5.54,"2012Q4":1.599,"2012Q3":1.093,"2012Q2":1.287,"2012Q1":-1.263,"2011Q4":3.655,"2011Q3":4.418,"2011Q2":0.966,"2011Q1":-3.435,"2010Q4":8.511,"2010Q3":0.353,"2010Q2":-0.782,"2010Q1":1.41,"2009Q4":5.035,"2009Q3":2.703,"2009Q2":-3.079,"2009Q1":0.726,"2008Q4":6.742,"2008Q3":-0.228,"2008Q2":-2.222,"2008Q1":2.499,"2007Q4":-2.063,"2007Q3":-2.036,"2007Q2":-5.373,"2007Q1":-5.883,"2006Q4":0,"2006Q3":0,"2006Q2":0,"2006Q1":0,"2005Q4":0,"2005Q3":0,"2005Q2":0,"2005Q1":-1.653,"2004Q4":6.823,"2004Q3":0.865,"2004Q2":0.025,"2004Q1":0.002,"2003Q4":0.025,"2003Q3":0.015,"2003Q2":0.02,"2003Q1":-0.078,"2002Q4":-0.437,"2002Q3":-1.125,"2002Q2":-6.608,"2002Q1":-2.031,"2001Q4":0,"2001Q3":0,"2001Q2":0,"2001Q1":0}},{"p":"ELEC.GEN.WAS-CT-99.Q","c":{"2015Q4":160.22289,"2015Q3":155.36721,"2015Q2":145.85689,"2015Q1":154.76341,"2014Q4":163.41105,"2014Q3":167.01418,"2014Q2":166.87421,"2014Q1":152.80221,"2013Q4":163.10743,"2013Q3":162.99945,"2013Q2":170.21236,"2013Q1":151.48196,"2012Q4":157.56583,"2012Q3":169.90439,"2012Q2":174.60304,"2012Q1":163.71526,"2011Q4":177.62774,"2011Q3":169.54331,"2011Q2":177.14305,"2011Q1":134.55887,"2010Q4":182.46198,"2010Q3":184.52221,"2010Q2":197.95907,"2010Q1":174.30254,"2009Q4":189.026,"2009Q3":193.12789,"2009Q2":197.35834,"2009Q1":178.59612,"2008Q4":187.19435,"2008Q3":182.48853,"2008Q2":194.20101,"2008Q1":167.99739,"2007Q4":176.72274,"2007Q3":181.15813,"2007Q2":187.58555,"2007Q1":182.69713,"2006Q4":186.91039,"2006Q3":192.95902,"2006Q2":195.71526,"2006Q1":179.19164,"2005Q4":193.72319,"2005Q3":194.38207,"2005Q2":197.39978,"2005Q1":160.51566,"2004Q4":189.22334,"2004Q3":190.41207,"2004Q2":197.65212,"2004Q1":175.07426,"2003Q4":196.7196,"2003Q3":200.69842,"2003Q2":198.56187,"2003Q1":189.88027,"2002Q4":204.62355,"2002Q3":209.89663,"2002Q2":208.25693,"2002Q1":198.56962,"2001Q4":212.31975,"2001Q3":213.52038,"2001Q2":235.8058,"2001Q1":247.27853}},{"p":"ELEC.GEN.WWW-CT-99.Q","c":{"2015Q4":53.16591,"2015Q3":55.22481,"2015Q2":44.32096,"2015Q1":37.874,"2014Q4":43.98034,"2014Q3":14.32789,"2014Q2":19.57329,"2014Q1":29.15665,"2013Q4":2.77635,"2013Q3":0.48513,"2013Q2":0.4945,"2013Q1":0.53257,"2012Q4":0.23405,"2012Q3":0.21616,"2012Q2":0.15407,"2012Q1":0.13212,"2011Q4":0.20379,"2011Q3":0.29464,"2011Q2":0.14112,"2011Q1":0.19614,"2010Q4":0.18807,"2010Q3":0.06615,"2010Q2":0.06772,"2010Q1":0.09236,"2009Q4":0.0782,"2009Q3":0.12187,"2009Q2":0.2095,"2009Q1":0.21229,"2008Q4":0.362,"2008Q3":0.36056,"2008Q2":0.40113,"2008Q1":0.5092,"2007Q4":0.43732,"2007Q3":0.42844,"2007Q2":0.41087,"2007Q1":0.39896,"2006Q4":2.23804,"2006Q3":2.26218,"2006Q2":1.77454,"2006Q1":2.26925,"2005Q4":1.84656,"2005Q3":1.92201,"2005Q2":1.71512,"2005Q1":1.83031,"2004Q4":1.36425,"2004Q3":1.36425,"2004Q2":1.36425,"2004Q1":1.36425,"2003Q1":0}},{"p":"ELEC.GEN.TSN-CT-99.Q","c":{"2015Q4":null,"2015Q3":null,"2015Q2":null,"2015Q1":null,"2014Q4":25.94084,"2014Q3":36.3926,"2014Q2":32.34076,"2014Q1":21.26142}},{"p":"ELEC.GEN.DPV-CT-99.Q","c":{"2015Q4":34.7598,"2015Q3":54.24849,"2015Q2":46.53952,"2015Q1":27.89693,"2014Q4":22.82233,"2014Q3":32.24085,"2014Q2":29.30278,"2014Q1":19.86343}},{"p":"ELEC.GEN.ALL-CT-99.Q","c":{"2015Q4":8936.3214,"2015Q3":9976.59442,"2015Q2":8836.4603,"2015Q1":9899.47184,"2014Q4":7853.4033,"2014Q3":9348.41893,"2014Q2":7607.12139,"2014Q1":8868.0368,"2013Q4":8922.49577,"2013Q3":9474.38338,"2013Q2":7933.71274,"2013Q1":9280.19742,"2012Q4":8766.98353,"2012Q3":10022.67011,"2012Q2":8652.47014,"2012Q1":8675.42018,"2011Q4":7801.74001,"2011Q3":9671.76793,