{"p":"CT","c":[{"p":"ELEC.GEN.NUC-CT-99.Q","v":{"_2015Q4":3797.716,"_2015Q3":4598.142,"_2015Q2":4462.893,"_2015Q1":4552.166,"_2014Q4":3529.725,"_2014Q3":4494.216,"_2014Q2":3333.754,"_2014Q1":4482.924,"_2013Q4":4552.832,"_2013Q3":4451.181,"_2013Q2":3518.515,"_2013Q1":4557.054,"_2012Q4":3608.751,"_2012Q3":4306.661,"_2012Q2":4577.715,"_2012Q1":4584.76,"_2011Q4":3253.87,"_2011Q3":4244.27,"_2011Q2":3867.428,"_2011Q1":4562.269,"_2010Q4":4519.265,"_2010Q3":4514.405,"_2010Q2":3384.928,"_2010Q1":4331.706,"_2009Q4":3377.251,"_2009Q3":4136.029,"_2009Q2":4598.267,"_2009Q1":4545.835,"_2008Q4":3276.902,"_2008Q3":4387.907,"_2008Q2":3349.698,"_2008Q1":4418.439,"_2007Q4":4455.113,"_2007Q3":4438.447,"_2007Q2":3203.716,"_2007Q1":4288.866,"_2006Q4":3527.913,"_2006Q3":4454.735,"_2006Q2":4260.861,"_2006Q1":4345.937,"_2005Q4":3571.822,"_2005Q3":4410.59,"_2005Q2":3177.719,"_2005Q1":4401.991,"_2004Q4":4465.004,"_2004Q3":4450.764,"_2004Q2":3334.341,"_2004Q1":4288.988,"_2003Q4":3365.766,"_2003Q3":4424.839,"_2003Q2":4387.257,"_2003Q1":3900.233,"_2002Q4":3965.667,"_2002Q3":3526.734,"_2002Q2":4078.231,"_2002Q1":3347.64,"_2001Q4":4348.676,"_2001Q3":4296.936,"_2001Q2":4152.414,"_2001Q1":2629.741}},{"p":"ELEC.GEN.OOG-CT-99.Q","v":{"_2010Q4":9.33964,"_2010Q3":4.10456,"_2010Q2":0.4219,"_2010Q1":0.06975,"_2009Q4":0,"_2009Q3":0,"_2009Q2":0,"_2009Q1":0,"_2008Q4":0,"_2008Q3":0,"_2008Q2":0,"_2008Q1":0,"_2007Q4":0.69881,"_2007Q3":0.39439,"_2007Q2":0.46466,"_2007Q1":0.63776,"_2006Q4":0.411,"_2006Q3":0.538,"_2006Q2":0.254,"_2006Q1":0.444,"_2005Q4":0.37649,"_2005Q3":0.43144,"_2005Q2":0.36095,"_2005Q1":0.39712,"_2004Q4":0,"_2004Q3":0,"_2004Q2":0,"_2004Q1":0,"_2003Q4":0,"_2003Q3":0,"_2003Q2":0,"_2003Q1":0,"_2002Q4":0,"_2002Q3":0,"_2002Q2":0,"_2002Q1":8.834,"_2001Q4":0.368,"_2001Q3":0.301,"_2001Q2":0.322,"_2001Q1":0.507}},{"p":"ELEC.GEN.AOR-CT-99.Q","v":{"_2015Q4":217.73409,"_2015Q3":217.10568,"_2015Q2":196.94173,"_2015Q1":197.16323,"_2014Q4":210.5099,"_2014Q3":185.49382,"_2014Q2":189.48547,"_2014Q1":183.35684,"_2013Q4":165.88376,"_2013Q3":163.48459,"_2013Q2":170.70686,"_2013Q1":152.01452,"_2012Q4":157.79987,"_2012Q3":170.12055,"_2012Q2":174.75712,"_2012Q1":163.84738,"_2011Q4":177.83154,"_2011Q3":169.83795,"_2011Q2":177.28415,"_2011Q1":134.75501,"_2010Q4":182.65005,"_2010Q3":184.58835,"_2010Q2":198.0268,"_2010Q1":174.3949,"_2009Q4":189.1042,"_2009Q3":193.24976,"_2009Q2":197.56784,"_2009Q1":178.8084,"_2008Q4":187.55634,"_2008Q3":182.84908,"_2008Q2":194.60214,"_2008Q1":168.50659,"_2007Q4":177.16007,"_2007Q3":181.58656,"_2007Q2":187.99642,"_2007Q1":183.09609,"_2006Q4":189.14843,"_2006Q3":195.2212,"_2006Q2":197.48979,"_2006Q1":181.46088,"_2005Q4":195.56974,"_2005Q3":196.30408,"_2005Q2":199.11489,"_2005Q1":162.34597,"_2004Q4":190.58759,"_2004Q3":191.77632,"_2004Q2":199.01637,"_2004Q1":176.43851,"_2003Q4":196.7196,"_2003Q3":200.69842,"_2003Q2":198.56187,"_2003Q1":189.88027,"_2002Q4":204.62355,"_2002Q3":209.89663,"_2002Q2":208.25693,"_2002Q1":198.56962,"_2001Q4":212.31975,"_2001Q3":213.52038,"_2001Q2":235.8058,"_2001Q1":247.27853}},{"p":"ELEC.GEN.HYC-CT-99.Q","v":{"_2015Q4":null,"_2015Q3":null,"_2015Q2":null,"_2015Q1":112.68559,"_2014Q4":96.37349,"_2014Q3":90.46545,"_2014Q2":145.84121,"_2014Q1":101.28007,"_2013Q4":79.8082,"_2013Q3":90.43827,"_2013Q2":127.09422,"_2013Q1":104.58736,"_2012Q4":80.99298,"_2012Q3":54.35639,"_2012Q2":88.88209,"_2012Q1":87.90956,"_2011Q4":142.8126,"_2011Q3":104.70293,"_2011Q2":182.10955,"_2011Q1":137.81694,"_2010Q4":113.81073,"_2010Q3":59.82561,"_2010Q2":108.24225,"_2010Q1":108.78871,"_2009Q4":117.65925,"_2009Q3":119.76696,"_2009Q2":141.04264,"_2009Q1":131.07674,"_2008Q4":126.60885,"_2008Q3":134.74857,"_2008Q2":154.54518,"_2008Q1":140.27468,"_2007Q4":95.69822,"_2007Q3":59.02152,"_2007Q2":116.6839,"_2007Q1":91.85715,"_2006Q4":115.55293,"_2006Q3":142.94263,"_2006Q2":149.2441,"_2006Q1":136.15234,"_2005Q4":109.76304,"_2005Q3":111.92269,"_2005Q2":123.46704,"_2005Q1":133.04622,"_2004Q4":1.6738,"_2004Q3":114.37991,"_2004Q2":57.92542,"_2004Q1":288.63312,"_2003Q4":180.813,"_2003Q3":96.865,"_2003Q2":151.308,"_2003Q1":135.431,"_2002Q4":114.616,"_2002Q3":27.989,"_2002Q2":117.774,"_2002Q1":74.709,"_2001Q4":24.25,"_2001Q3":31.745,"_2001Q2":126.132,"_2001Q1":104.246}},{"p":"ELEC.GEN.SUN-CT-99.Q","v":{"_2015Q4":null,"_2015Q3":null,"_2015Q2":null,"_2015Q1":null,"_2014Q4":3.11851,"_2014Q3":4.15175,"_2014Q2":3.03798,"_2014Q1":1.39799,"_2013Q4":0}},{"p":"ELEC.GEN.SPV-CT-99.Q","v":{"_2015Q4":null,"_2015Q3":null,"_2015Q2":null,"_2015Q1":null,"_2014Q4":3.11851,"_2014Q3":4.15175,"_2014Q2":3.03798,"_2014Q1":1.39799,"_2013Q4":0}},{"p":"ELEC.GEN.HPS-CT-99.Q","v":{"_2015Q4":0.752,"_2015Q3":1.325,"_2015Q2":0.378,"_2015Q1":-6.162,"_2014Q4":6.352,"_2014Q3":1.728,"_2014Q2":2.105,"_2014Q1":-3.403,"_2013Q4":1.35,"_2013Q3":1.403,"_2013Q2":1.736,"_2013Q1":-5.54,"_2012Q4":1.599,"_2012Q3":1.093,"_2012Q2":1.287,"_2012Q1":-1.263,"_2011Q4":3.655,"_2011Q3":4.418,"_2011Q2":0.966,"_2011Q1":-3.435,"_2010Q4":8.511,"_2010Q3":0.353,"_2010Q2":-0.782,"_2010Q1":1.41,"_2009Q4":5.035,"_2009Q3":2.703,"_2009Q2":-3.079,"_2009Q1":0.726,"_2008Q4":6.742,"_2008Q3":-0.228,"_2008Q2":-2.222,"_2008Q1":2.499,"_2007Q4":-2.063,"_2007Q3":-2.036,"_2007Q2":-5.373,"_2007Q1":-5.883,"_2006Q4":0,"_2006Q3":0,"_2006Q2":0,"_2006Q1":0,"_2005Q4":0,"_2005Q3":0,"_2005Q2":0,"_2005Q1":-1.653,"_2004Q4":6.823,"_2004Q3":0.865,"_2004Q2":0.025,"_2004Q1":0.002,"_2003Q4":0.025,"_2003Q3":0.015,"_2003Q2":0.02,"_2003Q1":-0.078,"_2002Q4":-0.437,"_2002Q3":-1.125,"_2002Q2":-6.608,"_2002Q1":-2.031,"_2001Q4":0,"_2001Q3":0,"_2001Q2":0,"_2001Q1":0}},{"p":"ELEC.GEN.WAS-CT-99.Q","v":{"_2015Q4":160.22289,"_2015Q3":155.36721,"_2015Q2":145.85689,"_2015Q1":154.76341,"_2014Q4":163.41105,"_2014Q3":167.01418,"_2014Q2":166.87421,"_2014Q1":152.80221,"_2013Q4":163.10743,"_2013Q3":162.99945,"_2013Q2":170.21236,"_2013Q1":151.48196,"_2012Q4":157.56583,"_2012Q3":169.90439,"_2012Q2":174.60304,"_2012Q1":163.71526,"_2011Q4":177.62774,"_2011Q3":169.54331,"_2011Q2":177.14305,"_2011Q1":134.55887,"_2010Q4":182.46198,"_2010Q3":184.52221,"_2010Q2":197.95907,"_2010Q1":174.30254,"_2009Q4":189.026,"_2009Q3":193.12789,"_2009Q2":197.35834,"_2009Q1":178.59612,"_2008Q4":187.19435,"_2008Q3":182.48853,"_2008Q2":194.20101,"_2008Q1":167.99739,"_2007Q4":176.72274,"_2007Q3":181.15813,"_2007Q2":187.58555,"_2007Q1":182.69713,"_2006Q4":186.91039,"_2006Q3":192.95902,"_2006Q2":195.71526,"_2006Q1":179.19164,"_2005Q4":193.72319,"_2005Q3":194.38207,"_2005Q2":197.39978,"_2005Q1":160.51566,"_2004Q4":189.22334,"_2004Q3":190.41207,"_2004Q2":197.65212,"_2004Q1":175.07426,"_2003Q4":196.7196,"_2003Q3":200.69842,"_2003Q2":198.56187,"_2003Q1":189.88027,"_2002Q4":204.62355,"_2002Q3":209.89663,"_2002Q2":208.25693,"_2002Q1":198.56962,"_2001Q4":212.31975,"_2001Q3":213.52038,"_2001Q2":235.8058,"_2001Q1":247.27853}},{"p":"ELEC.GEN.WWW-CT-99.Q","v":{"_2015Q4":53.16591,"_2015Q3":55.22481,"_2015Q2":44.32096,"_2015Q1":37.874,"_2014Q4":43.98034,"_2014Q3":14.32789,"_2014Q2":19.57329,"_2014Q1":29.15665,"_2013Q4":2.77635,"_2013Q3":0.48513,"_2013Q2":0.4945,"_2013Q1":0.53257,"_2012Q4":0.23405,"_2012Q3":0.21616,"_2012Q2":0.15407,"_2012Q1":0.13212,"_2011Q4":0.20379,"_2011Q3":0.29464,"_2011Q2":0.14112,"_2011Q1":0.19614,"_2010Q4":0.18807,"_2010Q3":0.06615,"_2010Q2":0.06772,"_2010Q1":0.09236,"_2009Q4":0.0782,"_2009Q3":0.12187,"_2009Q2":0.2095,"_2009Q1":0.21229,"_2008Q4":0.362,"_2008Q3":0.36056,"_2008Q2":0.40113,"_2008Q1":0.5092,"_2007Q4":0.43732,"_2007Q3":0.42844,"_2007Q2":0.41087,"_2007Q1":0.39896,"_2006Q4":2.23804,"_2006Q3":2.26218,"_2006Q2":1.77454,"_2006Q1":2.26925,"_2005Q4":1.84656,"_2005Q3":1.92201,"_2005Q2":1.71512,"_2005Q1":1.83031,"_2004Q4":1.36425,"_2004Q3":1.36425,"_2004Q2":1.36425,"_2004Q1":1.36425,"_2003Q1":0}},{"p":"ELEC.GEN.TSN-CT-99.Q","v":{"_2015Q4":null,"_2015Q3":null,"_2015Q2":null,"_2015Q1":null,"_2014Q4":25.94084,"_2014Q3":36.3926,"_2014Q2":32.34076,"_2014Q1":21.26142}},{"p":"ELEC.GEN.DPV-CT-99.Q","v":{"_2015Q4":34.7598,"_2015Q3":54.24849,"_2015Q2":46.53952,"_2015Q1":27.89693,"_2014Q4":22.82233,"_2014Q3":32.24085,