{"p":"DE","c":[{"p":"ELEC.GEN.OOG-DE-99.Q","c":{"2015Q4":58.75176,"2015Q3":94.23656,"2015Q2":49.2194,"2015Q1":35.8737,"2014Q4":54.86915,"2014Q3":103.11691,"2014Q2":35.91675,"2014Q1":32.47608,"2013Q4":37.20606,"2013Q3":75.70389,"2013Q2":22.84597,"2013Q1":19.65268,"2012Q4":27.85982,"2012Q3":92.2689,"2012Q2":69.4137,"2012Q1":54.047,"2011Q4":57.551,"2011Q3":108.569,"2011Q2":42.134,"2011Q1":0,"2010Q4":0,"2010Q3":0,"2010Q2":0,"2010Q1":0,"2009Q4":8.92849,"2009Q3":128.61749,"2009Q2":50.90358,"2009Q1":38.68785,"2008Q4":30.64931,"2008Q3":153.47753,"2008Q2":76.85287,"2008Q1":215.44269,"2007Q4":164.7979,"2007Q3":187.30264,"2007Q2":166.15098,"2007Q1":202.85365,"2006Q4":234.48255,"2006Q3":235.92256,"2006Q2":198.02524,"2006Q1":241.83762,"2005Q4":118.75177,"2005Q3":201.33571,"2005Q2":110.76745,"2005Q1":61.81325,"2004Q4":94.14991,"2004Q3":92.01724,"2004Q2":54.84537,"2004Q1":48.70755,"2003Q4":74.564,"2003Q3":40.554,"2003Q2":40.956,"2003Q1":29.073,"2002Q4":53.701,"2002Q3":24.445,"2002Q2":33.772,"2002Q1":34.427,"2001Q4":41.721,"2001Q3":40.419,"2001Q2":35.686,"2001Q1":39.236}},{"p":"ELEC.GEN.AOR-DE-99.Q","c":{"2015Q4":33.74384,"2015Q3":39.36416,"2015Q2":39.43023,"2015Q1":31.22932,"2014Q4":31.51042,"2014Q3":32.30526,"2014Q2":34.81402,"2014Q1":32.45068,"2013Q4":26.93741,"2013Q3":27.40607,"2013Q2":27.60129,"2013Q1":24.58724,"2012Q4":24.37107,"2012Q3":34.07421,"2012Q2":34.40271,"2012Q1":38.20263,"2011Q4":36.25893,"2011Q3":44.11339,"2011Q2":42.99692,"2011Q1":34.46724,"2010Q4":30.67129,"2010Q3":41.21172,"2010Q2":36.35335,"2010Q1":29.96107,"2009Q4":27.87533,"2009Q3":35.44605,"2009Q2":26.60531,"2009Q1":35.68467,"2008Q4":42.28504,"2008Q3":37.63723,"2008Q2":44.45478,"2008Q1":38.99759,"2007Q4":12.00007,"2007Q3":12.76692,"2007Q2":11.4264,"2007Q1":11.92261,"2006Q4":0.417,"2006Q3":0,"2006Q2":0,"2006Q1":0}},{"p":"ELEC.GEN.SUN-DE-99.Q","c":{"2015Q4":null,"2015Q3":18.40465,"2015Q2":18.79325,"2015Q1":null,"2014Q4":11.27223,"2014Q3":13.94325,"2014Q2":14.26106,"2014Q1":10.05347,"2013Q4":10.66342,"2013Q3":13.255,"2013Q2":12.32773,"2013Q1":8.48086,"2012Q4":4.44228,"2012Q3":6.09964,"2012Q2":7.17202,"2012Q1":4.84505,"2011Q4":3.32352,"2011Q3":4.27215,"2011Q2":0.43069,"2011Q1":0.25345}},{"p":"ELEC.GEN.WND-DE-99.Q","c":{"2015Q4":null,"2015Q3":null,"2015Q2":null,"2015Q1":null,"2014Q4":1.61711,"2014Q3":0.72927,"2014Q2":1.05488,"2014Q1":1.64974,"2013Q4":1.20239,"2013Q3":0.52222,"2013Q2":1.13573,"2013Q1":1.59766,"2012Q4":0.95773,"2012Q3":0.53005,"2012Q2":0.78064,"2012Q1":1.36959,"2011Q4":1.72707,"2011Q3":0.71726,"2011Q2":0.97498,"2011Q1":1.4057,"2010Q4":1.74093,"2010Q3":0.81508,"2010Q2":0,"2010Q1":0}},{"p":"ELEC.GEN.SPV-DE-99.Q","c":{"2015Q4":null,"2015Q3":18.40465,"2015Q2":18.79325,"2015Q1":null,"2014Q4":11.27223,"2014Q3":13.94325,"2014Q2":14.26106,"2014Q1":10.05347,"2013Q4":10.66342,"2013Q3":13.255,"2013Q2":12.32773,"2013Q1":8.48086,"2012Q4":4.44228,"2012Q3":6.09964,"2012Q2":7.17202,"2012Q1":4.84505,"2011Q4":3.32352,"2011Q3":4.27215,"2011Q2":0.43069,"2011Q1":0.25345}},{"p":"ELEC.GEN.WAS-DE-99.Q","c":{"2015Q4":19.4262,"2015Q3":20.03586,"2015Q2":19.45898,"2015Q1":17.78005,"2014Q4":18.62108,"2014Q3":17.63274,"2014Q2":19.4981,"2014Q1":20.74746,"2013Q4":15.07161,"2013Q3":13.62885,"2013Q2":14.13783,"2013Q1":14.50871,"2012Q4":18.97107,"2012Q3":27.44451,"2012Q2":26.45005,"2012Q1":31.98799,"2011Q4":31.20833,"2011Q3":39.12398,"2011Q2":41.59126,"2011Q1":32.8081,"2010Q4":28.93035,"2010Q3":40.39664,"2010Q2":36.35335,"2010Q1":29.96107,"2009Q4":27.87533,"2009Q3":35.44605,"2009Q2":26.60531,"2009Q1":35.68467,"2008Q4":42.28504,"2008Q3":37.63723,"2008Q2":44.45478,"2008Q1":38.99759,"2007Q4":12.00007,"2007Q3":12.76692,"2007Q2":11.4264,"2007Q1":11.92261,"2006Q4":0.417,"2006Q3":0,"2006Q2":0,"2006Q1":0}},{"p":"ELEC.GEN.TSN-DE-99.Q","c":{"2015Q4":null,"2015Q3":36.93586,"2015Q2":37.84751,"2015Q1":null,"2014Q4":23.44776,"2014Q3":31.35751,"2014Q2":31.70277,"2014Q1":22.64453}},{"p":"ELEC.GEN.DPV-DE-99.Q","c":{"2015Q4":12.54581,"2015Q3":18.53121,"2015Q2":19.05426,"2015Q1":13.72327,"2014Q4":12.17553,"2014Q3":17.41426,"2014Q2":17.44171,"2014Q1":12.59106}},{"p":"ELEC.GEN.ALL-DE-99.Q","c":{"2015Q4":1325.5083,"2015Q3":2475.55119,"2015Q2":2252.78652,"2015Q1":1675.57121,"2014Q4":1809.54228,"2014Q3":2379.43644,"2014Q2":1749.13916,"2014Q1":1765.46564,"2013Q4":1767.83501,"2013Q3":2469.54035,"2013Q2":1867.3513,"2013Q1":1656.13435,"2012Q4":1808.05931,"2012Q3":2666.91452,"2012Q2":2403.22716,"2012Q1":1755.49302,"2011Q4":1694.6593,"2011Q3":2102.38601,"2011Q2":1737.58918,"2011Q1":1055.56032,"2010Q4":940.64296,"2010Q3":2062.61217,"2010Q2":1397.10833,"2010Q1":1227.28155,"2009Q4":1324.21311,"2009Q3":1447.13425,"2009Q2":669.61056,"2009Q1":1400.60494,"2008Q4":1636.00728,"2008Q3":2180.22168,"2008Q2":1600.27891,"2008Q1":2107.33077,"2007Q4":2134.51156,"2007Q3":2750.2876,"2007Q2":1758.27745,"2007Q1":1891.08666,"2006Q4":1726.82788,"2006Q3":2096.54018,"2006Q2":1574.78557,"2006Q1":1784.02574,"2005Q4":1758.44079,"2005Q3":2873.94975,"2005Q2":1407.01081,"2005Q1":2097.16672,"2004Q4":1683.67098,"2004Q3":1985.25866,"2004Q2":1916.94721,"2004Q1":2269.67573,"2003Q4":1082.691,"2003Q3":2592.677,"2003Q2":1327.388,"2003Q1":2389.531,"2002Q4":1362.763,"2002Q3":2200.618,"2002Q2":1366.079,"2002Q1":1073.03,"2001Q4":1052.984,"2001Q3":2030.135,"2001Q2":1710.555,"2001Q1":2014.011}},{"p":"ELEC.GEN.COW-DE-99.Q","c":{"2015Q4":22.28307,"2015Q3":146.03176,"2015Q2":72.07392,"2015Q1":358.19929,"2014Q4":5.8968,"2014Q3":114.4438,"2014Q2":236.35415,"2014Q1":508.68949,"2013Q4":408.70953,"2013Q3":495.49671,"2013Q2":391.12857,"2013Q1":249.3857,"2012Q4":406.24619,"2012Q3":518.38273,"2012Q2":369.08433,"2012Q1":128.98929,"2011Q4":120.2053,"2011Q3":450.19402,"2011Q2":471.82948,"2011Q1":412.76707,"2010Q4":384.93828,"2010Q3":744.19997,"2010Q2":563.59932,"2010Q1":875.63242,"2009Q4":829.12988,"2009Q3":635.95793,"2009Q2":381.736,"2009Q1":1001.34708,"2008Q4":1301.07127,"2008Q3":1231.87613,"2008Q2":1111.67015,"2008Q1":1622.29727,"2007Q4":1567.33373,"2007Q3":1619.41737,"2007Q2":1129.89654,"2007Q1":1305.17486,"2006Q4":1288.69422,"2006Q3":1252.86098,"2006Q2":1105.77696,"2006Q1":1321.47936,"2005Q4":1205.28713,"2005Q3":1542.80384,"2005Q2":825.36693,"2005Q1":1259.38593,"2004Q4":938.73167,"2004Q3":1275.8252,"2004Q2":1165.40378,"2004Q1":1363.87467,"2003Q4":650.877,"2003Q3":1315.966,"2003Q2":758.626,"2003Q1":1301.025,"2002Q4":975.12,"2002Q3":1110.792,"2002Q2":843.616,"2002Q1":534.036,"2001Q4":313.189,"2001Q3":804.426,"2001Q2":881.875,"2001Q1":1369.017}},{"p":"ELEC.GEN.PEL-DE-99.Q","c":{"2015Q4":null,"2015Q3":null,"2015Q2":null,"2015Q1":132.60253,"2014Q4":2.45615,"2014Q3":4.97416,"2014Q2":4.00923,"2014Q1":171.8421,"2013Q4":1.69131,"2013Q3":9.14785,"2013Q2":2.4564,"2013Q1":9.61649,"2012Q4":3.25853,"2012Q3":7.8922,"2012Q2":7.12033,"2012Q1":3.35316,"2011Q4":2.93343,"2011Q3":8.67671,"2011Q2":10.62982,"2011Q1":15.4995,"2010Q4":21.17748,"2010Q3":11.66653,"2010Q2":5.78349,"2010Q1":17.46716,"2009Q4":7.89173,"2009Q3":55.90399,"2009Q2":66.54066,"2009Q1":128.02935,"2008Q4":38.7507,"2008Q3":77.46772,"2008Q2":49.89889,"2008Q1":53.05984,"2007Q4":40.3639,"2007Q3":67.67535,"2007Q2":32.6451,"2007Q1":100.45164,"2006Q4":22.41033,"2006Q3":80.86474,"2006Q2":15.70119,"2006Q1":12.93877,"2005Q4":263.47303,"2005Q3":415.72967,"2005Q2":194.60927,"2005Q1":346.42748,"2004Q4":197.44095,"2004Q3":177.23709,"2004Q2":245.55933,"2004Q1":483.34038,"2003Q4":88.538,"2003Q3":516.909,"2003Q2":251.425,"2003Q1":792.465,"2002Q4":157.179,"2002Q3":373.687,"2002Q2":171.616,"2002Q1":195.545,"2001Q4":315.353,"2001Q3":429.11,"2001Q2":508.367,"2001Q1":429.458}},{"p":"ELEC.GEN.NG-DE-99.Q","c":{"2015Q4":1202.25562,"2015Q3":2185.84804,"2015Q2":2089.59816,"2015Q1":1117.6664,"2014Q4":1714.80976,"2014Q3":2124.59632,"2014Q2":1438.04501,"2014Q1":1020.00731,"2013Q4":1293.29071,"2013Q3":1861.78583,"2013Q2":1423.31908,"2013Q1":1352.89225,"2012Q4":1346.32372,"2012Q3":2014.2965,"2012Q2":1923.20609,"2012Q1":1530.90093,"2011Q4":1477.71064,"2011Q3":1490.83288,"2011Q2":1169.99896,"2011Q1":592.82652,"2010Q4":503.85591,"2010Q3":1265.53395,"2010Q2":791.37218,"2010Q1":304.2209,