{"p":"DE","c":[{"p":"ELEC.GEN.OOG-DE-99.Q","v":{"_2015Q4":58.75176,"_2015Q3":94.23656,"_2015Q2":49.2194,"_2015Q1":35.8737,"_2014Q4":54.86915,"_2014Q3":103.11691,"_2014Q2":35.91675,"_2014Q1":32.47608,"_2013Q4":37.20606,"_2013Q3":75.70389,"_2013Q2":22.84597,"_2013Q1":19.65268,"_2012Q4":27.85982,"_2012Q3":92.2689,"_2012Q2":69.4137,"_2012Q1":54.047,"_2011Q4":57.551,"_2011Q3":108.569,"_2011Q2":42.134,"_2011Q1":0,"_2010Q4":0,"_2010Q3":0,"_2010Q2":0,"_2010Q1":0,"_2009Q4":8.92849,"_2009Q3":128.61749,"_2009Q2":50.90358,"_2009Q1":38.68785,"_2008Q4":30.64931,"_2008Q3":153.47753,"_2008Q2":76.85287,"_2008Q1":215.44269,"_2007Q4":164.7979,"_2007Q3":187.30264,"_2007Q2":166.15098,"_2007Q1":202.85365,"_2006Q4":234.48255,"_2006Q3":235.92256,"_2006Q2":198.02524,"_2006Q1":241.83762,"_2005Q4":118.75177,"_2005Q3":201.33571,"_2005Q2":110.76745,"_2005Q1":61.81325,"_2004Q4":94.14991,"_2004Q3":92.01724,"_2004Q2":54.84537,"_2004Q1":48.70755,"_2003Q4":74.564,"_2003Q3":40.554,"_2003Q2":40.956,"_2003Q1":29.073,"_2002Q4":53.701,"_2002Q3":24.445,"_2002Q2":33.772,"_2002Q1":34.427,"_2001Q4":41.721,"_2001Q3":40.419,"_2001Q2":35.686,"_2001Q1":39.236}},{"p":"ELEC.GEN.AOR-DE-99.Q","v":{"_2015Q4":33.74384,"_2015Q3":39.36416,"_2015Q2":39.43023,"_2015Q1":31.22932,"_2014Q4":31.51042,"_2014Q3":32.30526,"_2014Q2":34.81402,"_2014Q1":32.45068,"_2013Q4":26.93741,"_2013Q3":27.40607,"_2013Q2":27.60129,"_2013Q1":24.58724,"_2012Q4":24.37107,"_2012Q3":34.07421,"_2012Q2":34.40271,"_2012Q1":38.20263,"_2011Q4":36.25893,"_2011Q3":44.11339,"_2011Q2":42.99692,"_2011Q1":34.46724,"_2010Q4":30.67129,"_2010Q3":41.21172,"_2010Q2":36.35335,"_2010Q1":29.96107,"_2009Q4":27.87533,"_2009Q3":35.44605,"_2009Q2":26.60531,"_2009Q1":35.68467,"_2008Q4":42.28504,"_2008Q3":37.63723,"_2008Q2":44.45478,"_2008Q1":38.99759,"_2007Q4":12.00007,"_2007Q3":12.76692,"_2007Q2":11.4264,"_2007Q1":11.92261,"_2006Q4":0.417,"_2006Q3":0,"_2006Q2":0,"_2006Q1":0}},{"p":"ELEC.GEN.SUN-DE-99.Q","v":{"_2015Q4":null,"_2015Q3":18.40465,"_2015Q2":18.79325,"_2015Q1":null,"_2014Q4":11.27223,"_2014Q3":13.94325,"_2014Q2":14.26106,"_2014Q1":10.05347,"_2013Q4":10.66342,"_2013Q3":13.255,"_2013Q2":12.32773,"_2013Q1":8.48086,"_2012Q4":4.44228,"_2012Q3":6.09964,"_2012Q2":7.17202,"_2012Q1":4.84505,"_2011Q4":3.32352,"_2011Q3":4.27215,"_2011Q2":0.43069,"_2011Q1":0.25345}},{"p":"ELEC.GEN.WND-DE-99.Q","v":{"_2015Q4":null,"_2015Q3":null,"_2015Q2":null,"_2015Q1":null,"_2014Q4":1.61711,"_2014Q3":0.72927,"_2014Q2":1.05488,"_2014Q1":1.64974,"_2013Q4":1.20239,"_2013Q3":0.52222,"_2013Q2":1.13573,"_2013Q1":1.59766,"_2012Q4":0.95773,"_2012Q3":0.53005,"_2012Q2":0.78064,"_2012Q1":1.36959,"_2011Q4":1.72707,"_2011Q3":0.71726,"_2011Q2":0.97498,"_2011Q1":1.4057,"_2010Q4":1.74093,"_2010Q3":0.81508,"_2010Q2":0,"_2010Q1":0}},{"p":"ELEC.GEN.SPV-DE-99.Q","v":{"_2015Q4":null,"_2015Q3":18.40465,"_2015Q2":18.79325,"_2015Q1":null,"_2014Q4":11.27223,"_2014Q3":13.94325,"_2014Q2":14.26106,"_2014Q1":10.05347,"_2013Q4":10.66342,"_2013Q3":13.255,"_2013Q2":12.32773,"_2013Q1":8.48086,"_2012Q4":4.44228,"_2012Q3":6.09964,"_2012Q2":7.17202,"_2012Q1":4.84505,"_2011Q4":3.32352,"_2011Q3":4.27215,"_2011Q2":0.43069,"_2011Q1":0.25345}},{"p":"ELEC.GEN.WAS-DE-99.Q","v":{"_2015Q4":19.4262,"_2015Q3":20.03586,"_2015Q2":19.45898,"_2015Q1":17.78005,"_2014Q4":18.62108,"_2014Q3":17.63274,"_2014Q2":19.4981,"_2014Q1":20.74746,"_2013Q4":15.07161,"_2013Q3":13.62885,"_2013Q2":14.13783,"_2013Q1":14.50871,"_2012Q4":18.97107,"_2012Q3":27.44451,"_2012Q2":26.45005,"_2012Q1":31.98799,"_2011Q4":31.20833,"_2011Q3":39.12398,"_2011Q2":41.59126,"_2011Q1":32.8081,"_2010Q4":28.93035,"_2010Q3":40.39664,"_2010Q2":36.35335,"_2010Q1":29.96107,"_2009Q4":27.87533,"_2009Q3":35.44605,"_2009Q2":26.60531,"_2009Q1":35.68467,"_2008Q4":42.28504,"_2008Q3":37.63723,"_2008Q2":44.45478,"_2008Q1":38.99759,"_2007Q4":12.00007,"_2007Q3":12.76692,"_2007Q2":11.4264,"_2007Q1":11.92261,"_2006Q4":0.417,"_2006Q3":0,"_2006Q2":0,"_2006Q1":0}},{"p":"ELEC.GEN.TSN-DE-99.Q","v":{"_2015Q4":null,"_2015Q3":36.93586,"_2015Q2":37.84751,"_2015Q1":null,"_2014Q4":23.44776,"_2014Q3":31.35751,"_2014Q2":31.70277,"_2014Q1":22.64453}},{"p":"ELEC.GEN.DPV-DE-99.Q","v":{"_2015Q4":12.54581,"_2015Q3":18.53121,"_2015Q2":19.05426,"_2015Q1":13.72327,"_2014Q4":12.17553,"_2014Q3":17.41426,"_2014Q2":17.44171,"_2014Q1":12.59106}},{"p":"ELEC.GEN.ALL-DE-99.Q","v":{"_2015Q4":1325.5083,"_2015Q3":2475.55119,"_2015Q2":2252.78652,"_2015Q1":1675.57121,"_2014Q4":1809.54228,"_2014Q3":2379.43644,"_2014Q2":1749.13916,"_2014Q1":1765.46564,"_2013Q4":1767.83501,"_2013Q3":2469.54035,"_2013Q2":1867.3513,"_2013Q1":1656.13435,"_2012Q4":1808.05931,"_2012Q3":2666.91452,"_2012Q2":2403.22716,"_2012Q1":1755.49302,"_2011Q4":1694.6593,"_2011Q3":2102.38601,"_2011Q2":1737.58918,"_2011Q1":1055.56032,"_2010Q4":940.64296,"_2010Q3":2062.61217,"_2010Q2":1397.10833,"_2010Q1":1227.28155,"_2009Q4":1324.21311,"_2009Q3":1447.13425,"_2009Q2":669.61056,"_2009Q1":1400.60494,"_2008Q4":1636.00728,"_2008Q3":2180.22168,"_2008Q2":1600.27891,"_2008Q1":2107.33077,"_2007Q4":2134.51156,"_2007Q3":2750.2876,"_2007Q2":1758.27745,"_2007Q1":1891.08666,"_2006Q4":1726.82788,"_2006Q3":2096.54018,"_2006Q2":1574.78557,"_2006Q1":1784.02574,"_2005Q4":1758.44079,"_2005Q3":2873.94975,"_2005Q2":1407.01081,"_2005Q1":2097.16672,"_2004Q4":1683.67098,"_2004Q3":1985.25866,"_2004Q2":1916.94721,"_2004Q1":2269.67573,"_2003Q4":1082.691,"_2003Q3":2592.677,"_2003Q2":1327.388,"_2003Q1":2389.531,"_2002Q4":1362.763,"_2002Q3":2200.618,"_2002Q2":1366.079,"_2002Q1":1073.03,"_2001Q4":1052.984,"_2001Q3":2030.135,"_2001Q2":1710.555,"_2001Q1":2014.011}},{"p":"ELEC.GEN.COW-DE-99.Q","v":{"_2015Q4":22.28307,"_2015Q3":146.03176,"_2015Q2":72.07392,"_2015Q1":358.19929,"_2014Q4":5.8968,"_2014Q3":114.4438,"_2014Q2":236.35415,"_2014Q1":508.68949,"_2013Q4":408.70953,"_2013Q3":495.49671,"_2013Q2":391.12857,"_2013Q1":249.3857,"_2012Q4":406.24619,"_2012Q3":518.38273,"_2012Q2":369.08433,"_2012Q1":128.98929,"_2011Q4":120.2053,"_2011Q3":450.19402,"_2011Q2":471.82948,"_2011Q1":412.76707,"_2010Q4":384.93828,"_2010Q3":744.19997,"_2010Q2":563.59932,"_2010Q1":875.63242,"_2009Q4":829.12988,"_2009Q3":635.95793,"_2009Q2":381.736,"_2009Q1":1001.34708,"_2008Q4":1301.07127,"_2008Q3":1231.87613,"_2008Q2":1111.67015,"_2008Q1":1622.29727,"_2007Q4":1567.33373,"_2007Q3":1619.41737,"_2007Q2":1129.89654,"_2007Q1":1305.17486,"_2006Q4":1288.69422,"_2006Q3":1252.86098,"_2006Q2":1105.77696,"_2006Q1":1321.47936,"_2005Q4":1205.28713,"_2005Q3":1542.80384,"_2005Q2":825.36693,"_2005Q1":1259.38593,"_2004Q4":938.73167,"_2004Q3":1275.8252,"_2004Q2":1165.40378,"_2004Q1":1363.87467,"_2003Q4":650.877,"_2003Q3":1315.966,"_2003Q2":758.626,"_2003Q1":1301.025,"_2002Q4":975.12,"_2002Q3":1110.792,"_2002Q2":843.616,"_2002Q1":534.036,"_2001Q4":313.189,"_2001Q3":804.426,"_2001Q2":881.875,"_2001Q1":1369.017}},{"p":"ELEC.GEN.PEL-DE-99.Q","v":{"_2015Q4":null,"_2015Q3":null,"_2015Q2":null,"_2015Q1":132.60253,"_2014Q4":2.45615,"_2014Q3":4.97416,"_2014Q2":4.00923,"_2014Q1":171.8421,"_2013Q4":1.69131,"_2013Q3":9.14785,"_2013Q2":2.4564,"_2013Q1":9.61649,"_2012Q4":3.25853,"_2012Q3":7.8922,"_2012Q2":7.12033,"_2012Q1":3.35316,"_2011Q4":2.93343,"_2011Q3":8.67671,"_2011Q2":10.62982,"_2011Q1":15.4995,"_2010Q4":21.17748,"_2010Q3":11.66653,"_2010Q2":5.78349,"_2010Q1":17.46716,"_2009Q4":7.89173,"_2009Q3":55.90399,"_2009Q2":66.54066,"_2009Q1":128.02935,"_2008Q4":38.7507,"_2008Q3":77.46772,"_2008Q2":49.89889,"_2008Q1":53.05984,"_2007Q4":40.3639,"_2007Q3":67.67535,"_2007Q2":32.6451,"_2007Q1":100.45164,"_2006Q4":22.41033,"_2006Q3":80.86474,"_2006Q2":15.70119,"_2006Q1":12.93877,"_2005Q4":263.47303,"_2005Q3":415.72967,"_2005Q2":194.60927,"_2005Q1":346.42748,"_2004Q4":197.44095,"_2004Q3":177.23709,"_2004Q2":245.55933,"_2004Q1":483.34038,"_2003Q4":88.538,"_2003Q3":516.909,"_2003Q2":251.425,"_2003Q1":792.465,"_2002Q4":157.179,"_2002Q3":373.687,"_2002Q2":171.616,"_2002Q1":195.545,"_2001Q4":315.353,"_2001Q3":429.11,"_2001Q2":508.367,"_2001Q1":429.458}},{"p":"ELEC.GEN.NG-DE-99.Q","v":{"_2015Q4":1202.25562,"_2015Q3":2185.84804,"_2015Q2":2089.59816,