{"p":"ENC","c":[{"p":"ELEC.GEN.NUC-ENC-99.Q","c":{"2015Q4":37927.083,"2015Q3":39584.703,"2015Q2":38274.772,"2015Q1":38250.942,"2014Q4":39428.9,"2014Q3":41177.999,"2014Q2":38077.24,"2014Q1":36151.145,"2013Q4":39715.355,"2013Q3":39324.362,"2013Q2":35259.083,"2013Q1":39549.903,"2012Q4":39624.998,"2012Q3":39253.834,"2012Q2":35893.18,"2012Q1":41035.604,"2011Q4":37966.317,"2011Q3":41494.543,"2011Q2":37003.272,"2011Q1":38698.058,"2010Q4":37603.036,"2010Q3":41368.042,"2010Q2":37861.087,"2010Q1":38067.744,"2009Q4":35962.692,"2009Q3":38524.679,"2009Q2":33536.388,"2009Q1":37190.405,"2008Q4":38346.116,"2008Q3":41450.528,"2008Q2":38713.329,"2008Q1":37794.537,"2007Q4":37187.586,"2007Q3":40105.341,"2007Q2":37801.169,"2007Q1":40826.07,"2006Q4":38533.161,"2006Q3":39722.201,"2006Q2":35877.702,"2006Q1":38167.695,"2005Q4":40212.352,"2005Q3":40230.492,"2005Q2":35651.079,"2005Q1":34764.376,"2004Q4":35451.577,"2004Q3":39880.636,"2004Q2":38636.504,"2004Q1":36478.537,"2003Q4":35849.604,"2003Q3":38417.099,"2003Q2":32052.672,"2003Q1":37057.703,"2002Q4":37888.792,"2002Q3":37725.204,"2002Q2":34254.325,"2002Q1":35392.956,"2001Q4":35740.557,"2001Q3":35007.485,"2001Q2":36884.476,"2001Q1":38407.581}},{"p":"ELEC.GEN.OOG-ENC-99.Q","c":{"2015Q4":698.31874,"2015Q3":1442.6636,"2015Q2":1143.61344,"2015Q1":1278.06434,"2014Q4":1205.32371,"2014Q3":1250.20822,"2014Q2":1098.01627,"2014Q1":994.99707,"2013Q4":1153.4607,"2013Q3":1204.75415,"2013Q2":1115.90035,"2013Q1":1200.9953,"2012Q4":953.55274,"2012Q3":1070.03267,"2012Q2":1000.50806,"2012Q1":1034.546,"2011Q4":762.15854,"2011Q3":899.58736,"2011Q2":764.95077,"2011Q1":648.15715,"2010Q4":729.99327,"2010Q3":762.87083,"2010Q2":774.73374,"2010Q1":590.30941,"2009Q4":615.48012,"2009Q3":627.23317,"2009Q2":408.9627,"2009Q1":496.74997,"2008Q4":435.49636,"2008Q3":900.06476,"2008Q2":855.92376,"2008Q1":743.52353,"2007Q4":823.22961,"2007Q3":826.01133,"2007Q2":825.77657,"2007Q1":822.34667,"2006Q4":796.82039,"2006Q3":1025.80349,"2006Q2":1003.28222,"2006Q1":965.36952,"2005Q4":882.23604,"2005Q3":851.70363,"2005Q2":818.20755,"2005Q1":1038.68845,"2004Q4":999.56087,"2004Q3":1135.07745,"2004Q2":1094.93643,"2004Q1":1053.55969,"2003Q4":809.925,"2003Q3":775.317,"2003Q2":726.712,"2003Q1":698.642,"2002Q4":748.785,"2002Q3":1008.665,"2002Q2":888.395,"2002Q1":809.679,"2001Q4":883.587,"2001Q3":1017.274,"2001Q2":932.422,"2001Q1":808.865}},{"p":"ELEC.GEN.AOR-ENC-99.Q","c":{"2015Q4":9565.3571,"2015Q3":4860.26653,"2015Q2":6879.58664,"2015Q1":7925.62391,"2014Q4":7651.28522,"2014Q3":4357.55041,"2014Q2":6715.51473,"2014Q1":7926.27669,"2013Q4":7302.15788,"2013Q3":4048.42576,"2013Q2":6248.67102,"2013Q1":7289.64132,"2012Q4":6006.47039,"2012Q3":3545.54772,"2012Q2":5114.14235,"2012Q1":6000.10562,"2011Q4":5238.11753,"2011Q3":2999.93462,"2011Q2":4444.55236,"2011Q1":4466.7148,"2010Q4":4460.23146,"2010Q3":2898.67863,"2010Q2":3597.71303,"2010Q1":3433.69835,"2009Q4":3416.46813,"2009Q3":2026.2703,"2009Q2":2603.42784,"2009Q1":2786.311,"2008Q4":2679.77569,"2008Q3":1777.88396,"2008Q2":2087.63103,"2008Q1":1969.53162,"2007Q4":1592.33678,"2007Q3":1435.85799,"2007Q2":1421.19792,"2007Q1":1248.01474,"2006Q4":1361.3547,"2006Q3":1312.57217,"2006Q2":1267.20448,"2006Q1":1294.70992,"2005Q4":1302.16988,"2005Q3":1270.42473,"2005Q2":1217.791,"2005Q1":1181.75208,"2004Q4":1319.64723,"2004Q3":1349.54402,"2004Q2":1174.48547,"2004Q1":1215.55719,"2003Q4":1276.30387,"2003Q3":1306.7963,"2003Q2":1186.30551,"2003Q1":1332.82116,"2002Q4":1038.28246,"2002Q3":1144.00388,"2002Q2":1016.82245,"2002Q1":1027.25405,"2001Q4":1216.6227,"2001Q3":1230.54454,"2001Q2":1104.77446,"2001Q1":1136.04118}},{"p":"ELEC.GEN.HYC-ENC-99.Q","c":{"2015Q4":1141.21644,"2015Q3":1013.99589,"2015Q2":1168.0586,"2015Q1":1432.62203,"2014Q4":1299.20498,"2014Q3":1321.63821,"2014Q2":1520.43493,"2014Q1":911.97513,"2013Q4":940.0888,"2013Q3":995.14602,"2013Q2":1457.18035,"2013Q1":1061.96689,"2012Q4":912.28176,"2012Q3":805.71227,"2012Q2":1042.88816,"2012Q1":935.08083,"2011Q4":1024.92937,"2011Q3":1262.11238,"2011Q2":1210.79041,"2011Q1":939.28173,"2010Q4":1069.39723,"2010Q3":1025.92919,"2010Q2":1388.99389,"2010Q1":879.36396,"2009Q4":939.28989,"2009Q3":830.09345,"2009Q2":1194.1806,"2009Q1":969.94645,"2008Q4":918.4032,"2008Q3":1057.21055,"2008Q2":1094.45446,"2008Q1":872.21612,"2007Q4":871.81527,"2007Q3":720.20776,"2007Q2":1142.90734,"2007Q1":1065.24115,"2006Q4":935.10614,"2006Q3":1207.94221,"2006Q2":1225.19596,"2006Q1":1125.43004,"2005Q4":934.24778,"2005Q3":1074.60496,"2005Q2":1157.586,"2005Q1":1118.55107,"2004Q4":1163.40343,"2004Q3":1065.63049,"2004Q2":1417.78856,"2004Q1":1200.56387,"2003Q4":973.703,"2003Q3":1005.391,"2003Q2":1349.667,"2003Q1":973.644,"2002Q4":1298.388,"2002Q3":1255.218,"2002Q2":1498.382,"2002Q1":1160.703,"2001Q4":1156.777,"2001Q3":1073.17,"2001Q2":1501.32,"2001Q1":1112.405}},{"p":"ELEC.GEN.SUN-ENC-99.Q","c":{"2015Q4":80.31187,"2015Q3":107.55645,"2015Q2":106.35033,"2015Q1":70.36075,"2014Q4":49.1263,"2014Q3":66.61431,"2014Q2":60.25436,"2014Q1":31.3511,"2013Q4":50.56654,"2013Q3":33.19262,"2013Q2":28.44039,"2013Q1":16.76998,"2012Q4":16.59879,"2012Q3":22.38657,"2012Q2":21.56119,"2012Q1":6.91794,"2011Q4":4.65251,"2011Q3":9.86829,"2011Q2":10.62922,"2011Q1":4.40698,"2010Q4":4.01841,"2010Q3":10.7637,"2010Q2":10.63763,"2010Q1":1.57295,"2009Q4":0.016,"2009Q3":0,"2009Q2":0,"2009Q1":0}},{"p":"ELEC.GEN.WND-ENC-99.Q","c":{"2015Q4":7981.05433,"2015Q3":3198.7123,"2015Q2":5332.67515,"2015Q1":6360.98529,"2014Q4":6161.44979,"2014Q3":2694.15902,"2014Q2":5068.46957,"2014Q1":6294.39397,"2013Q4":5738.24769,"2013Q3":2441.96946,"2013Q2":4642.59195,"2013Q1":5786.96149,"2012Q4":4491.40524,"2012Q3":1939.7957,"2012Q2":3615.6918,"2012Q1":4564.77196,"2011Q4":3748.21457,"2011Q3":1476.40324,"2011Q2":3034.15476,"2011Q1":3082.41744,"2010Q4":3119.47848,"2010Q3":1513.73687,"2010Q2":2170.74865,"2010Q1":2045.09266,"2009Q4":2002.20847,"2009Q3":696.04427,"2009Q2":1351.89751,"2009Q1":1538.82456,"2008Q4":1384.62115,"2008Q3":432.33842,"2008Q2":731.41534,"2008Q1":670.3831,"2007Q4":350.20503,"2007Q3":138.95043,"2007Q2":188.60228,"2007Q1":113.42329,"2006Q4":127.31906,"2006Q3":56.2718,"2006Q2":93.71074,"2006Q1":95.25844,"2005Q4":117.62185,"2005Q3":28.68322,"2005Q2":52.33967,"2005Q1":50.16125,"2004Q4":62.29727,"2004Q3":29.22425,"2004Q2":47.49353,"2004Q1":44.49597,"2003Q4":37.019,"2003Q3":23.776,"2003Q2":28.208,"2003Q1":29.262,"2002Q4":12.454,"2002Q3":7.071,"2002Q2":10.596,"2002Q1":16.389,"2001Q4":33.553,"2001Q3":14.016,"2001Q2":13.527,"2001Q1":11.468}},{"p":"ELEC.GEN.SPV-ENC-99.Q","c":{"2015Q4":80.31187,"2015Q3":107.55645,"2015Q2":106.35033,"2015Q1":70.36075,"2014Q4":49.1263,"2014Q3":66.61431,"2014Q2":60.25436,"2014Q1":31.3511,"2013Q4":50.56654,"2013Q3":33.19262,"2013Q2":28.44039,"2013Q1":16.76998,"2012Q4":12.87217,"2012Q3":17.17344,"2012Q2":16.53289,"2012Q1":5.30899,"2011Q4":4.65251,"2011Q3":9.86829,"2011Q2":10.62922,"2011Q1":4.40698,"2010Q4":4.01841,"2010Q3":10.7637,"2010Q2":10.63763,"2010Q1":1.57295,"2009Q4":0.016,"2009Q3":0,"2009Q2":0,"2009Q1":0}},{"p":"ELEC.GEN.STH-ENC-99.Q","c":{"2012Q4":3.72663,"2012Q3":5.21313,"2012Q2":5.0283,"2012Q1":1.60894}},{"p":"ELEC.GEN.HPS-ENC-99.Q","c":{"2015Q4":-104.308,"2015Q3":-194.687,"2015Q2":-96.845,"2015Q1":-84.981,"2014Q4":-137.733,"2014Q3":-198.789,"2014Q2":-198.006,"2014Q1":-166.361,"2013Q4":-194.776,"2013Q3":-282.58,"2013Q2":-224.966,"2013Q1":-168.5,"2012Q4":-177.073,"2012Q3":-278.498,"2012Q2":-187.653,"2012Q1":-130.056,"2011Q4":-180.178,"2011Q3":-307.57,"2011Q2":-264.383,"2011Q1":-192.886,"2010Q4":-240.606,"2010Q3":-262.913,"2010Q2":-259.418,"2010Q1":-259.622,"2009Q4":-197.434,"2009Q3":-217.433,"2009Q2":-248.704,"2009Q1":-193.293,"2008Q4":-182.589,"2008Q3":-223.21,"2008Q2":-255.583,"2008Q1":-254.12,"2007Q4":-269.761,"2007Q3":-310.147,"2007Q2":-274.428,"2007Q1":-274.905,"2006Q4":-237.316,"2006Q3":-307.701,"2006Q2":-265.089,"2006Q1":-229.104,"2005Q4":-259.223,"2005Q3":-333.722,"2005Q2":-266.125,"2005Q1":-247.171,"2004Q4":-258.512,"2004Q3":-314.777,"2004Q2":-275.896,"2004Q1":-263.799,"2003Q4":-237.129,"2003Q3":-325.849,"2003Q2":-209.601,"2003Q1":-244.667,