{"p":"ESC","c":[{"p":"ELEC.GEN.NUC-ESC-99.Q","v":{"_2015Q4":19185.119,"_2015Q3":20444.407,"_2015Q2":19028.419,"_2015Q1":19968.497,"_2014Q4":20429.159,"_2014Q3":20918.988,"_2014Q2":19024.892,"_2014Q1":18792.839,"_2013Q4":19595.776,"_2013Q3":21240.235,"_2013Q2":20008.687,"_2013Q1":19329.76,"_2012Q4":17280.41,"_2012Q3":20503.919,"_2012Q2":16452.101,"_2012Q1":19003.017,"_2011Q4":20357.417,"_2011Q3":20584.583,"_2011Q2":15676.245,"_2011Q1":19993.843,"_2010Q4":18115.776,"_2010Q3":19296.11,"_2010Q2":18249.753,"_2010Q1":19661.644,"_2009Q4":19728.376,"_2009Q3":20462.969,"_2009Q2":17575.773,"_2009Q1":19909.602,"_2008Q4":18399.237,"_2008Q3":19705.859,"_2008Q2":18637.116,"_2008Q1":18676.836,"_2007Q4":18614.853,"_2007Q3":19722.314,"_2007Q2":17200.705,"_2007Q1":16846.41,"_2006Q4":16204.158,"_2006Q3":17818.825,"_2006Q2":15391.644,"_2006Q1":17593.832,"_2005Q4":17151.026,"_2005Q3":18223.152,"_2005Q2":17104.382,"_2005Q1":17096.617,"_2004Q4":17339.967,"_2004Q3":18681.222,"_2004Q2":18522.678,"_2004Q1":15936.959,"_2003Q4":17220.241,"_2003Q3":17843.413,"_2003Q2":15326.643,"_2003Q1":16341.692,"_2002Q4":17672.221,"_2002Q3":17370.403,"_2002Q2":16659.752,"_2002Q1":17787.934,"_2001Q4":17023.603,"_2001Q3":17988.69,"_2001Q2":16328.842,"_2001Q1":17516.241}},{"p":"ELEC.GEN.OOG-ESC-99.Q","v":{"_2015Q4":null,"_2015Q3":null,"_2015Q2":null,"_2015Q1":null,"_2014Q4":43.95372,"_2014Q3":33.82602,"_2014Q2":70.0456,"_2014Q1":45.62468,"_2013Q4":53.02904,"_2013Q3":87.34707,"_2013Q2":75.49358,"_2013Q1":64.63412,"_2012Q4":15.08334,"_2012Q3":18.85533,"_2012Q2":68.02855,"_2012Q1":89.17047,"_2011Q4":85.07528,"_2011Q3":77.11212,"_2011Q2":84.3357,"_2011Q1":61.7003,"_2010Q4":69.12093,"_2010Q3":90.37883,"_2010Q2":79.66731,"_2010Q1":55.3168,"_2009Q4":60.70888,"_2009Q3":51.62907,"_2009Q2":20.57902,"_2009Q1":42.87017,"_2008Q4":59.63442,"_2008Q3":72.75639,"_2008Q2":60.34547,"_2008Q1":67.31268,"_2007Q4":74.73244,"_2007Q3":49.98286,"_2007Q2":64.02543,"_2007Q1":50.18576,"_2006Q4":46.75148,"_2006Q3":40.86073,"_2006Q2":53.31245,"_2006Q1":51.37804,"_2005Q4":27.86526,"_2005Q3":32.77986,"_2005Q2":33.75827,"_2005Q1":52.21573,"_2004Q4":68.6048,"_2004Q3":64.36041,"_2004Q2":56.08046,"_2004Q1":48.67037,"_2003Q4":51.42,"_2003Q3":47.846,"_2003Q2":53.242,"_2003Q1":52.496,"_2002Q4":31.854,"_2002Q3":46.798,"_2002Q2":44.351,"_2002Q1":39.326,"_2001Q4":42.467,"_2001Q3":61.282,"_2001Q2":48.078,"_2001Q1":55.816}},{"p":"ELEC.GEN.AOR-ESC-99.Q","v":{"_2015Q4":1598.93902,"_2015Q3":1671.76332,"_2015Q2":1590.87634,"_2015Q1":1578.42879,"_2014Q4":1417.59738,"_2014Q3":1503.64869,"_2014Q2":1476.70059,"_2014Q1":1478.01087,"_2013Q4":1416.01128,"_2013Q3":1538.39256,"_2013Q2":1412.3046,"_2013Q1":1394.12718,"_2012Q4":1334.80305,"_2012Q3":1409.23272,"_2012Q2":1341.79551,"_2012Q1":1369.24997,"_2011Q4":1419.69772,"_2011Q3":1453.95683,"_2011Q2":1431.21435,"_2011Q1":1473.8766,"_2010Q4":1314.09035,"_2010Q3":1365.94695,"_2010Q2":1305.31932,"_2010Q1":1323.32375,"_2009Q4":1460.99128,"_2009Q3":1559.05676,"_2009Q2":1390.94923,"_2009Q1":1377.14115,"_2008Q4":1442.42894,"_2008Q3":1615.62138,"_2008Q2":1478.94773,"_2008Q1":1636.57037,"_2007Q4":1685.23677,"_2007Q3":1735.35548,"_2007Q2":1701.25377,"_2007Q1":1608.28818,"_2006Q4":1679.27136,"_2006Q3":1743.88069,"_2006Q2":1647.33048,"_2006Q1":1624.45869,"_2005Q4":1589.78834,"_2005Q3":1583.50245,"_2005Q2":1574.73711,"_2005Q1":1607.96838,"_2004Q4":1642.55769,"_2004Q3":1676.76467,"_2004Q2":1624.91351,"_2004Q1":1590.38924,"_2003Q4":1509.12679,"_2003Q3":1524.70936,"_2003Q2":1367.73808,"_2003Q1":1422.53526,"_2002Q4":1270.35075,"_2002Q3":1547.293,"_2002Q2":1404.00528,"_2002Q1":1626.53468,"_2001Q4":1670.80066,"_2001Q3":1686.87937,"_2001Q2":1532.12376,"_2001Q1":1563.25443}},{"p":"ELEC.GEN.HYC-ESC-99.Q","v":{"_2015Q4":6961.98269,"_2015Q3":4842.55585,"_2015Q2":4796.73939,"_2015Q1":6713.08214,"_2014Q4":6314.77866,"_2014Q3":3869.38242,"_2014Q2":3965.58454,"_2014Q1":7361.34338,"_2013Q4":6357.43618,"_2013Q3":6413.44347,"_2013Q2":7227.21103,"_2013Q1":8619.58433,"_2012Q4":4789.74695,"_2012Q3":3633.27617,"_2012Q2":2048.0181,"_2012Q1":7621.62377,"_2011Q4":5740.29609,"_2011Q3":3781.57222,"_2011Q2":5547.88421,"_2011Q1":6358.79651,"_2010Q4":4517.78949,"_2010Q3":3218.22902,"_2010Q2":3818.41854,"_2010Q1":7867.85795,"_2009Q4":9442.65386,"_2009Q3":4413.29366,"_2009Q2":6021.46319,"_2009Q1":6187.5653,"_2008Q4":3431.85933,"_2008Q3":2792.91031,"_2008Q2":2890.02835,"_2008Q1":4584.89306,"_2007Q4":1544.81942,"_2007Q3":2447.40438,"_2007Q2":2226.96693,"_2007Q1":4525.11128,"_2006Q4":4982.99496,"_2006Q3":3734.29927,"_2006Q2":3649.42026,"_2006Q1":5225.42251,"_2005Q4":4167.79105,"_2005Q3":5605.06141,"_2005Q2":5411.2945,"_2005Q1":7231.16806,"_2004Q4":8383.97848,"_2004Q3":6013.77024,"_2004Q2":3512.3725,"_2004Q1":6904.4628,"_2003Q4":6593.303,"_2003Q3":7091.296,"_2003Q2":7626.929,"_2003Q1":7305.037,"_2002Q4":6742.379,"_2002Q3":3598.516,"_2002Q2":4681.678,"_2002Q1":5800.625,"_2001Q4":4685.787,"_2001Q3":5495.382,"_2001Q2":3729.337,"_2001Q1":5247.913}},{"p":"ELEC.GEN.SUN-ESC-99.Q","v":{"_2015Q4":20.53859,"_2015Q3":31.01244,"_2015Q2":32.16877,"_2015Q1":null,"_2014Q4":10.11873,"_2014Q3":6.98406,"_2014Q2":6.65421,"_2014Q1":3.72399,"_2013Q4":5.96039,"_2013Q3":6.12081,"_2013Q2":5.21656,"_2013Q1":3.09624,"_2012Q4":null,"_2012Q3":null,"_2012Q2":null,"_2012Q1":null}},{"p":"ELEC.GEN.WND-ESC-99.Q","v":{"_2015Q4":16.65,"_2015Q3":4.707,"_2015Q2":10.608,"_2015Q1":13.876,"_2014Q4":16.109,"_2014Q3":5.721,"_2014Q2":12.769,"_2014Q1":16.541,"_2013Q4":15.004,"_2013Q3":5.489,"_2013Q2":13.133,"_2013Q1":13.119,"_2012Q4":14.45,"_2012Q3":6.299,"_2012Q2":8.595,"_2012Q1":18.148,"_2011Q4":17.753,"_2011Q3":5.285,"_2011Q2":14.494,"_2011Q1":15.611,"_2010Q4":13.127,"_2010Q3":4.681,"_2010Q2":11.949,"_2010Q1":10.813,"_2009Q4":14.76,"_2009Q3":6.761,"_2009Q2":12.819,"_2009Q1":17.407,"_2008Q4":14.71,"_2008Q3":5.435,"_2008Q2":12.996,"_2008Q1":16.976,"_2007Q4":17.349,"_2007Q3":5.633,"_2007Q2":9.196,"_2007Q1":17.759,"_2006Q4":17.081,"_2006Q3":7.939,"_2006Q2":11.147,"_2006Q1":18.431,"_2005Q4":1.014,"_2005Q3":0.449,"_2005Q2":0.615,"_2005Q1":1.261,"_2004Q4":1.23,"_2004Q3":0.388,"_2004Q2":0.882,"_2004Q1":1.313,"_2003Q4":1.372,"_2003Q3":0.46,"_2003Q2":0.981,"_2003Q1":1.12,"_2002Q4":1.156,"_2002Q3":0.447,"_2002Q2":1.011,"_2002Q1":1.454,"_2001Q4":0,"_2001Q3":0,"_2001Q2":0,"_2001Q1":0}},{"p":"ELEC.GEN.SPV-ESC-99.Q","v":{"_2015Q4":20.53859,"_2015Q3":31.01244,"_2015Q2":32.16877,"_2015Q1":null,"_2014Q4":10.11873,"_2014Q3":6.98406,"_2014Q2":6.65421,"_2014Q1":3.72399,"_2013Q4":5.96039,"_2013Q3":6.12081,"_2013Q2":5.21656,"_2013Q1":3.09624,"_2012Q4":null,"_2012Q3":null,"_2012Q2":null,"_2012Q1":null}},{"p":"ELEC.GEN.HPS-ESC-99.Q","v":{"_2015Q4":-73.757,"_2015Q3":-251.926,"_2015Q2":-114.835,"_2015Q1":-90.184,"_2014Q4":-115.552,"_2014Q3":-181.23,"_2014Q2":-139.933,"_2014Q1":-54.468,"_2013Q4":-16.341,"_2013Q3":-2.563,"_2013Q2":-2.266,"_2013Q1":-20.842,"_2012Q4":-19.392,"_2012Q3":0,"_2012Q2":-44.272,"_2012Q1":-99.275,"_2011Q4":-148.86,"_2011Q3":-230.745,"_2011Q2":-156.741,"_2011Q1":-124.021,"_2010Q4":-151.732,"_2010Q3":-231.213,"_2010Q2":-188.414,"_2010Q1":-150.113,"_2009Q4":-109.196,"_2009Q3":-224.819,"_2009Q2":-169.963,"_2009Q1":-145.854,"_2008Q4":-171.859,"_2008Q3":-223.48,"_2008Q2":-194.83,"_2008Q1":-148.51,"_2007Q4":-138.702,"_2007Q3":-250.158,"_2007Q2":-169.041,"_2007Q1":-146.463,"_2006Q4":-111.497,"_2006Q3":-217.092,"_2006Q2":-197.45,"_2006Q1":-141.501,"_2005Q4":-128.038,"_2005Q3":-211.87,"_2005Q2":-97.159,"_2005Q1":-160.868,"_2004Q4":-178.282,"_2004Q3":-234.45,"_2004Q2":-231.762,"_2004Q1":-173.332,"_2003Q4":-118.845,"_2003Q3":-236.034,"_2003Q2":-206.846,"_2003Q1":-166.924,"_2002Q4":-168.261,"_2002Q3":-189.363,"_2002Q2":-188.608,"_2002Q1":-149.611,"_2001Q4":-146.377,"_2001Q3":-219.371,"_2001Q2":-212.119,"_2001Q1":-155.857}},{"p":"ELEC.GEN.WAS-ESC-99.Q","v":{"_2015Q4":63.57696,"_2015Q3":61.95972,"_2015Q2":61.63908,"_2015Q1":58.3576,"_2014Q4":48.80573,"_2014Q3":72.41821,"_2014Q2":65.55056,"_2014Q1":60.60895,"_2013Q4":40.8811,"_2013Q3":87.97617,"_2013Q2":46.44397,"_2013Q1":44.58772,"_2012Q4":48.47153,