{"p":"FL","c":[{"p":"ELEC.GEN.NUC-FL-99.Q","v":{"_2015Q4":6455.681,"_2015Q3":7347.1,"_2015Q2":6813.271,"_2015Q1":7505.864,"_2014Q4":7293.888,"_2014Q3":7145.612,"_2014Q2":6550.257,"_2014Q1":6878.513,"_2013Q4":6721.647,"_2013Q3":7957.835,"_2013Q2":6801.676,"_2013Q1":5044.697,"_2012Q4":4929.3,"_2012Q3":4077.043,"_2012Q2":4234.826,"_2012Q1":4628.766,"_2011Q4":5521.572,"_2011Q3":6753.706,"_2011Q2":5082.578,"_2011Q1":4657.512,"_2010Q4":6081.083,"_2010Q3":6253.097,"_2010Q2":4868.63656,"_2010Q1":6733.105,"_2009Q4":6192.316,"_2009Q3":7775.242,"_2009Q2":6849.573,"_2009Q1":8300.746,"_2008Q4":8120.641,"_2008Q3":8399.937,"_2008Q2":7833.398,"_2008Q1":7779.3,"_2007Q4":5909.481,"_2007Q3":7725.799,"_2007Q2":7157.856,"_2007Q1":8496.153,"_2006Q4":7984.497,"_2006Q3":8540.933,"_2006Q2":7258.04,"_2006Q1":7642.879,"_2005Q4":5689.124,"_2005Q3":8330.856,"_2005Q2":7296.693,"_2005Q1":7442.153,"_2004Q4":7163.213,"_2004Q3":7698.838,"_2004Q2":7888.245,"_2004Q1":8465.28,"_2003Q4":7221.385,"_2003Q3":8569.947,"_2003Q2":7210.108,"_2003Q1":7978.041,"_2002Q4":8199.87,"_2002Q3":8643.271,"_2002Q2":8382.706,"_2002Q1":8478.383,"_2001Q4":6941.713,"_2001Q3":8477.45,"_2001Q2":7715.302,"_2001Q1":8448.939}},{"p":"ELEC.GEN.OOG-FL-99.Q","v":{"_2015Q4":1.53273,"_2015Q3":1.57648,"_2015Q2":1.01426,"_2015Q1":0.65035,"_2014Q4":0.97476,"_2014Q3":2.36022,"_2014Q2":2.41131,"_2014Q1":0.92316,"_2013Q4":1.22103,"_2013Q3":1.40581,"_2013Q2":0.84008,"_2013Q1":1.20452,"_2012Q4":0.79652,"_2012Q3":0.87902,"_2012Q2":1.98545,"_2012Q1":2.39325,"_2011Q4":1.4086,"_2011Q3":1.49782,"_2011Q2":1.74356,"_2011Q1":1.54122,"_2010Q4":1.94202,"_2010Q3":3.15433,"_2010Q2":1.93116,"_2010Q1":1.04727,"_2009Q4":1.09979,"_2009Q3":1.6604,"_2009Q2":1.76596,"_2009Q1":2.27393,"_2008Q4":2.72949,"_2008Q3":2.43959,"_2008Q2":2.28485,"_2008Q1":2.52303,"_2007Q4":3.6598,"_2007Q3":4.26524,"_2007Q2":4.14443,"_2007Q1":3.09295,"_2006Q4":3.53317,"_2006Q3":4.6684,"_2006Q2":4.9142,"_2006Q1":3.80781,"_2005Q4":2.20295,"_2005Q3":3.3714,"_2005Q2":4.6766,"_2005Q1":2.98858,"_2004Q4":3.99592,"_2004Q3":3.96935,"_2004Q2":3.71484,"_2004Q1":3.05186,"_2003Q4":2.733,"_2003Q3":2.969,"_2003Q2":2.451,"_2003Q1":2.353,"_2002Q4":2.191,"_2002Q3":2.675,"_2002Q2":3.336,"_2002Q1":4.878,"_2001Q4":0.142,"_2001Q3":0.18,"_2001Q2":0.254,"_2001Q1":0.058}},{"p":"ELEC.GEN.AOR-FL-99.Q","v":{"_2015Q4":1164.67872,"_2015Q3":1311.09086,"_2015Q2":1260.21556,"_2015Q1":1255.70865,"_2014Q4":1259.95864,"_2014Q3":1247.92238,"_2014Q2":1245.42821,"_2014Q1":1319.79911,"_2013Q4":1176.31668,"_2013Q3":1127.46662,"_2013Q2":1181.52939,"_2013Q1":1173.43292,"_2012Q4":1147.98566,"_2012Q3":1118.18757,"_2012Q2":1115.65514,"_2012Q1":1141.96961,"_2011Q4":1219.48567,"_2011Q3":1174.12822,"_2011Q2":1134.72709,"_2011Q1":1141.80249,"_2010Q4":1190.01016,"_2010Q3":1112.76895,"_2010Q2":1043.68399,"_2010Q1":1140.26031,"_2009Q4":1125.66337,"_2009Q3":1120.46103,"_2009Q2":1025.4236,"_2009Q1":1068.78383,"_2008Q4":1021.18629,"_2008Q3":1059.05972,"_2008Q2":1137.49931,"_2008Q1":1085.12279,"_2007Q4":1107.20222,"_2007Q3":1093.40568,"_2007Q2":1011.34356,"_2007Q1":1090.86635,"_2006Q4":1048.27102,"_2006Q3":1139.03696,"_2006Q2":1062.01519,"_2006Q1":1081.36636,"_2005Q4":1035.33395,"_2005Q3":1140.85413,"_2005Q2":1063.18553,"_2005Q1":1087.82276,"_2004Q4":1124.50352,"_2004Q3":1104.35084,"_2004Q2":1181.05578,"_2004Q1":1091.66123,"_2003Q4":1078.30223,"_2003Q3":1142.45506,"_2003Q2":1154.23662,"_2003Q1":1099.09585,"_2002Q4":857.93884,"_2002Q3":944.30764,"_2002Q2":961.17932,"_2002Q1":976.3553,"_2001Q4":969.54856,"_2001Q3":911.8195,"_2001Q2":965.83254,"_2001Q1":942.55655}},{"p":"ELEC.GEN.HYC-FL-99.Q","v":{"_2015Q4":null,"_2015Q3":null,"_2015Q2":null,"_2015Q1":null,"_2014Q4":40.22123,"_2014Q3":38.89552,"_2014Q2":57.66539,"_2014Q1":74.60587,"_2013Q4":53.14891,"_2013Q3":68.66379,"_2013Q2":65.40382,"_2013Q1":66.99751,"_2012Q4":35.19987,"_2012Q3":28.68875,"_2012Q2":38.57883,"_2012Q1":48.04355,"_2011Q4":47.88868,"_2011Q3":34.25802,"_2011Q2":52.47151,"_2011Q1":47.4238,"_2010Q4":36.38902,"_2010Q3":27.52762,"_2010Q2":41.83101,"_2010Q1":71.72635,"_2009Q4":72.26248,"_2009Q3":37.69565,"_2009Q2":52.75702,"_2009Q1":45.48685,"_2008Q4":45.55552,"_2008Q3":40.04825,"_2008Q2":54.68936,"_2008Q1":65.86488,"_2007Q4":27.46877,"_2007Q3":27.90565,"_2007Q2":39.46194,"_2007Q1":59.60965,"_2006Q4":39.9066,"_2006Q3":54.29856,"_2006Q2":56.51867,"_2006Q1":52.69817,"_2005Q4":53.32776,"_2005Q3":67.22795,"_2005Q2":70.57612,"_2005Q1":75.02716,"_2004Q4":66.31449,"_2004Q3":66.31449,"_2004Q2":66.31449,"_2004Q1":66.31449,"_2003Q4":64.396,"_2003Q3":78.133,"_2003Q2":61.221,"_2003Q1":58.917,"_2002Q4":58.286,"_2002Q3":31.556,"_2002Q2":43.304,"_2002Q1":50.968,"_2001Q4":29.288,"_2001Q3":43.005,"_2001Q2":42.754,"_2001Q1":32.671}},{"p":"ELEC.GEN.SUN-FL-99.Q","v":{"_2015Q4":44.47679,"_2015Q3":81.00349,"_2015Q2":83.15377,"_2015Q1":43.84779,"_2014Q4":58.48868,"_2014Q3":67.47653,"_2014Q2":67.3921,"_2014Q1":48.32687,"_2013Q4":35.97993,"_2013Q3":61.68061,"_2013Q2":66.51437,"_2013Q1":45.72708,"_2012Q4":36.24323,"_2012Q3":53.32218,"_2012Q2":61.95861,"_2012Q1":42.09197,"_2011Q4":22.99435,"_2011Q3":28.07205,"_2011Q2":34.01377,"_2011Q1":40.64584,"_2010Q4":20.2561,"_2010Q3":23.19548,"_2010Q2":25.75942,"_2010Q1":11.229,"_2009Q4":9.47}},{"p":"ELEC.GEN.SPV-FL-99.Q","v":{"_2015Q4":32.57879,"_2015Q3":41.35949,"_2015Q2":42.55077,"_2015Q1":29.88979,"_2014Q4":27.00468,"_2014Q3":32.90953,"_2014Q2":32.1541,"_2014Q1":25.13987,"_2013Q4":20.82193,"_2013Q3":29.90661,"_2013Q2":32.12437,"_2013Q1":25.16808,"_2012Q4":21.14223,"_2012Q3":28.61118,"_2012Q2":31.28563,"_2012Q1":24.23897,"_2011Q4":20.44535,"_2011Q3":24.67405,"_2011Q2":27.65177,"_2011Q1":23.88784,"_2010Q4":20.2561,"_2010Q3":23.19548,"_2010Q2":25.75942,"_2010Q1":11.229,"_2009Q4":9.47}},{"p":"ELEC.GEN.STH-FL-99.Q","v":{"_2015Q4":11.898,"_2015Q3":39.644,"_2015Q2":40.603,"_2015Q1":13.958,"_2014Q4":31.484,"_2014Q3":34.567,"_2014Q2":35.238,"_2014Q1":23.187,"_2013Q4":15.158,"_2013Q3":31.774,"_2013Q2":34.39,"_2013Q1":20.559,"_2012Q4":15.101,"_2012Q3":24.711,"_2012Q2":30.67299,"_2012Q1":17.853,"_2011Q4":2.549,"_2011Q3":3.398,"_2011Q2":6.362,"_2011Q1":16.758}},{"p":"ELEC.GEN.WAS-FL-99.Q","v":{"_2015Q4":637.20157,"_2015Q3":637.61644,"_2015Q2":566.06932,"_2015Q1":593.78055,"_2014Q4":565.93211,"_2014Q3":492.58669,"_2014Q2":576.79499,"_2014Q1":656.50206,"_2013Q4":625.29925,"_2013Q3":512.15174,"_2013Q2":551.86939,"_2013Q1":620.12082,"_2012Q4":617.75989,"_2012Q3":514.50796,"_2012Q2":555.28087,"_2012Q1":585.07271,"_2011Q4":637.8255,"_2011Q3":551.15068,"_2011Q2":538.32405,"_2011Q1":607.68451,"_2010Q4":641.8868,"_2010Q3":542.53329,"_2010Q2":552.41469,"_2010Q1":650.58082,"_2009Q4":615.07373,"_2009Q3":578.36377,"_2009Q2":543.13588,"_2009Q1":640.16383,"_2008Q4":583.93987,"_2008Q3":522.62159,"_2008Q2":616.4403,"_2008Q1":611.12503,"_2007Q4":609.21372,"_2007Q3":600.75146,"_2007Q2":526.48931,"_2007Q1":636.56498,"_2006Q4":590.39346,"_2006Q3":583.48539,"_2006Q2":570.86258,"_2006Q1":606.95972,"_2005Q4":536.13539,"_2005Q3":587.59562,"_2005Q2":571.80032,"_2005Q1":609.42459,"_2004Q4":556.7024,"_2004Q3":526.84181,"_2004Q2":632.36057,"_2004Q1":569.34252,"_2003Q4":534.79623,"_2003Q3":543.03006,"_2003Q2":601.21262,"_2003Q1":584.65585,"_2002Q4":510.55384,"_2002Q3":556.78364,"_2002Q2":523.41732,"_2002Q1":596.1343,"_2001Q4":491.93756,"_2001Q3":483.3765,"_2001Q2":482.82054,"_2001Q1":503.38655}},{"p":"ELEC.GEN.WWW-FL-99.Q","v":{"_2015Q4":483.00036,"_2015Q3":592.47091,"_2015Q2":610.99246,"_2015Q1":618.08032,"_2014Q4":635.53785,"_2014Q3":687.85917,"_2014Q2":601.24111,"_2014Q1":614.97017,"_2013Q4":515.03751,"_2013Q3":553.63425,"_2013Q2":563.14565,"_2013Q1":507.58502,"_2012Q4":493.98256,"_2012Q3":550.35742,"_2012Q2":498.41566,"_2012Q1":514.80493,"_2011Q4":558.66584,"_2011Q3":594.90549,"_2011Q2":562.38928,"_2011Q1":493.47215,"_2010Q4":527.86727,"_2010Q3":547.04018,"_2010Q2":465.50987,"_2010Q1":478.45049,"_2009Q4":501.11963,"_2009Q3":542.09725,"_2009Q2":482.28771,"_2009Q1":428.61999,"_2008Q4":437.24642,"_2008Q3":536.43813,"_2008Q2":521.05902,"_2008Q1":473.99776,"_2007Q4":497.9885,"_2007Q3":492.6542,