{"p":"GA","c":[{"p":"ELEC.GEN.NUC-GA-99.Q","c":{"2015Q4":8401.257,"2015Q3":8619.479,"2015Q2":8891.845,"2015Q1":7925.881,"2014Q4":8492.108,"2014Q3":8118.347,"2014Q2":8254.353,"2014Q1":7705.374,"2013Q4":8581.905,"2013Q3":8786.948,"2013Q2":8581.033,"2013Q1":6952.895,"2012Q4":8599.052,"2012Q3":8520.794,"2012Q2":8709.399,"2012Q1":8112.389,"2011Q4":8330.039,"2011Q3":8289.62,"2011Q2":7696.524,"2011Q1":7989.998,"2010Q4":8982.56,"2010Q3":8899.354,"2010Q2":8351.958,"2010Q1":7278.161,"2009Q4":8055.683,"2009Q3":8610.857,"2009Q2":7180.742,"2009Q1":7835.297,"2008Q4":8140.029,"2008Q3":8306.633,"2008Q2":7958.315,"2008Q1":7286.118,"2007Q4":8977.499,"2007Q3":8767.893,"2007Q2":7886.658,"2007Q1":6912.948,"2006Q4":8214.286,"2006Q3":8351.035,"2006Q2":8419.738,"2006Q1":7020.751,"2005Q4":7805.579,"2005Q3":8603.197,"2005Q2":7908.32,"2005Q1":7217.163,"2004Q4":8934.661,"2004Q3":8757.022,"2004Q2":8010.452,"2004Q1":8045.57,"2003Q4":8326.874,"2003Q3":8427.646,"2003Q2":8426.783,"2003Q1":8075.346,"2002Q4":6805.043,"2002Q3":8907.897,"2002Q2":7802.735,"2002Q1":7592.06,"2001Q4":8370.704,"2001Q3":8448.915,"2001Q2":8055.332,"2001Q1":8806.818}},{"p":"ELEC.GEN.AOR-GA-99.Q","c":{"2015Q4":1147.16141,"2015Q3":1151.18029,"2015Q2":1139.02183,"2015Q1":1087.29028,"2014Q4":1108.74786,"2014Q3":1081.17266,"2014Q2":1063.18161,"2014Q1":1029.50667,"2013Q4":1042.28017,"2013Q3":973.62861,"2013Q2":971.82728,"2013Q1":851.4422,"2012Q4":883.39409,"2012Q3":841.27326,"2012Q2":800.12417,"2012Q1":753.7447,"2011Q4":818.26229,"2011Q3":827.96971,"2011Q2":777.91872,"2011Q1":765.36887,"2010Q4":824.84507,"2010Q3":822.16932,"2010Q2":775.39953,"2010Q1":758.1486,"2009Q4":773.29402,"2009Q3":732.08931,"2009Q2":667.81356,"2009Q1":651.97279,"2008Q4":687.82774,"2008Q3":727.56132,"2008Q2":676.69343,"2008Q1":689.8873,"2007Q4":882.7994,"2007Q3":875.56163,"2007Q2":847.52243,"2007Q1":809.53818,"2006Q4":890.51771,"2006Q3":878.48982,"2006Q2":819.08687,"2006Q1":830.82331,"2005Q4":803.5157,"2005Q3":854.48401,"2005Q2":808.96199,"2005Q1":804.92665,"2004Q4":723.54897,"2004Q3":809.36801,"2004Q2":826.57169,"2004Q1":832.25029,"2003Q4":811.15332,"2003Q3":765.8403,"2003Q2":819.90876,"2003Q1":776.3712,"2002Q4":1794.30233,"2002Q3":1761.256,"2002Q2":1983.0089,"2002Q1":842.86617,"2001Q4":743.684,"2001Q3":730.10617,"2001Q2":756.00451,"2001Q1":772.95957}},{"p":"ELEC.GEN.HYC-GA-99.Q","c":{"2015Q4":933.9952,"2015Q3":663.20268,"2015Q2":698.83011,"2015Q1":724.57332,"2014Q4":615.46764,"2014Q3":656.51,"2014Q2":788.8891,"2014Q1":1003.48026,"2013Q4":889.50234,"2013Q3":1162.31355,"2013Q2":868.2707,"2013Q1":793.5036,"2012Q4":574.28606,"2012Q3":558.90727,"2012Q2":533.8071,"2012Q1":569.29959,"2011Q4":580.39356,"2011Q3":677.08762,"2011Q2":719.11323,"2011Q1":728.46314,"2010Q4":599.4825,"2010Q3":694.58841,"2010Q2":820.8791,"2010Q1":1206.75201,"2009Q4":1200.51064,"2009Q3":748.04357,"2009Q2":688.52751,"2009Q1":622.60121,"2008Q4":580.31553,"2008Q3":556.25592,"2008Q2":457.51401,"2008Q1":550.53288,"2007Q4":485.19989,"2007Q3":609.76472,"2007Q2":498.83771,"2007Q1":642.3857,"2006Q4":589.78653,"2006Q3":634.32051,"2006Q2":633.00074,"2006Q1":711.72923,"2005Q4":761.85904,"2005Q3":1135.23447,"2005Q2":1114.66543,"2005Q1":1020.29444,"2004Q4":1134.60834,"2004Q3":1123.24235,"2004Q2":584.66762,"2004Q1":849.878,"2003Q4":787.515,"2003Q3":1104.382,"2003Q2":1280.942,"2003Q1":967.431,"2002Q4":923.347,"2002Q3":514.296,"2002Q2":619.83,"2002Q1":658.249,"2001Q4":511.005,"2001Q3":588.933,"2001Q2":698.06,"2001Q1":798.429}},{"p":"ELEC.GEN.SUN-GA-99.Q","c":{"2015Q4":40.29448,"2015Q3":40.6215,"2015Q2":42.6279,"2015Q1":29.30576,"2014Q4":25.95945,"2014Q3":31.51608,"2014Q2":34.87268,"2014Q1":26.87845,"2013Q4":11.08817,"2013Q3":1.26894,"2013Q2":1.26793,"2013Q1":0.87227,"2012Q4":null,"2012Q3":null,"2012Q2":null,"2012Q1":0.28726}},{"p":"ELEC.GEN.SPV-GA-99.Q","c":{"2015Q4":40.29448,"2015Q3":40.6215,"2015Q2":42.6279,"2015Q1":29.30576,"2014Q4":25.95945,"2014Q3":31.51608,"2014Q2":34.87268,"2014Q1":26.87845,"2013Q4":11.08817,"2013Q3":1.26894,"2013Q2":1.26793,"2013Q1":0.87227,"2012Q4":null,"2012Q3":null,"2012Q2":null,"2012Q1":0.28726}},{"p":"ELEC.GEN.HPS-GA-99.Q","c":{"2015Q4":-83.988,"2015Q3":-349.239,"2015Q2":-167.243,"2015Q1":-214.062,"2014Q4":-283.909,"2014Q3":-352.088,"2014Q2":-114.408,"2014Q1":-30.228,"2013Q4":-141.18,"2013Q3":-22.675,"2013Q2":-98.029,"2013Q1":-165.417,"2012Q4":-156.923,"2012Q3":-293.598,"2012Q2":-218.468,"2012Q1":-168.895,"2011Q4":-221.673,"2011Q3":-272.31,"2011Q2":-111.933,"2011Q1":-127.601,"2010Q4":-50.313,"2010Q3":-139.855,"2010Q2":-94.401,"2010Q1":6.615,"2009Q4":144.771,"2009Q3":48.876,"2009Q2":4.319,"2009Q1":74.022,"2008Q4":41.543,"2008Q3":-146.931,"2008Q2":57.355,"2008Q1":-108.889,"2007Q4":21.304,"2007Q3":-146.836,"2007Q2":-107.109,"2007Q1":-89.008,"2006Q4":-58.723,"2006Q3":-138.188,"2006Q2":-112.592,"2006Q1":-90.84,"2005Q4":-85.018,"2005Q3":-29.455,"2005Q2":-18.842,"2005Q1":-75.906,"2004Q4":-208.347,"2004Q3":-293.488,"2004Q2":-196.299,"2004Q1":-179.712,"2003Q4":-181.797,"2003Q3":-127.942,"2003Q2":-145.897,"2003Q1":-180.457,"2002Q4":-157.51,"2002Q3":-209.896,"2002Q2":-156.938,"2002Q1":-123.824,"2001Q4":-124.453,"2001Q3":-178.683,"2001Q2":-156.949,"2001Q1":-109.625}},{"p":"ELEC.GEN.WAS-GA-99.Q","c":{"2015Q4":108.74857,"2015Q3":99.23023,"2015Q2":92.51917,"2015Q1":93.71903,"2014Q4":88.46692,"2014Q3":100.27931,"2014Q2":113.14587,"2014Q1":111.60433,"2013Q4":110.60934,"2013Q3":113.56897,"2013Q2":115.15597,"2013Q1":75.90439,"2012Q4":62.76005,"2012Q3":57.14392,"2012Q2":25.20166,"2012Q1":23.01631,"2011Q4":15.14277,"2011Q3":39.99344,"2011Q2":29.29895,"2011Q1":34.82775,"2010Q4":35.62196,"2010Q3":37.70649,"2010Q2":29.69712,"2010Q1":23.97539,"2009Q4":23.23271,"2009Q3":22.60118,"2009Q2":18.94667,"2009Q1":14.81994,"2008Q4":11.90553,"2008Q3":76.73326,"2008Q2":18.04753,"2008Q1":14.99878,"2007Q4":14.39252,"2007Q3":14.05446,"2007Q2":14.69484,"2007Q1":10.18234,"2006Q4":13.8592,"2006Q3":15.91649,"2006Q2":14.15454,"2006Q1":12.77746,"2005Q4":15.13816,"2005Q3":17.70865,"2005Q2":22.13501,"2005Q1":22.14145,"2004Q4":19.73575,"2004Q3":23.07826,"2004Q2":17.87878,"2004Q1":22.77161,"2003Q4":36.77632,"2003Q3":35.2423,"2003Q2":28.36476,"2003Q1":33.5372,"2002Q4":32.12233,"2002Q3":46.844,"2002Q2":35.0349,"2002Q1":48.45517,"2001Q4":6.221,"2001Q3":8.77517,"2001Q2":7.20951,"2001Q1":6.21457}},{"p":"ELEC.GEN.WWW-GA-99.Q","c":{"2015Q4":998.11836,"2015Q3":1011.32856,"2015Q2":1003.87477,"2015Q1":964.26549,"2014Q4":994.3215,"2014Q3":949.37727,"2014Q2":915.16307,"2014Q1":891.02388,"2013Q4":920.58266,"2013Q3":858.79069,"2013Q2":855.4034,"2013Q1":774.66555,"2012Q4":819.78947,"2012Q3":783.0333,"2012Q2":774.22968,"2012Q1":730.44115,"2011Q4":803.11952,"2011Q3":787.97627,"2011Q2":748.61977,"2011Q1":730.54112,"2010Q4":789.22311,"2010Q3":784.46283,"2010Q2":745.70242,"2010Q1":734.1732,"2009Q4":750.06131,"2009Q3":709.48813,"2009Q2":648.86688,"2009Q1":637.15284,"2008Q4":675.92221,"2008Q3":650.82805,"2008Q2":658.6459,"2008Q1":674.88852,"2007Q4":868.40688,"2007Q3":861.50717,"2007Q2":832.82758,"2007Q1":799.35586,"2006Q4":876.65852,"2006Q3":862.57334,"2006Q2":804.93233,"2006Q1":818.04586,"2005Q4":788.37755,"2005Q3":836.77537,"2005Q2":786.82697,"2005Q1":782.78519,"2004Q4":703.81322,"2004Q3":786.28978,"2004Q2":808.69291,"2004Q1":809.47868,"2003Q4":774.378,"2003Q3":730.597,"2003Q2":791.543,"2003Q1":742.833,"2002Q4":1762.18,"2002Q3":1714.412,"2002Q2":1947.974,"2002Q1":794.411,"2001Q4":737.463,"2001Q3":721.331,"2001Q2":748.795,"2001Q1":766.745}},{"p":"ELEC.GEN.TSN-GA-99.Q","c":{"2015Q4":58.41371,"2015Q3":64.35807,"2015Q2":67.81263,"2015Q1":48.22529,"2014Q4":43.40543,"2014Q3":54.5394,"2014Q2":59.65243,"2014Q1":45.64849}},{"p":"ELEC.GEN.DPV-GA-99.Q","c":{"2015Q4":18.11923,"2015Q3":23.73657,"2015Q2":25.18473,"2015Q1":18.91953,"2014Q4":17.44598,"2014Q3":23.02332,"2014Q2":24.77975,"2014Q1":18.77004}},{"p":"ELEC.GEN.ALL-GA-99.Q","c":{"2015Q4":27260.19729,"2015Q3":37018.76977,"2015Q2":33108.6098,"2015Q1":30871.55668,"2014Q4":28332.24935,"2014Q3":35351.55076,"2014Q2":31467.75403,"2014Q1":30685.66939,"2013Q4":29040.33935,"2013Q3":34900.23427,