{"p":"GA","c":[{"p":"ELEC.GEN.NUC-GA-99.Q","v":{"_2015Q4":8401.257,"_2015Q3":8619.479,"_2015Q2":8891.845,"_2015Q1":7925.881,"_2014Q4":8492.108,"_2014Q3":8118.347,"_2014Q2":8254.353,"_2014Q1":7705.374,"_2013Q4":8581.905,"_2013Q3":8786.948,"_2013Q2":8581.033,"_2013Q1":6952.895,"_2012Q4":8599.052,"_2012Q3":8520.794,"_2012Q2":8709.399,"_2012Q1":8112.389,"_2011Q4":8330.039,"_2011Q3":8289.62,"_2011Q2":7696.524,"_2011Q1":7989.998,"_2010Q4":8982.56,"_2010Q3":8899.354,"_2010Q2":8351.958,"_2010Q1":7278.161,"_2009Q4":8055.683,"_2009Q3":8610.857,"_2009Q2":7180.742,"_2009Q1":7835.297,"_2008Q4":8140.029,"_2008Q3":8306.633,"_2008Q2":7958.315,"_2008Q1":7286.118,"_2007Q4":8977.499,"_2007Q3":8767.893,"_2007Q2":7886.658,"_2007Q1":6912.948,"_2006Q4":8214.286,"_2006Q3":8351.035,"_2006Q2":8419.738,"_2006Q1":7020.751,"_2005Q4":7805.579,"_2005Q3":8603.197,"_2005Q2":7908.32,"_2005Q1":7217.163,"_2004Q4":8934.661,"_2004Q3":8757.022,"_2004Q2":8010.452,"_2004Q1":8045.57,"_2003Q4":8326.874,"_2003Q3":8427.646,"_2003Q2":8426.783,"_2003Q1":8075.346,"_2002Q4":6805.043,"_2002Q3":8907.897,"_2002Q2":7802.735,"_2002Q1":7592.06,"_2001Q4":8370.704,"_2001Q3":8448.915,"_2001Q2":8055.332,"_2001Q1":8806.818}},{"p":"ELEC.GEN.AOR-GA-99.Q","v":{"_2015Q4":1147.16141,"_2015Q3":1151.18029,"_2015Q2":1139.02183,"_2015Q1":1087.29028,"_2014Q4":1108.74786,"_2014Q3":1081.17266,"_2014Q2":1063.18161,"_2014Q1":1029.50667,"_2013Q4":1042.28017,"_2013Q3":973.62861,"_2013Q2":971.82728,"_2013Q1":851.4422,"_2012Q4":883.39409,"_2012Q3":841.27326,"_2012Q2":800.12417,"_2012Q1":753.7447,"_2011Q4":818.26229,"_2011Q3":827.96971,"_2011Q2":777.91872,"_2011Q1":765.36887,"_2010Q4":824.84507,"_2010Q3":822.16932,"_2010Q2":775.39953,"_2010Q1":758.1486,"_2009Q4":773.29402,"_2009Q3":732.08931,"_2009Q2":667.81356,"_2009Q1":651.97279,"_2008Q4":687.82774,"_2008Q3":727.56132,"_2008Q2":676.69343,"_2008Q1":689.8873,"_2007Q4":882.7994,"_2007Q3":875.56163,"_2007Q2":847.52243,"_2007Q1":809.53818,"_2006Q4":890.51771,"_2006Q3":878.48982,"_2006Q2":819.08687,"_2006Q1":830.82331,"_2005Q4":803.5157,"_2005Q3":854.48401,"_2005Q2":808.96199,"_2005Q1":804.92665,"_2004Q4":723.54897,"_2004Q3":809.36801,"_2004Q2":826.57169,"_2004Q1":832.25029,"_2003Q4":811.15332,"_2003Q3":765.8403,"_2003Q2":819.90876,"_2003Q1":776.3712,"_2002Q4":1794.30233,"_2002Q3":1761.256,"_2002Q2":1983.0089,"_2002Q1":842.86617,"_2001Q4":743.684,"_2001Q3":730.10617,"_2001Q2":756.00451,"_2001Q1":772.95957}},{"p":"ELEC.GEN.HYC-GA-99.Q","v":{"_2015Q4":933.9952,"_2015Q3":663.20268,"_2015Q2":698.83011,"_2015Q1":724.57332,"_2014Q4":615.46764,"_2014Q3":656.51,"_2014Q2":788.8891,"_2014Q1":1003.48026,"_2013Q4":889.50234,"_2013Q3":1162.31355,"_2013Q2":868.2707,"_2013Q1":793.5036,"_2012Q4":574.28606,"_2012Q3":558.90727,"_2012Q2":533.8071,"_2012Q1":569.29959,"_2011Q4":580.39356,"_2011Q3":677.08762,"_2011Q2":719.11323,"_2011Q1":728.46314,"_2010Q4":599.4825,"_2010Q3":694.58841,"_2010Q2":820.8791,"_2010Q1":1206.75201,"_2009Q4":1200.51064,"_2009Q3":748.04357,"_2009Q2":688.52751,"_2009Q1":622.60121,"_2008Q4":580.31553,"_2008Q3":556.25592,"_2008Q2":457.51401,"_2008Q1":550.53288,"_2007Q4":485.19989,"_2007Q3":609.76472,"_2007Q2":498.83771,"_2007Q1":642.3857,"_2006Q4":589.78653,"_2006Q3":634.32051,"_2006Q2":633.00074,"_2006Q1":711.72923,"_2005Q4":761.85904,"_2005Q3":1135.23447,"_2005Q2":1114.66543,"_2005Q1":1020.29444,"_2004Q4":1134.60834,"_2004Q3":1123.24235,"_2004Q2":584.66762,"_2004Q1":849.878,"_2003Q4":787.515,"_2003Q3":1104.382,"_2003Q2":1280.942,"_2003Q1":967.431,"_2002Q4":923.347,"_2002Q3":514.296,"_2002Q2":619.83,"_2002Q1":658.249,"_2001Q4":511.005,"_2001Q3":588.933,"_2001Q2":698.06,"_2001Q1":798.429}},{"p":"ELEC.GEN.SUN-GA-99.Q","v":{"_2015Q4":40.29448,"_2015Q3":40.6215,"_2015Q2":42.6279,"_2015Q1":29.30576,"_2014Q4":25.95945,"_2014Q3":31.51608,"_2014Q2":34.87268,"_2014Q1":26.87845,"_2013Q4":11.08817,"_2013Q3":1.26894,"_2013Q2":1.26793,"_2013Q1":0.87227,"_2012Q4":null,"_2012Q3":null,"_2012Q2":null,"_2012Q1":0.28726}},{"p":"ELEC.GEN.SPV-GA-99.Q","v":{"_2015Q4":40.29448,"_2015Q3":40.6215,"_2015Q2":42.6279,"_2015Q1":29.30576,"_2014Q4":25.95945,"_2014Q3":31.51608,"_2014Q2":34.87268,"_2014Q1":26.87845,"_2013Q4":11.08817,"_2013Q3":1.26894,"_2013Q2":1.26793,"_2013Q1":0.87227,"_2012Q4":null,"_2012Q3":null,"_2012Q2":null,"_2012Q1":0.28726}},{"p":"ELEC.GEN.HPS-GA-99.Q","v":{"_2015Q4":-83.988,"_2015Q3":-349.239,"_2015Q2":-167.243,"_2015Q1":-214.062,"_2014Q4":-283.909,"_2014Q3":-352.088,"_2014Q2":-114.408,"_2014Q1":-30.228,"_2013Q4":-141.18,"_2013Q3":-22.675,"_2013Q2":-98.029,"_2013Q1":-165.417,"_2012Q4":-156.923,"_2012Q3":-293.598,"_2012Q2":-218.468,"_2012Q1":-168.895,"_2011Q4":-221.673,"_2011Q3":-272.31,"_2011Q2":-111.933,"_2011Q1":-127.601,"_2010Q4":-50.313,"_2010Q3":-139.855,"_2010Q2":-94.401,"_2010Q1":6.615,"_2009Q4":144.771,"_2009Q3":48.876,"_2009Q2":4.319,"_2009Q1":74.022,"_2008Q4":41.543,"_2008Q3":-146.931,"_2008Q2":57.355,"_2008Q1":-108.889,"_2007Q4":21.304,"_2007Q3":-146.836,"_2007Q2":-107.109,"_2007Q1":-89.008,"_2006Q4":-58.723,"_2006Q3":-138.188,"_2006Q2":-112.592,"_2006Q1":-90.84,"_2005Q4":-85.018,"_2005Q3":-29.455,"_2005Q2":-18.842,"_2005Q1":-75.906,"_2004Q4":-208.347,"_2004Q3":-293.488,"_2004Q2":-196.299,"_2004Q1":-179.712,"_2003Q4":-181.797,"_2003Q3":-127.942,"_2003Q2":-145.897,"_2003Q1":-180.457,"_2002Q4":-157.51,"_2002Q3":-209.896,"_2002Q2":-156.938,"_2002Q1":-123.824,"_2001Q4":-124.453,"_2001Q3":-178.683,"_2001Q2":-156.949,"_2001Q1":-109.625}},{"p":"ELEC.GEN.WAS-GA-99.Q","v":{"_2015Q4":108.74857,"_2015Q3":99.23023,"_2015Q2":92.51917,"_2015Q1":93.71903,"_2014Q4":88.46692,"_2014Q3":100.27931,"_2014Q2":113.14587,"_2014Q1":111.60433,"_2013Q4":110.60934,"_2013Q3":113.56897,"_2013Q2":115.15597,"_2013Q1":75.90439,"_2012Q4":62.76005,"_2012Q3":57.14392,"_2012Q2":25.20166,"_2012Q1":23.01631,"_2011Q4":15.14277,"_2011Q3":39.99344,"_2011Q2":29.29895,"_2011Q1":34.82775,"_2010Q4":35.62196,"_2010Q3":37.70649,"_2010Q2":29.69712,"_2010Q1":23.97539,"_2009Q4":23.23271,"_2009Q3":22.60118,"_2009Q2":18.94667,"_2009Q1":14.81994,"_2008Q4":11.90553,"_2008Q3":76.73326,"_2008Q2":18.04753,"_2008Q1":14.99878,"_2007Q4":14.39252,"_2007Q3":14.05446,"_2007Q2":14.69484,"_2007Q1":10.18234,"_2006Q4":13.8592,"_2006Q3":15.91649,"_2006Q2":14.15454,"_2006Q1":12.77746,"_2005Q4":15.13816,"_2005Q3":17.70865,"_2005Q2":22.13501,"_2005Q1":22.14145,"_2004Q4":19.73575,"_2004Q3":23.07826,"_2004Q2":17.87878,"_2004Q1":22.77161,"_2003Q4":36.77632,"_2003Q3":35.2423,"_2003Q2":28.36476,"_2003Q1":33.5372,"_2002Q4":32.12233,"_2002Q3":46.844,"_2002Q2":35.0349,"_2002Q1":48.45517,"_2001Q4":6.221,"_2001Q3":8.77517,"_2001Q2":7.20951,"_2001Q1":6.21457}},{"p":"ELEC.GEN.WWW-GA-99.Q","v":{"_2015Q4":998.11836,"_2015Q3":1011.32856,"_2015Q2":1003.87477,"_2015Q1":964.26549,"_2014Q4":994.3215,"_2014Q3":949.37727,"_2014Q2":915.16307,"_2014Q1":891.02388,"_2013Q4":920.58266,"_2013Q3":858.79069,"_2013Q2":855.4034,"_2013Q1":774.66555,"_2012Q4":819.78947,"_2012Q3":783.0333,"_2012Q2":774.22968,"_2012Q1":730.44115,"_2011Q4":803.11952,"_2011Q3":787.97627,"_2011Q2":748.61977,"_2011Q1":730.54112,"_2010Q4":789.22311,"_2010Q3":784.46283,"_2010Q2":745.70242,"_2010Q1":734.1732,"_2009Q4":750.06131,"_2009Q3":709.48813,"_2009Q2":648.86688,"_2009Q1":637.15284,"_2008Q4":675.92221,"_2008Q3":650.82805,"_2008Q2":658.6459,"_2008Q1":674.88852,"_2007Q4":868.40688,"_2007Q3":861.50717,"_2007Q2":832.82758,"_2007Q1":799.35586,"_2006Q4":876.65852,"_2006Q3":862.57334,"_2006Q2":804.93233,"_2006Q1":818.04586,"_2005Q4":788.37755,"_2005Q3":836.77537,"_2005Q2":786.82697,"_2005Q1":782.78519,"_2004Q4":703.81322,"_2004Q3":786.28978,"_2004Q2":808.69291,"_2004Q1":809.47868,"_2003Q4":774.378,"_2003Q3":730.597,"_2003Q2":791.543,"_2003Q1":742.833,"_2002Q4":1762.18,"_2002Q3":1714.412,"_2002Q2":1947.974,"_2002Q1":794.411,"_2001Q4":737.463,"_2001Q3":721.331,"_2001Q2":748.795,"_2001Q1":766.745}},{"p":"ELEC.GEN.TSN-GA-99.Q","v":{"_2015Q4":58.41371,"_2015Q3":64.35807,"_2015Q2":67.81263,"_2015Q1":48.22529,"_2014Q4":43.40543,"_2014Q3":54.5394,"_2014Q2":59.65243,