{"p":"HI","c":[{"p":"ELEC.GEN.OOG-HI-99.Q","c":{"2015Q4":null,"2015Q3":null,"2015Q2":null,"2015Q1":null,"2014Q4":15.76528,"2014Q3":17.78194,"2014Q2":16.12329,"2014Q1":12.53347,"2013Q4":10.7439,"2013Q3":11.73925,"2013Q2":8.80749,"2013Q1":10.03903,"2012Q4":10.19556,"2012Q3":12.33189,"2012Q2":11.86604,"2012Q1":12.64281,"2011Q4":8.31091,"2011Q3":9.7975,"2011Q2":8.78943,"2011Q1":8.35235,"2010Q4":5.14082,"2010Q3":5.76376,"2010Q2":5.67391,"2010Q1":5.33675,"2009Q4":5.87973,"2009Q3":6.30744,"2009Q2":5.07476,"2009Q1":5.08291,"2008Q4":7.49912,"2008Q3":10.34233,"2008Q2":10.53293,"2008Q1":10.19796,"2007Q4":12.83391,"2007Q3":13.32513,"2007Q2":8.40196,"2007Q1":10.66478,"2006Q4":11.86321,"2006Q3":11.75695,"2006Q2":12.58232,"2006Q1":6.55417,"2005Q4":9.11008,"2005Q3":9.56676,"2005Q2":10.70277,"2005Q1":11.75362,"2004Q4":13.02439,"2004Q3":8.59118,"2004Q2":12.3414,"2004Q1":13.95116,"2003Q4":10.323,"2003Q3":10.694,"2003Q2":9.926,"2003Q1":9.307,"2002Q4":9.538,"2002Q3":9.547,"2002Q2":9.637,"2002Q1":12.094,"2001Q4":13.033,"2001Q3":7.548,"2001Q2":8.196,"2001Q1":9.078}},{"p":"ELEC.GEN.AOR-HI-99.Q","c":{"2015Q4":325.92694,"2015Q3":332.83567,"2015Q2":329.30094,"2015Q1":260.08253,"2014Q4":304.85375,"2014Q3":334.45619,"2014Q2":345.49448,"2014Q1":220.94541,"2013Q4":274.59987,"2013Q3":336.23751,"2013Q2":288.61991,"2013Q1":227.52393,"2012Q4":229.38165,"2012Q3":267.70943,"2012Q2":246.66041,"2012Q1":181.06361,"2011Q4":244.47948,"2011Q3":240.78485,"2011Q2":214.64202,"2011Q1":181.01357,"2010Q4":167.63825,"2010Q3":233.34228,"2010Q2":211.93661,"2010Q1":134.05062,"2009Q4":156.6116,"2009Q3":211.87609,"2009Q2":158.48013,"2009Q1":177.86685,"2008Q4":171.67224,"2008Q3":216.91795,"2008Q2":209.07594,"2008Q1":179.13098,"2007Q4":203.25971,"2007Q3":202.09908,"2007Q2":208.59299,"2007Q1":139.39533,"2006Q4":160.62627,"2006Q3":159.76237,"2006Q2":151.92191,"2006Q1":145.33174,"2005Q4":131.68411,"2005Q3":138.99855,"2005Q2":126.13202,"2005Q1":141.15396,"2004Q4":138.10003,"2004Q3":143.82484,"2004Q2":140.43131,"2004Q1":127.25836,"2003Q4":146.3493,"2003Q3":152.5736,"2003Q2":148.9313,"2003Q1":79.17535,"2002Q4":63.66576,"2002Q3":115.09008,"2002Q2":89.2034,"2002Q1":102.96276,"2001Q4":124.57062,"2001Q3":123.80251,"2001Q2":140.08271,"2001Q1":107.96653}},{"p":"ELEC.GEN.HYC-HI-99.Q","c":{"2015Q4":null,"2015Q3":null,"2015Q2":null,"2015Q1":null,"2014Q4":29.61502,"2014Q3":25.41546,"2014Q2":16.8698,"2014Q1":22.18283,"2013Q4":9.97767,"2013Q3":13.80209,"2013Q2":18.20613,"2013Q1":36.30876,"2012Q4":18.65935,"2012Q3":25.74701,"2012Q2":36.53165,"2012Q1":33.64299,"2011Q4":41.04501,"2011Q3":5.70923,"2011Q2":34.71406,"2011Q1":11.67244,"2010Q4":20.47809,"2010Q3":15.02483,"2010Q2":18.7595,"2010Q1":16.1606,"2009Q4":29.93164,"2009Q3":18.54324,"2009Q2":24.92836,"2009Q1":39.2454,"2008Q4":12.71443,"2008Q3":10.91357,"2008Q2":18.10758,"2008Q1":42.60774,"2007Q4":32.55458,"2007Q3":19.2911,"2007Q2":12.86413,"2007Q1":27.63366,"2006Q4":25.12116,"2006Q3":25.11125,"2006Q2":34.68454,"2006Q1":35.17027,"2005Q4":21.00614,"2005Q3":30.69079,"2005Q2":32.01875,"2005Q1":12.47226,"2004Q4":22.18488,"2004Q3":7.54069,"2004Q2":38.60108,"2004Q1":25.57413,"2003Q4":23.866,"2003Q3":22.495,"2003Q2":24.75,"2003Q1":19.394,"2002Q4":17.342,"2002Q3":27.28,"2002Q2":22.269,"2002Q1":28.176,"2001Q4":26.586,"2001Q3":25.649,"2001Q2":26.11,"2001Q1":22.405}},{"p":"ELEC.GEN.SUN-HI-99.Q","c":{"2015Q4":null,"2015Q3":25.90828,"2015Q2":21.14197,"2015Q1":null,"2014Q4":11.99108,"2014Q3":13.95178,"2014Q2":8.5397,"2014Q1":4.7792,"2013Q4":5.68916,"2013Q3":5.84228,"2013Q2":4.97918,"2013Q1":2.95535,"2012Q4":1.24543,"2012Q3":1.47923,"2012Q2":1.42679,"2012Q1":0.45655,"2011Q4":0.55621,"2011Q3":1.20331,"2011Q2":1.2961,"2011Q1":0.53738,"2010Q4":0.25039,"2010Q3":0.67326,"2010Q2":0.66549,"2010Q1":0.18085,"2009Q4":0.19644,"2009Q3":0.51918,"2009Q2":0.4955,"2009Q1":0.17888,"2008Q4":0.018,"2008Q3":0,"2008Q2":0,"2008Q1":0}},{"p":"ELEC.GEN.WND-HI-99.Q","c":{"2015Q4":169.30442,"2015Q3":145.58151,"2015Q2":179.78946,"2015Q1":106.6345,"2014Q4":148.30276,"2014Q3":164.87787,"2014Q2":177.53103,"2014Q1":87.90534,"2013Q4":102.16386,"2013Q3":166.2152,"2013Q2":123.81912,"2013Q1":111.11182,"2012Q4":87.20153,"2012Q3":115.39967,"2012Q2":101.49546,"2012Q1":74.13734,"2011Q4":122.06396,"2011Q3":95.36533,"2011Q2":67.48076,"2011Q1":55.90194,"2010Q4":45.82691,"2010Q3":89.34945,"2010Q2":74.81515,"2010Q1":51.1285,"2009Q4":51.10957,"2009Q3":95.79495,"2009Q2":42.27776,"2009Q1":62.24472,"2008Q4":47.01323,"2008Q3":72.40396,"2008Q2":61.63421,"2008Q1":58.97162,"2007Q4":72.84614,"2007Q3":80.7195,"2007Q2":59.15744,"2007Q1":25.46092,"2006Q4":25.7431,"2006Q3":40.25791,"2006Q2":13.04908,"2006Q1":0.62392,"2005Q4":1.39684,"2005Q3":1.76516,"2005Q2":2.13513,"2005Q1":1.33488,"2004Q4":1.4425,"2004Q3":2.48657,"2004Q2":2.32517,"2004Q1":1.24076,"2003Q4":0.381,"2003Q3":0.524,"2003Q2":0.428,"2003Q1":0.241,"2002Q4":0.407,"2002Q3":0.516,"2002Q2":0.32,"2002Q1":0.374,"2001Q4":0.584,"2001Q3":0.65,"2001Q2":0.508,"2001Q1":0.38}},{"p":"ELEC.GEN.SPV-HI-99.Q","c":{"2015Q4":null,"2015Q3":25.90828,"2015Q2":21.14197,"2015Q1":null,"2014Q4":11.99108,"2014Q3":13.95178,"2014Q2":8.5397,"2014Q1":4.7792,"2013Q4":5.68916,"2013Q3":5.84228,"2013Q2":4.97918,"2013Q1":2.95535,"2012Q4":1.24543,"2012Q3":1.47923,"2012Q2":1.42679,"2012Q1":0.45655,"2011Q4":0.55621,"2011Q3":1.20331,"2011Q2":1.2961,"2011Q1":0.53738,"2010Q4":0.25039,"2010Q3":0.67326,"2010Q2":0.66549,"2010Q1":0.18085,"2009Q4":0.19644,"2009Q3":0.51918,"2009Q2":0.4955,"2009Q1":0.17888,"2008Q4":0.018,"2008Q3":0,"2008Q2":0,"2008Q1":0}},{"p":"ELEC.GEN.WAS-HI-99.Q","c":{"2015Q4":80.80748,"2015Q3":96.92288,"2015Q2":73.88353,"2015Q1":84.92332,"2014Q4":94.10391,"2014Q3":99.73255,"2014Q2":86.66977,"2014Q1":53.52387,"2013Q4":91.57383,"2013Q3":97.16503,"2013Q2":84.54661,"2013Q1":56.07877,"2012Q4":71.7997,"2012Q3":89.53953,"2012Q2":75.73716,"2012Q1":43.89972,"2011Q4":65.1373,"2011Q3":92.03121,"2011Q2":88.41016,"2011Q1":67.04826,"2010Q4":67.59178,"2010Q3":82.70458,"2010Q2":87.67398,"2010Q1":45.50328,"2009Q4":61.34359,"2009Q3":83.87296,"2009Q2":81.28587,"2009Q1":57.92425,"2008Q4":66.75701,"2008Q3":85.09899,"2008Q2":91.22872,"2008Q1":59.33837,"2007Q4":75.55756,"2007Q3":63.32458,"2007Q2":91.25155,"2007Q1":55.14341,"2006Q4":87.89417,"2006Q3":71.96246,"2006Q2":80.00583,"2006Q1":85.82983,"2005Q4":75.75027,"2005Q3":77.25039,"2005Q2":72.08288,"2005Q1":84.65608,"2004Q4":84.33153,"2004Q3":86.25028,"2004Q2":87.27915,"2004Q1":70.9706,"2003Q4":92.2313,"2003Q3":95.7306,"2003Q2":99.4313,"2003Q1":59.77335,"2002Q4":52.31776,"2002Q3":103.90308,"2002Q2":79.3384,"2002Q1":60.98476,"2001Q4":69.28462,"2001Q3":81.57651,"2001Q2":83.47071,"2001Q1":53.37653}},{"p":"ELEC.GEN.WWW-HI-99.Q","c":{"2014Q3":0,"2014Q2":0,"2014Q1":0,"2013Q4":0,"2013Q3":0,"2013Q2":0,"2013Q1":0,"2012Q4":0,"2012Q3":0,"2012Q2":0,"2012Q1":0,"2011Q4":0,"2011Q3":0,"2011Q2":0,"2011Q1":0,"2010Q4":0.00916,"2010Q3":0,"2010Q2":0,"2010Q1":0}},{"p":"ELEC.GEN.TSN-HI-99.Q","c":{"2015Q4":null,"2015Q3":195.4464,"2015Q2":187.49883,"2015Q1":null,"2014Q4":135.574,"2014Q3":162.63543,"2014Q2":153.26825,"2014Q1":119.0243}},{"p":"ELEC.GEN.DPV-HI-99.Q","c":{"2015Q4":140.18158,"2015Q3":169.53812,"2015Q2":166.35686,"2015Q1":130.93335,"2014Q4":123.58292,"2014Q3":148.68365,"2014Q2":144.72855,"2014Q1":114.2451}},{"p":"ELEC.GEN.ALL-HI-99.Q","c":{"2015Q4":2550.70007,"2015Q3":2683.30131,"2015Q2":2318.55548,"2015Q1":2377.80266,"2014Q4":2584.03801,"2014Q3":2736.70524,"2014Q2":2481.206,"2014Q1":2402.209,"2013Q4":2638.45057,"2013Q3":2713.52875,"2013Q2":2531.5867,"2013Q1":2383.48626,"2012Q4":2846.49879,"2012Q3":2617.67646,"2012Q2":2510.82705,"2012Q1":2494.26636,"2011Q4":2693.09322,"2011Q3":2760.45527,"2011Q2":2665.87633,"2011Q1":2603.90811,"2010Q4":2737.64408,"2010Q3":2855.30857,"2010Q2":2687.38981,"2010Q1":2555.69351,"2009Q4":2803.83405,"2009Q3":2922.76893,"2009Q2":2714.273,"2009Q1":2569.6569,"2008Q4":2802.43654,"2008Q3":2950.27859,"2008Q2":2854.05557,"2008Q1":2769.61436,"2007Q4":2868.52116,"2007Q3":3053.28274,"2007Q2":2870.3016,"2007Q1":2741.24407,"2006Q4":2891.27016,"2006Q3":3142.31289,"2006Q2":2847.57049,