{"p":"HI","c":[{"p":"ELEC.GEN.OOG-HI-99.Q","v":{"_2015Q4":null,"_2015Q3":null,"_2015Q2":null,"_2015Q1":null,"_2014Q4":15.76528,"_2014Q3":17.78194,"_2014Q2":16.12329,"_2014Q1":12.53347,"_2013Q4":10.7439,"_2013Q3":11.73925,"_2013Q2":8.80749,"_2013Q1":10.03903,"_2012Q4":10.19556,"_2012Q3":12.33189,"_2012Q2":11.86604,"_2012Q1":12.64281,"_2011Q4":8.31091,"_2011Q3":9.7975,"_2011Q2":8.78943,"_2011Q1":8.35235,"_2010Q4":5.14082,"_2010Q3":5.76376,"_2010Q2":5.67391,"_2010Q1":5.33675,"_2009Q4":5.87973,"_2009Q3":6.30744,"_2009Q2":5.07476,"_2009Q1":5.08291,"_2008Q4":7.49912,"_2008Q3":10.34233,"_2008Q2":10.53293,"_2008Q1":10.19796,"_2007Q4":12.83391,"_2007Q3":13.32513,"_2007Q2":8.40196,"_2007Q1":10.66478,"_2006Q4":11.86321,"_2006Q3":11.75695,"_2006Q2":12.58232,"_2006Q1":6.55417,"_2005Q4":9.11008,"_2005Q3":9.56676,"_2005Q2":10.70277,"_2005Q1":11.75362,"_2004Q4":13.02439,"_2004Q3":8.59118,"_2004Q2":12.3414,"_2004Q1":13.95116,"_2003Q4":10.323,"_2003Q3":10.694,"_2003Q2":9.926,"_2003Q1":9.307,"_2002Q4":9.538,"_2002Q3":9.547,"_2002Q2":9.637,"_2002Q1":12.094,"_2001Q4":13.033,"_2001Q3":7.548,"_2001Q2":8.196,"_2001Q1":9.078}},{"p":"ELEC.GEN.AOR-HI-99.Q","v":{"_2015Q4":325.92694,"_2015Q3":332.83567,"_2015Q2":329.30094,"_2015Q1":260.08253,"_2014Q4":304.85375,"_2014Q3":334.45619,"_2014Q2":345.49448,"_2014Q1":220.94541,"_2013Q4":274.59987,"_2013Q3":336.23751,"_2013Q2":288.61991,"_2013Q1":227.52393,"_2012Q4":229.38165,"_2012Q3":267.70943,"_2012Q2":246.66041,"_2012Q1":181.06361,"_2011Q4":244.47948,"_2011Q3":240.78485,"_2011Q2":214.64202,"_2011Q1":181.01357,"_2010Q4":167.63825,"_2010Q3":233.34228,"_2010Q2":211.93661,"_2010Q1":134.05062,"_2009Q4":156.6116,"_2009Q3":211.87609,"_2009Q2":158.48013,"_2009Q1":177.86685,"_2008Q4":171.67224,"_2008Q3":216.91795,"_2008Q2":209.07594,"_2008Q1":179.13098,"_2007Q4":203.25971,"_2007Q3":202.09908,"_2007Q2":208.59299,"_2007Q1":139.39533,"_2006Q4":160.62627,"_2006Q3":159.76237,"_2006Q2":151.92191,"_2006Q1":145.33174,"_2005Q4":131.68411,"_2005Q3":138.99855,"_2005Q2":126.13202,"_2005Q1":141.15396,"_2004Q4":138.10003,"_2004Q3":143.82484,"_2004Q2":140.43131,"_2004Q1":127.25836,"_2003Q4":146.3493,"_2003Q3":152.5736,"_2003Q2":148.9313,"_2003Q1":79.17535,"_2002Q4":63.66576,"_2002Q3":115.09008,"_2002Q2":89.2034,"_2002Q1":102.96276,"_2001Q4":124.57062,"_2001Q3":123.80251,"_2001Q2":140.08271,"_2001Q1":107.96653}},{"p":"ELEC.GEN.HYC-HI-99.Q","v":{"_2015Q4":null,"_2015Q3":null,"_2015Q2":null,"_2015Q1":null,"_2014Q4":29.61502,"_2014Q3":25.41546,"_2014Q2":16.8698,"_2014Q1":22.18283,"_2013Q4":9.97767,"_2013Q3":13.80209,"_2013Q2":18.20613,"_2013Q1":36.30876,"_2012Q4":18.65935,"_2012Q3":25.74701,"_2012Q2":36.53165,"_2012Q1":33.64299,"_2011Q4":41.04501,"_2011Q3":5.70923,"_2011Q2":34.71406,"_2011Q1":11.67244,"_2010Q4":20.47809,"_2010Q3":15.02483,"_2010Q2":18.7595,"_2010Q1":16.1606,"_2009Q4":29.93164,"_2009Q3":18.54324,"_2009Q2":24.92836,"_2009Q1":39.2454,"_2008Q4":12.71443,"_2008Q3":10.91357,"_2008Q2":18.10758,"_2008Q1":42.60774,"_2007Q4":32.55458,"_2007Q3":19.2911,"_2007Q2":12.86413,"_2007Q1":27.63366,"_2006Q4":25.12116,"_2006Q3":25.11125,"_2006Q2":34.68454,"_2006Q1":35.17027,"_2005Q4":21.00614,"_2005Q3":30.69079,"_2005Q2":32.01875,"_2005Q1":12.47226,"_2004Q4":22.18488,"_2004Q3":7.54069,"_2004Q2":38.60108,"_2004Q1":25.57413,"_2003Q4":23.866,"_2003Q3":22.495,"_2003Q2":24.75,"_2003Q1":19.394,"_2002Q4":17.342,"_2002Q3":27.28,"_2002Q2":22.269,"_2002Q1":28.176,"_2001Q4":26.586,"_2001Q3":25.649,"_2001Q2":26.11,"_2001Q1":22.405}},{"p":"ELEC.GEN.SUN-HI-99.Q","v":{"_2015Q4":null,"_2015Q3":25.90828,"_2015Q2":21.14197,"_2015Q1":null,"_2014Q4":11.99108,"_2014Q3":13.95178,"_2014Q2":8.5397,"_2014Q1":4.7792,"_2013Q4":5.68916,"_2013Q3":5.84228,"_2013Q2":4.97918,"_2013Q1":2.95535,"_2012Q4":1.24543,"_2012Q3":1.47923,"_2012Q2":1.42679,"_2012Q1":0.45655,"_2011Q4":0.55621,"_2011Q3":1.20331,"_2011Q2":1.2961,"_2011Q1":0.53738,"_2010Q4":0.25039,"_2010Q3":0.67326,"_2010Q2":0.66549,"_2010Q1":0.18085,"_2009Q4":0.19644,"_2009Q3":0.51918,"_2009Q2":0.4955,"_2009Q1":0.17888,"_2008Q4":0.018,"_2008Q3":0,"_2008Q2":0,"_2008Q1":0}},{"p":"ELEC.GEN.WND-HI-99.Q","v":{"_2015Q4":169.30442,"_2015Q3":145.58151,"_2015Q2":179.78946,"_2015Q1":106.6345,"_2014Q4":148.30276,"_2014Q3":164.87787,"_2014Q2":177.53103,"_2014Q1":87.90534,"_2013Q4":102.16386,"_2013Q3":166.2152,"_2013Q2":123.81912,"_2013Q1":111.11182,"_2012Q4":87.20153,"_2012Q3":115.39967,"_2012Q2":101.49546,"_2012Q1":74.13734,"_2011Q4":122.06396,"_2011Q3":95.36533,"_2011Q2":67.48076,"_2011Q1":55.90194,"_2010Q4":45.82691,"_2010Q3":89.34945,"_2010Q2":74.81515,"_2010Q1":51.1285,"_2009Q4":51.10957,"_2009Q3":95.79495,"_2009Q2":42.27776,"_2009Q1":62.24472,"_2008Q4":47.01323,"_2008Q3":72.40396,"_2008Q2":61.63421,"_2008Q1":58.97162,"_2007Q4":72.84614,"_2007Q3":80.7195,"_2007Q2":59.15744,"_2007Q1":25.46092,"_2006Q4":25.7431,"_2006Q3":40.25791,"_2006Q2":13.04908,"_2006Q1":0.62392,"_2005Q4":1.39684,"_2005Q3":1.76516,"_2005Q2":2.13513,"_2005Q1":1.33488,"_2004Q4":1.4425,"_2004Q3":2.48657,"_2004Q2":2.32517,"_2004Q1":1.24076,"_2003Q4":0.381,"_2003Q3":0.524,"_2003Q2":0.428,"_2003Q1":0.241,"_2002Q4":0.407,"_2002Q3":0.516,"_2002Q2":0.32,"_2002Q1":0.374,"_2001Q4":0.584,"_2001Q3":0.65,"_2001Q2":0.508,"_2001Q1":0.38}},{"p":"ELEC.GEN.SPV-HI-99.Q","v":{"_2015Q4":null,"_2015Q3":25.90828,"_2015Q2":21.14197,"_2015Q1":null,"_2014Q4":11.99108,"_2014Q3":13.95178,"_2014Q2":8.5397,"_2014Q1":4.7792,"_2013Q4":5.68916,"_2013Q3":5.84228,"_2013Q2":4.97918,"_2013Q1":2.95535,"_2012Q4":1.24543,"_2012Q3":1.47923,"_2012Q2":1.42679,"_2012Q1":0.45655,"_2011Q4":0.55621,"_2011Q3":1.20331,"_2011Q2":1.2961,"_2011Q1":0.53738,"_2010Q4":0.25039,"_2010Q3":0.67326,"_2010Q2":0.66549,"_2010Q1":0.18085,"_2009Q4":0.19644,"_2009Q3":0.51918,"_2009Q2":0.4955,"_2009Q1":0.17888,"_2008Q4":0.018,"_2008Q3":0,"_2008Q2":0,"_2008Q1":0}},{"p":"ELEC.GEN.WAS-HI-99.Q","v":{"_2015Q4":80.80748,"_2015Q3":96.92288,"_2015Q2":73.88353,"_2015Q1":84.92332,"_2014Q4":94.10391,"_2014Q3":99.73255,"_2014Q2":86.66977,"_2014Q1":53.52387,"_2013Q4":91.57383,"_2013Q3":97.16503,"_2013Q2":84.54661,"_2013Q1":56.07877,"_2012Q4":71.7997,"_2012Q3":89.53953,"_2012Q2":75.73716,"_2012Q1":43.89972,"_2011Q4":65.1373,"_2011Q3":92.03121,"_2011Q2":88.41016,"_2011Q1":67.04826,"_2010Q4":67.59178,"_2010Q3":82.70458,"_2010Q2":87.67398,"_2010Q1":45.50328,"_2009Q4":61.34359,"_2009Q3":83.87296,"_2009Q2":81.28587,"_2009Q1":57.92425,"_2008Q4":66.75701,"_2008Q3":85.09899,"_2008Q2":91.22872,"_2008Q1":59.33837,"_2007Q4":75.55756,"_2007Q3":63.32458,"_2007Q2":91.25155,"_2007Q1":55.14341,"_2006Q4":87.89417,"_2006Q3":71.96246,"_2006Q2":80.00583,"_2006Q1":85.82983,"_2005Q4":75.75027,"_2005Q3":77.25039,"_2005Q2":72.08288,"_2005Q1":84.65608,"_2004Q4":84.33153,"_2004Q3":86.25028,"_2004Q2":87.27915,"_2004Q1":70.9706,"_2003Q4":92.2313,"_2003Q3":95.7306,"_2003Q2":99.4313,"_2003Q1":59.77335,"_2002Q4":52.31776,"_2002Q3":103.90308,"_2002Q2":79.3384,"_2002Q1":60.98476,"_2001Q4":69.28462,"_2001Q3":81.57651,"_2001Q2":83.47071,"_2001Q1":53.37653}},{"p":"ELEC.GEN.WWW-HI-99.Q","v":{"_2014Q3":0,"_2014Q2":0,"_2014Q1":0,"_2013Q4":0,"_2013Q3":0,"_2013Q2":0,"_2013Q1":0,"_2012Q4":0,"_2012Q3":0,"_2012Q2":0,"_2012Q1":0,"_2011Q4":0,"_2011Q3":0,"_2011Q2":0,"_2011Q1":0,"_2010Q4":0.00916,"_2010Q3":0,"_2010Q2":0,"_2010Q1":0}},{"p":"ELEC.GEN.TSN-HI-99.Q","v":{"_2015Q4":null,"_2015Q3":195.4464,"_2015Q2":187.49883,"_2015Q1":null,"_2014Q4":135.574,"_2014Q3":162.63543,"_2014Q2":153.26825,"_2014Q1":119.0243}},{"p":"ELEC.GEN.DPV-HI-99.Q","v":{"_2015Q4":140.18158,"_2015Q3":169.53812,"_2015Q2":166.35686,"_2015Q1":130.93335,"_2014Q4":123.58292,"_2014Q3":148.68365,"_2014Q2":144.72855,"_2014Q1":114.2451}},{"p":"ELEC.GEN.ALL-HI-99.Q","v":{"_2015Q4":2550.70007,"_2015Q3":2683.30131,"_2015Q2":2318.55548,"_2015Q1":2377.80266,"_2014Q4":2584.03801,"_2014Q3":2736.70524,"_2014Q2":2481.206,"_2014Q1":2402.209,"_2013Q4":2638.45057,"_2013Q3":2713.52875,"_2013Q2":2531.5867,"_2013Q1":2383.48626,"_2012Q4":2846.49879,"_2012Q3":2617.67646,"_2012Q2":2510.82705,"_2012Q1":2494.26636,"_2011Q4":2693.09322,"_2011Q3":2760.45527,