{"p":"IA","c":[{"p":"ELEC.GEN.NUC-IA-99.Q","c":{"2015Q4":1341.632,"2015Q3":1309.964,"2015Q2":1304.77,"2015Q1":1287.08,"2014Q4":295.213,"2014Q3":1235.744,"2014Q2":1305.546,"2014Q1":1315.965,"2013Q4":1346.089,"2013Q3":1324.836,"2013Q2":1325.595,"2013Q1":1324.265,"2012Q4":423.9,"2012Q3":1264.975,"2012Q2":1318.557,"2012Q1":1339.563,"2011Q4":1353.366,"2011Q3":1210.209,"2011Q2":1325.425,"2011Q1":1326.229,"2010Q4":624.11,"2010Q3":1305.285,"2010Q2":1204.668,"2010Q1":1316.577,"2009Q4":1297.803,"2009Q3":1334.252,"2009Q2":1286.394,"2009Q1":760.482,"2008Q4":1326.481,"2008Q3":1302.798,"2008Q2":1316.087,"2008Q1":1336.836,"2007Q4":1336.886,"2007Q3":1318.674,"2007Q2":1264.186,"2007Q1":599.129,"2006Q4":1260.264,"2006Q3":1265.75,"2006Q2":1271.188,"2006Q1":1298.24,"2005Q4":1323.755,"2005Q3":1291.596,"2005Q2":763.507,"2005Q1":1159.455,"2004Q4":1198.258,"2004Q3":1261.02,"2004Q2":1190.959,"2004Q1":1278.711,"2003Q4":846.324,"2003Q3":1254.722,"2003Q2":970.475,"2003Q1":916.136,"2002Q4":1259.245,"2002Q3":973.605,"2002Q2":1191.68,"2002Q1":1149.428,"2001Q4":1116.797,"2001Q3":1105.372,"2001Q2":500.301,"2001Q1":1130.252}},{"p":"ELEC.GEN.AOR-IA-99.Q","c":{"2015Q4":5636.58841,"2015Q3":3197.60722,"2015Q2":4190.86254,"2015Q1":5113.51611,"2014Q4":4967.47132,"2014Q3":2503.77627,"2014Q2":4122.58392,"2014Q1":4979.16842,"2013Q4":4421.62599,"2013Q3":2759.41393,"2013Q2":4038.95027,"2013Q1":4507.04668,"2012Q4":4149.6512,"2012Q3":2281.24111,"2012Q2":3713.15362,"2012Q1":4039.37821,"2011Q4":3558.21475,"2011Q3":1508.4376,"2011Q2":3090.39742,"2011Q1":2712.71887,"2010Q4":2942.98565,"2010Q3":1848.53291,"2010Q2":2288.27651,"2010Q1":2280.68782,"2009Q4":2197.24123,"2009Q3":1228.52243,"2009Q2":1972.5537,"2009Q1":2190.28338,"2008Q4":1666.31239,"2008Q3":624.96101,"2008Q2":1054.86371,"2008Q1":904.96197,"2007Q4":775.85396,"2007Q3":510.7463,"2007Q2":769.08264,"2007Q1":852.09241,"2006Q4":682.54947,"2006Q3":385.57628,"2006Q2":656.76795,"2006Q1":729.82346,"2005Q4":571.02545,"2005Q3":335.2395,"2005Q2":482.22563,"2005Q1":375.48581,"2004Q4":291.56693,"2004Q3":202.38018,"2004Q2":293.09731,"2004Q1":368.83266,"2003Q4":349.55645,"2003Q3":180.6501,"2003Q2":253.42305,"2003Q1":312.50935,"2002Q4":274.791,"2002Q3":172.555,"2002Q2":282.119,"2002Q1":287.703,"2001Q4":190.78024,"2001Q3":99.778,"2001Q2":162.94494,"2001Q1":138.10807}},{"p":"ELEC.GEN.HYC-IA-99.Q","c":{"2015Q4":179.05508,"2015Q3":null,"2015Q2":197.1126,"2015Q1":272.03706,"2014Q4":234.06922,"2014Q3":266.3121,"2014Q2":223.33374,"2014Q1":154.88994,"2013Q4":149.70733,"2013Q3":227.18919,"2013Q2":211.54414,"2013Q1":160.68133,"2012Q4":154.00737,"2012Q3":225.57079,"2012Q2":207.32879,"2012Q1":179.28405,"2011Q4":205.28749,"2011Q3":273.90072,"2011Q2":273.85698,"2011Q1":172.30681,"2010Q4":273.5343,"2010Q3":298.61449,"2010Q2":200.6154,"2010Q1":175.4038,"2009Q4":244.65718,"2009Q3":288.9833,"2009Q2":267.01121,"2009Q1":170.51332,"2008Q4":159.38579,"2008Q3":247.98906,"2008Q2":219.2402,"2008Q1":192.43197,"2007Q4":259.58112,"2007Q3":238.84293,"2007Q2":248.30219,"2007Q1":215.61978,"2006Q4":201.95498,"2006Q3":175.73366,"2006Q2":273.76496,"2006Q1":257.89439,"2005Q4":240.58037,"2005Q3":199.19398,"2005Q2":274.98631,"2005Q1":244.76535,"2004Q4":259.11463,"2004Q3":250.80541,"2004Q2":239.40632,"2004Q1":196.63263,"2003Q4":168.784,"2003Q3":187.843,"2003Q2":255.188,"2003Q1":176.778,"2002Q4":243.103,"2002Q3":278.745,"2002Q2":212.099,"2002Q1":212.435,"2001Q4":217.649,"2001Q3":238.577,"2001Q2":158.451,"2001Q1":230.477}},{"p":"ELEC.GEN.WND-IA-99.Q","c":{"2015Q4":5570.89145,"2015Q3":3132.81999,"2015Q2":4127.23647,"2015Q1":5046.75091,"2014Q4":4913.0779,"2014Q3":2432.18276,"2014Q2":4050.22161,"2014Q1":4911.27227,"2013Q4":4373.30922,"2013Q3":2704.13063,"2013Q2":4010.53051,"2013Q1":4480.43606,"2012Q4":4117.12536,"2012Q3":2240.54114,"2012Q2":3675.43369,"2012Q1":3999.39045,"2011Q4":3526.63739,"2011Q3":1470.31721,"2011Q2":3043.87314,"2011Q1":2668.34918,"2010Q4":2904.60387,"2010Q3":1794.19514,"2010Q2":2233.60069,"2010Q1":2237.93749,"2009Q4":2149.84613,"2009Q3":1181.14887,"2009Q2":1933.12927,"2009Q1":2156.39533,"2008Q4":1621.84384,"2008Q3":587.6261,"2008Q2":1013.80401,"2008Q1":860.51306,"2007Q4":735.5922,"2007Q3":467.30666,"2007Q2":741.0759,"2007Q1":812.70125,"2006Q4":648.06363,"2006Q3":347.67103,"2006Q2":622.55288,"2006Q1":699.53346,"2005Q4":543.14124,"2005Q3":303.60479,"2005Q2":452.68429,"2005Q1":347.70369,"2004Q4":264.79138,"2004Q3":176.23695,"2004Q2":266.52605,"2004Q1":342.39715,"2003Q4":322.312,"2003Q3":149.378,"2003Q2":227.572,"2003Q1":282.709,"2002Q4":247.998,"2002Q3":146.229,"2002Q2":258.477,"2002Q1":266.13,"2001Q4":162.507,"2001Q3":73.686,"2001Q2":137.422,"2001Q1":114.248}},{"p":"ELEC.GEN.WAS-IA-99.Q","c":{"2015Q4":65.48455,"2015Q3":64.55161,"2015Q2":63.21292,"2015Q1":66.34768,"2014Q4":54.01934,"2014Q3":71.17686,"2014Q2":72.08134,"2014Q1":67.19221,"2013Q4":48.31676,"2013Q3":55.28331,"2013Q2":28.41976,"2013Q1":26.61063,"2012Q4":32.52585,"2012Q3":40.69997,"2012Q2":37.71993,"2012Q1":39.98776,"2011Q4":31.57737,"2011Q3":38.12038,"2011Q2":46.52428,"2011Q1":44.36968,"2010Q4":38.38179,"2010Q3":54.33778,"2010Q2":54.67582,"2010Q1":42.75032,"2009Q4":47.39511,"2009Q3":47.17983,"2009Q2":39.42442,"2009Q1":33.88805,"2008Q4":44.44131,"2008Q3":37.31359,"2008Q2":41.05971,"2008Q1":44.44891,"2007Q4":40.26175,"2007Q3":43.43964,"2007Q2":28.00674,"2007Q1":39.37545,"2006Q4":34.48584,"2006Q3":37.90525,"2006Q2":34.21507,"2006Q1":30.29,"2005Q4":27.88421,"2005Q3":31.63473,"2005Q2":29.54135,"2005Q1":27.78211,"2004Q4":26.77555,"2004Q3":26.14322,"2004Q2":26.57126,"2004Q1":26.4355,"2003Q4":27.24545,"2003Q3":31.2731,"2003Q2":25.85105,"2003Q1":29.80135,"2002Q4":26.793,"2002Q3":26.234,"2002Q2":23.642,"2002Q1":21.573,"2001Q4":28.27324,"2001Q3":26.092,"2001Q2":25.52294,"2001Q1":23.86007}},{"p":"ELEC.GEN.WWW-IA-99.Q","c":{"2015Q4":null,"2015Q3":null,"2015Q2":null,"2015Q1":null,"2014Q4":0.37409,"2014Q3":0.41664,"2014Q2":0.28097,"2014Q1":0.70396,"2013Q4":0,"2013Q3":0,"2013Q2":0,"2013Q1":0,"2009Q3":0.19373,"2008Q4":0.02723,"2008Q3":0.02134,"2007Q4":0,"2007Q3":0,"2007Q2":0,"2007Q1":0.01571,"2002Q4":0,"2002Q3":0.092}},{"p":"ELEC.GEN.TSN-IA-99.Q","c":{"2015Q4":6.90188,"2015Q3":11.44361,"2015Q2":10.72058,"2015Q1":6.50287,"2014Q4":5.33878,"2014Q3":7.33448,"2014Q2":5.72224,"2014Q1":3.05701}},{"p":"ELEC.GEN.DPV-IA-99.Q","c":{"2015Q4":6.90188,"2015Q3":11.44361,"2015Q2":10.72058,"2015Q1":6.50287,"2014Q4":5.33878,"2014Q3":7.33448,"2014Q2":5.72224,"2014Q1":3.05701}},{"p":"ELEC.GEN.ALL-IA-99.Q","c":{"2015Q4":13028.36952,"2015Q3":14672.767,"2015Q2":13412.60102,"2015Q1":16058.25147,"2014Q4":14538.40371,"2014Q3":13941.27977,"2014Q2":12763.51885,"2014Q1":15610.08015,"2013Q4":13663.84458,"2013Q3":14728.6861,"2013Q2":13640.6112,"2013Q1":14637.61506,"2012Q4":14001.48162,"2012Q3":15013.55776,"2012Q2":13275.46222,"2012Q1":14384.90232,"2011Q4":13879.76598,"2011Q3":14935.96464,"2011Q2":13884.33276,"2011Q1":13671.84926,"2010Q4":14081.49717,"2010Q3":15275.77673,"2010Q2":13559.85936,"2010Q1":14591.58754,"2009Q4":13623.34781,"2009Q3":13144.48117,"2009Q2":11836.43653,"2009Q1":13255.79763,"2008Q4":14140.67156,"2008Q3":13239.56108,"2008Q2":12248.92786,"2008Q1":13457.62586,"2007Q4":12808.55198,"2007Q3":13742.37889,"2007Q2":11436.2555,"2007Q1":11802.0306,"2006Q4":11949.96398,"2006Q3":11516.87211,"2006Q2":11015.71028,"2006Q1":11000.91602,"2005Q4":10995.71772,"2005Q3":12124.51086,"2005Q2":10524.0931,"2005Q1":10511.83825,"2004Q4":11050.55403,"2004Q3":11390.27723,"2004Q2":9672.87216,"2004Q1":11134.48558,"2003Q4":10274.483,"2003Q3":11307.243,"2003Q2":9842.649,"2003Q1":10691.82,"2002Q4":10750.925,"2002Q3":11202.024,"2002Q2":9993.146,"2002Q1":10582.291,"2001Q4":9931.204,"2001Q3":11059.671,"2001Q2":9086.333,"2001Q1":10581.304}},{"p":"ELEC.GEN.COW-IA-99.Q","c":{"2015Q4":5385.70979,"2015Q3":8976.66365,"2015Q2":7231.25166,"2015Q1":8783.57191,"2014Q4":8611.95154,"2014Q3":9469.4076,"2014Q2":6681.84704,"2014Q1":8969.55919,"2013Q4":7424.8079,"2013Q3":9716.91376,"2013Q2":7807.33495,"2013Q1":8353.28851,"2012Q4":8952.11678,"2012Q3":10223.17509,"2012Q2":7531.76325,"2012Q1":8624.29601,