{"p":"IA","c":[{"p":"ELEC.GEN.NUC-IA-99.Q","v":{"_2015Q4":1341.632,"_2015Q3":1309.964,"_2015Q2":1304.77,"_2015Q1":1287.08,"_2014Q4":295.213,"_2014Q3":1235.744,"_2014Q2":1305.546,"_2014Q1":1315.965,"_2013Q4":1346.089,"_2013Q3":1324.836,"_2013Q2":1325.595,"_2013Q1":1324.265,"_2012Q4":423.9,"_2012Q3":1264.975,"_2012Q2":1318.557,"_2012Q1":1339.563,"_2011Q4":1353.366,"_2011Q3":1210.209,"_2011Q2":1325.425,"_2011Q1":1326.229,"_2010Q4":624.11,"_2010Q3":1305.285,"_2010Q2":1204.668,"_2010Q1":1316.577,"_2009Q4":1297.803,"_2009Q3":1334.252,"_2009Q2":1286.394,"_2009Q1":760.482,"_2008Q4":1326.481,"_2008Q3":1302.798,"_2008Q2":1316.087,"_2008Q1":1336.836,"_2007Q4":1336.886,"_2007Q3":1318.674,"_2007Q2":1264.186,"_2007Q1":599.129,"_2006Q4":1260.264,"_2006Q3":1265.75,"_2006Q2":1271.188,"_2006Q1":1298.24,"_2005Q4":1323.755,"_2005Q3":1291.596,"_2005Q2":763.507,"_2005Q1":1159.455,"_2004Q4":1198.258,"_2004Q3":1261.02,"_2004Q2":1190.959,"_2004Q1":1278.711,"_2003Q4":846.324,"_2003Q3":1254.722,"_2003Q2":970.475,"_2003Q1":916.136,"_2002Q4":1259.245,"_2002Q3":973.605,"_2002Q2":1191.68,"_2002Q1":1149.428,"_2001Q4":1116.797,"_2001Q3":1105.372,"_2001Q2":500.301,"_2001Q1":1130.252}},{"p":"ELEC.GEN.AOR-IA-99.Q","v":{"_2015Q4":5636.58841,"_2015Q3":3197.60722,"_2015Q2":4190.86254,"_2015Q1":5113.51611,"_2014Q4":4967.47132,"_2014Q3":2503.77627,"_2014Q2":4122.58392,"_2014Q1":4979.16842,"_2013Q4":4421.62599,"_2013Q3":2759.41393,"_2013Q2":4038.95027,"_2013Q1":4507.04668,"_2012Q4":4149.6512,"_2012Q3":2281.24111,"_2012Q2":3713.15362,"_2012Q1":4039.37821,"_2011Q4":3558.21475,"_2011Q3":1508.4376,"_2011Q2":3090.39742,"_2011Q1":2712.71887,"_2010Q4":2942.98565,"_2010Q3":1848.53291,"_2010Q2":2288.27651,"_2010Q1":2280.68782,"_2009Q4":2197.24123,"_2009Q3":1228.52243,"_2009Q2":1972.5537,"_2009Q1":2190.28338,"_2008Q4":1666.31239,"_2008Q3":624.96101,"_2008Q2":1054.86371,"_2008Q1":904.96197,"_2007Q4":775.85396,"_2007Q3":510.7463,"_2007Q2":769.08264,"_2007Q1":852.09241,"_2006Q4":682.54947,"_2006Q3":385.57628,"_2006Q2":656.76795,"_2006Q1":729.82346,"_2005Q4":571.02545,"_2005Q3":335.2395,"_2005Q2":482.22563,"_2005Q1":375.48581,"_2004Q4":291.56693,"_2004Q3":202.38018,"_2004Q2":293.09731,"_2004Q1":368.83266,"_2003Q4":349.55645,"_2003Q3":180.6501,"_2003Q2":253.42305,"_2003Q1":312.50935,"_2002Q4":274.791,"_2002Q3":172.555,"_2002Q2":282.119,"_2002Q1":287.703,"_2001Q4":190.78024,"_2001Q3":99.778,"_2001Q2":162.94494,"_2001Q1":138.10807}},{"p":"ELEC.GEN.HYC-IA-99.Q","v":{"_2015Q4":179.05508,"_2015Q3":null,"_2015Q2":197.1126,"_2015Q1":272.03706,"_2014Q4":234.06922,"_2014Q3":266.3121,"_2014Q2":223.33374,"_2014Q1":154.88994,"_2013Q4":149.70733,"_2013Q3":227.18919,"_2013Q2":211.54414,"_2013Q1":160.68133,"_2012Q4":154.00737,"_2012Q3":225.57079,"_2012Q2":207.32879,"_2012Q1":179.28405,"_2011Q4":205.28749,"_2011Q3":273.90072,"_2011Q2":273.85698,"_2011Q1":172.30681,"_2010Q4":273.5343,"_2010Q3":298.61449,"_2010Q2":200.6154,"_2010Q1":175.4038,"_2009Q4":244.65718,"_2009Q3":288.9833,"_2009Q2":267.01121,"_2009Q1":170.51332,"_2008Q4":159.38579,"_2008Q3":247.98906,"_2008Q2":219.2402,"_2008Q1":192.43197,"_2007Q4":259.58112,"_2007Q3":238.84293,"_2007Q2":248.30219,"_2007Q1":215.61978,"_2006Q4":201.95498,"_2006Q3":175.73366,"_2006Q2":273.76496,"_2006Q1":257.89439,"_2005Q4":240.58037,"_2005Q3":199.19398,"_2005Q2":274.98631,"_2005Q1":244.76535,"_2004Q4":259.11463,"_2004Q3":250.80541,"_2004Q2":239.40632,"_2004Q1":196.63263,"_2003Q4":168.784,"_2003Q3":187.843,"_2003Q2":255.188,"_2003Q1":176.778,"_2002Q4":243.103,"_2002Q3":278.745,"_2002Q2":212.099,"_2002Q1":212.435,"_2001Q4":217.649,"_2001Q3":238.577,"_2001Q2":158.451,"_2001Q1":230.477}},{"p":"ELEC.GEN.WND-IA-99.Q","v":{"_2015Q4":5570.89145,"_2015Q3":3132.81999,"_2015Q2":4127.23647,"_2015Q1":5046.75091,"_2014Q4":4913.0779,"_2014Q3":2432.18276,"_2014Q2":4050.22161,"_2014Q1":4911.27227,"_2013Q4":4373.30922,"_2013Q3":2704.13063,"_2013Q2":4010.53051,"_2013Q1":4480.43606,"_2012Q4":4117.12536,"_2012Q3":2240.54114,"_2012Q2":3675.43369,"_2012Q1":3999.39045,"_2011Q4":3526.63739,"_2011Q3":1470.31721,"_2011Q2":3043.87314,"_2011Q1":2668.34918,"_2010Q4":2904.60387,"_2010Q3":1794.19514,"_2010Q2":2233.60069,"_2010Q1":2237.93749,"_2009Q4":2149.84613,"_2009Q3":1181.14887,"_2009Q2":1933.12927,"_2009Q1":2156.39533,"_2008Q4":1621.84384,"_2008Q3":587.6261,"_2008Q2":1013.80401,"_2008Q1":860.51306,"_2007Q4":735.5922,"_2007Q3":467.30666,"_2007Q2":741.0759,"_2007Q1":812.70125,"_2006Q4":648.06363,"_2006Q3":347.67103,"_2006Q2":622.55288,"_2006Q1":699.53346,"_2005Q4":543.14124,"_2005Q3":303.60479,"_2005Q2":452.68429,"_2005Q1":347.70369,"_2004Q4":264.79138,"_2004Q3":176.23695,"_2004Q2":266.52605,"_2004Q1":342.39715,"_2003Q4":322.312,"_2003Q3":149.378,"_2003Q2":227.572,"_2003Q1":282.709,"_2002Q4":247.998,"_2002Q3":146.229,"_2002Q2":258.477,"_2002Q1":266.13,"_2001Q4":162.507,"_2001Q3":73.686,"_2001Q2":137.422,"_2001Q1":114.248}},{"p":"ELEC.GEN.WAS-IA-99.Q","v":{"_2015Q4":65.48455,"_2015Q3":64.55161,"_2015Q2":63.21292,"_2015Q1":66.34768,"_2014Q4":54.01934,"_2014Q3":71.17686,"_2014Q2":72.08134,"_2014Q1":67.19221,"_2013Q4":48.31676,"_2013Q3":55.28331,"_2013Q2":28.41976,"_2013Q1":26.61063,"_2012Q4":32.52585,"_2012Q3":40.69997,"_2012Q2":37.71993,"_2012Q1":39.98776,"_2011Q4":31.57737,"_2011Q3":38.12038,"_2011Q2":46.52428,"_2011Q1":44.36968,"_2010Q4":38.38179,"_2010Q3":54.33778,"_2010Q2":54.67582,"_2010Q1":42.75032,"_2009Q4":47.39511,"_2009Q3":47.17983,"_2009Q2":39.42442,"_2009Q1":33.88805,"_2008Q4":44.44131,"_2008Q3":37.31359,"_2008Q2":41.05971,"_2008Q1":44.44891,"_2007Q4":40.26175,"_2007Q3":43.43964,"_2007Q2":28.00674,"_2007Q1":39.37545,"_2006Q4":34.48584,"_2006Q3":37.90525,"_2006Q2":34.21507,"_2006Q1":30.29,"_2005Q4":27.88421,"_2005Q3":31.63473,"_2005Q2":29.54135,"_2005Q1":27.78211,"_2004Q4":26.77555,"_2004Q3":26.14322,"_2004Q2":26.57126,"_2004Q1":26.4355,"_2003Q4":27.24545,"_2003Q3":31.2731,"_2003Q2":25.85105,"_2003Q1":29.80135,"_2002Q4":26.793,"_2002Q3":26.234,"_2002Q2":23.642,"_2002Q1":21.573,"_2001Q4":28.27324,"_2001Q3":26.092,"_2001Q2":25.52294,"_2001Q1":23.86007}},{"p":"ELEC.GEN.WWW-IA-99.Q","v":{"_2015Q4":null,"_2015Q3":null,"_2015Q2":null,"_2015Q1":null,"_2014Q4":0.37409,"_2014Q3":0.41664,"_2014Q2":0.28097,"_2014Q1":0.70396,"_2013Q4":0,"_2013Q3":0,"_2013Q2":0,"_2013Q1":0,"_2009Q3":0.19373,"_2008Q4":0.02723,"_2008Q3":0.02134,"_2007Q4":0,"_2007Q3":0,"_2007Q2":0,"_2007Q1":0.01571,"_2002Q4":0,"_2002Q3":0.092}},{"p":"ELEC.GEN.TSN-IA-99.Q","v":{"_2015Q4":6.90188,"_2015Q3":11.44361,"_2015Q2":10.72058,"_2015Q1":6.50287,"_2014Q4":5.33878,"_2014Q3":7.33448,"_2014Q2":5.72224,"_2014Q1":3.05701}},{"p":"ELEC.GEN.DPV-IA-99.Q","v":{"_2015Q4":6.90188,"_2015Q3":11.44361,"_2015Q2":10.72058,"_2015Q1":6.50287,"_2014Q4":5.33878,"_2014Q3":7.33448,"_2014Q2":5.72224,"_2014Q1":3.05701}},{"p":"ELEC.GEN.ALL-IA-99.Q","v":{"_2015Q4":13028.36952,"_2015Q3":14672.767,"_2015Q2":13412.60102,"_2015Q1":16058.25147,"_2014Q4":14538.40371,"_2014Q3":13941.27977,"_2014Q2":12763.51885,"_2014Q1":15610.08015,"_2013Q4":13663.84458,"_2013Q3":14728.6861,"_2013Q2":13640.6112,"_2013Q1":14637.61506,"_2012Q4":14001.48162,"_2012Q3":15013.55776,"_2012Q2":13275.46222,"_2012Q1":14384.90232,"_2011Q4":13879.76598,"_2011Q3":14935.96464,"_2011Q2":13884.33276,"_2011Q1":13671.84926,"_2010Q4":14081.49717,"_2010Q3":15275.77673,"_2010Q2":13559.85936,"_2010Q1":14591.58754,"_2009Q4":13623.34781,"_2009Q3":13144.48117,"_2009Q2":11836.43653,"_2009Q1":13255.79763,"_2008Q4":14140.67156,"_2008Q3":13239.56108,"_2008Q2":12248.92786,"_2008Q1":13457.62586,"_2007Q4":12808.55198,"_2007Q3":13742.37889,"_2007Q2":11436.2555,"_2007Q1":11802.0306,"_2006Q4":11949.96398,"_2006Q3":11516.87211,"_2006Q2":11015.71028,"_2006Q1":11000.91602,"_2005Q4":10995.71772,"_2005Q3":12124.51086,"_2005Q2":10524.0931,"_2005Q1":10511.83825,"_2004Q4":11050.55403,"_2004Q3":11390.27723,"_2004Q2":9672.87216,"_2004Q1":11134.48558,"_2003Q4":10274.483,"_2003Q3":11307.243,"_2003Q2":9842.649,"_2003Q1":10691.82,"_2002Q4":10750.925,"_2002Q3":11202.024,"_2002Q2":9993.146,"_2002Q1":10582.291,"_2001Q4":9931.204,