{"p":"ID","c":[{"p":"ELEC.GEN.AOR-ID-99.Q","v":{"_2015Q4":919.37596,"_2015Q3":678.89238,"_2015Q2":749.78594,"_2015Q1":803.65189,"_2014Q4":882.24207,"_2014Q3":686.31031,"_2014Q2":908.85556,"_2014Q1":999.7104,"_2013Q4":768.66267,"_2013Q3":748.99509,"_2013Q2":862.73427,"_2013Q1":771.66146,"_2012Q4":863.56649,"_2012Q3":472.33858,"_2012Q2":553.88845,"_2012Q1":624.70867,"_2011Q4":531.46748,"_2011Q3":405.15239,"_2011Q2":515.66715,"_2011Q1":439.88721,"_2010Q4":352.56879,"_2010Q3":221.04154,"_2010Q2":239.32411,"_2010Q1":201.07556,"_2009Q4":249.24251,"_2009Q3":199.46717,"_2009Q2":203.33986,"_2009Q1":215.26674,"_2008Q4":205.65715,"_2008Q3":166.92264,"_2008Q2":186.94509,"_2008Q1":188.88735,"_2007Q4":166.19867,"_2007Q3":174.31929,"_2007Q2":168.18036,"_2007Q1":144.1502,"_2006Q4":183.83018,"_2006Q3":180.3352,"_2006Q2":154.90394,"_2006Q1":170.88763,"_2005Q4":149.87268,"_2005Q3":151.8494,"_2005Q2":128.84608,"_2005Q1":129.06286,"_2004Q4":144.83982,"_2004Q3":139.7888,"_2004Q2":143.91847,"_2004Q1":131.73285,"_2003Q4":148.387,"_2003Q3":127.424,"_2003Q2":134.324,"_2003Q1":130.817,"_2002Q4":132.932,"_2002Q3":143.92,"_2002Q2":127.235,"_2002Q1":104.216,"_2001Q4":110.78,"_2001Q3":155.17,"_2001Q2":136.27,"_2001Q1":131.115}},{"p":"ELEC.GEN.HYC-ID-99.Q","v":{"_2015Q4":1437.33191,"_2015Q3":1990.57003,"_2015Q2":2335.99158,"_2015Q1":2398.33404,"_2014Q4":1358.96599,"_2014Q3":2613.91457,"_2014Q2":2985.39543,"_2014Q1":2043.93419,"_2013Q4":1243.57596,"_2013Q3":2501.74824,"_2013Q2":3124.17052,"_2013Q1":1603.95606,"_2012Q4":1502.52815,"_2012Q3":3018.32615,"_2012Q2":3915.83229,"_2012Q1":2503.71815,"_2011Q4":1737.44408,"_2011Q3":4096.20456,"_2011Q2":3950.48556,"_2011Q1":3620.6648,"_2010Q4":1482.54626,"_2010Q3":3132.13714,"_2010Q2":2931.77539,"_2010Q1":1607.78506,"_2009Q4":1379.29648,"_2009Q3":3133.93423,"_2009Q2":3969.3244,"_2009Q1":1951.70875,"_2008Q4":1273.54183,"_2008Q3":3074.31867,"_2008Q2":3342.37964,"_2008Q1":1672.26061,"_2007Q4":1207.84349,"_2007Q3":2655.37106,"_2007Q2":3135.28218,"_2007Q1":2023.19327,"_2006Q4":1604.91688,"_2006Q3":2846.59054,"_2006Q2":4070.7829,"_2006Q1":2720.08168,"_2005Q4":1463.54883,"_2005Q3":2601.87548,"_2005Q2":2970.35952,"_2005Q1":1506.33725,"_2004Q4":1228.67306,"_2004Q3":2808.54117,"_2004Q2":2758.96558,"_2004Q1":1665.47503,"_2003Q4":1294.861,"_2003Q3":2497.705,"_2003Q2":3042.331,"_2003Q1":1519.137,"_2002Q4":1302.633,"_2002Q3":2794.205,"_2002Q2":2842.95,"_2002Q1":1829.533,"_2001Q4":1320.068,"_2001Q3":2248.136,"_2001Q2":2190.07,"_2001Q1":1464.853}},{"p":"ELEC.GEN.WND-ID-99.Q","v":{"_2015Q4":736.83594,"_2015Q3":505.09345,"_2015Q2":572.60034,"_2015Q1":642.05736,"_2014Q4":725.4544,"_2014Q3":509.9484,"_2014Q2":738.19584,"_2014Q1":832.20137,"_2013Q4":580.52502,"_2013Q3":586.12298,"_2013Q2":684.51836,"_2013Q1":608.96465,"_2012Q4":705.451,"_2012Q3":312.75428,"_2012Q2":393.32276,"_2012Q1":479.03097,"_2011Q4":372.07494,"_2011Q3":253.21163,"_2011Q2":369.9619,"_2011Q1":311.43354,"_2010Q4":203.94945,"_2010Q3":70.87268,"_2010Q2":92.88225,"_2010Q1":73.04162,"_2009Q4":104.72505,"_2009Q3":54.83639,"_2009Q2":69.3265,"_2009Q1":84.53006,"_2008Q4":63.76673,"_2008Q3":34.71868,"_2008Q2":51.12893,"_2008Q1":57.85766,"_2007Q4":44.27506,"_2007Q3":40.77621,"_2007Q2":43.79747,"_2007Q1":43.41826,"_2006Q4":49.57933,"_2006Q3":31.50119,"_2006Q2":45.63985,"_2006Q1":42.89663}},{"p":"ELEC.GEN.WAS-ID-99.Q","v":{"_2015Q4":44.28111,"_2015Q3":43.5855,"_2015Q2":42.56515,"_2015Q1":40.88708,"_2014Q4":43.88924,"_2014Q3":45.06619,"_2014Q2":44.38386,"_2014Q1":42.07516,"_2013Q4":53.30282,"_2013Q3":51.46517,"_2013Q2":50.09508,"_2013Q1":43.55209,"_2012Q4":24.32088,"_2012Q3":23.89248,"_2012Q2":21.90905,"_2012Q1":19.56333,"_2011Q4":12.94799,"_2011Q3":12.63562,"_2011Q2":11.64399,"_2011Q1":10.3903,"_2010Q4":6.0245,"_2010Q3":6.0378,"_2010Q2":5.93953,"_2010Q1":5.57983,"_2009Q4":0,"_2009Q3":0,"_2009Q2":0,"_2009Q1":0}},{"p":"ELEC.GEN.WWW-ID-99.Q","v":{"_2015Q4":113.91857,"_2015Q3":105.77923,"_2015Q2":110.3751,"_2015Q1":95.72308,"_2014Q4":92.12707,"_2014Q3":113.0753,"_2014Q2":107.44958,"_2014Q1":104.45296,"_2013Q4":123.97029,"_2013Q3":102.19141,"_2013Q2":118.83192,"_2013Q1":108.83072,"_2012Q4":113.08163,"_2012Q3":116.62736,"_2012Q2":121.2987,"_2012Q1":108.57374,"_2011Q4":130.41753,"_2011Q3":124.3935,"_2011Q2":117.95086,"_2011Q1":101.62244,"_2010Q4":124.07846,"_2010Q3":126.41225,"_2010Q2":121.68005,"_2010Q1":105.67059,"_2009Q4":123.5797,"_2009Q3":126.54138,"_2009Q2":116.20308,"_2009Q1":111.62413,"_2008Q4":117.43363,"_2008Q3":109.06318,"_2008Q2":111.64325,"_2008Q1":117.25317,"_2007Q4":121.92361,"_2007Q3":133.54308,"_2007Q2":124.38289,"_2007Q1":100.73194,"_2006Q4":134.25085,"_2006Q3":148.83401,"_2006Q2":109.2641,"_2006Q1":127.99099,"_2005Q4":149.87268,"_2005Q3":151.8494,"_2005Q2":128.84608,"_2005Q1":129.06286,"_2004Q4":144.83982,"_2004Q3":139.7888,"_2004Q2":143.91847,"_2004Q1":131.73285,"_2003Q4":148.387,"_2003Q3":127.424,"_2003Q2":134.324,"_2003Q1":130.817,"_2002Q4":132.932,"_2002Q3":143.92,"_2002Q2":127.235,"_2002Q1":104.216,"_2001Q4":110.78,"_2001Q3":155.17,"_2001Q2":136.27,"_2001Q1":131.115}},{"p":"ELEC.GEN.TSN-ID-99.Q","v":{"_2015Q4":1.30321,"_2015Q3":2.14131,"_2015Q2":1.82148,"_2015Q1":0.94588,"_2014Q4":0.85066,"_2014Q3":1.43892,"_2014Q2":1.32101,"_2014Q1":0.71427}},{"p":"ELEC.GEN.DPV-ID-99.Q","v":{"_2015Q4":1.30321,"_2015Q3":2.14131,"_2015Q2":1.82148,"_2015Q1":0.94588,"_2014Q4":0.85066,"_2014Q3":1.43892,"_2014Q2":1.32101,"_2014Q1":0.71427}},{"p":"ELEC.GEN.ALL-ID-99.Q","v":{"_2015Q4":3438.31735,"_2015Q3":3985.0248,"_2015Q2":4021.12868,"_2015Q1":3725.55311,"_2014Q4":2817.03759,"_2014Q3":4350.85257,"_2014Q2":4159.94769,"_2014Q1":3856.57866,"_2013Q4":3040.87619,"_2013Q3":4473.68613,"_2013Q2":4500.44992,"_2013Q1":3171.11597,"_2012Q4":2869.49245,"_2012Q3":4322.73597,"_2012Q2":4623.12303,"_2012Q1":3683.73786,"_2011Q4":2816.68487,"_2011Q3":4882.425,"_2011Q2":4603.02948,"_2011Q1":4266.64656,"_2010Q4":2345.86908,"_2010Q3":3894.98575,"_2010Q2":3406.28073,"_2010Q1":2377.42855,"_2009Q4":2205.44627,"_2009Q3":4009.87394,"_2009Q2":4314.84983,"_2009Q1":2569.9818,"_2008Q4":1962.06435,"_2008Q3":3702.86217,"_2008Q2":3807.29659,"_2008Q1":2498.32983,"_2007Q4":2052.12506,"_2007Q3":3398.22216,"_2007Q2":3510.17371,"_2007Q1":2523.5697,"_2006Q4":2323.22338,"_2006Q3":3566.65895,"_2006Q2":4392.57355,"_2006Q1":3103.62938,"_2005Q4":2118.02965,"_2005Q3":3241.34196,"_2005Q2":3327.58492,"_2005Q1":2138.02732,"_2004Q4":1873.82471,"_2004Q3":3456.01265,"_2004Q2":3169.60886,"_2004Q1":2363.59248,"_2003Q4":1842.138,"_2003Q3":3221.138,"_2003Q2":3333.14,"_2003Q1":2026.52,"_2002Q4":1524.459,"_2002Q3":3080.373,"_2002Q2":3098.937,"_2002Q1":2083.163,"_2001Q4":2174.858,"_2001Q3":3015.175,"_2001Q2":2452.995,"_2001Q1":1703.914}},{"p":"ELEC.GEN.COW-ID-99.Q","v":{"_2015Q4":null,"_2015Q3":null,"_2015Q2":null,"_2015Q1":null,"_2014Q4":24.51251,"_2014Q3":18.41724,"_2014Q2":10.78652,"_2014Q1":23.955,"_2013Q4":35.771,"_2013Q3":7.45248,"_2013Q2":19.18356,"_2013Q1":29.21107,"_2012Q4":35.37655,"_2012Q3":10.10304,"_2012Q2":4.89011,"_2012Q1":26.36747,"_2011Q4":30.97196,"_2011Q3":15.55382,"_2011Q2":8.77505,"_2011Q1":28.11118,"_2010Q4":29.78752,"_2010Q3":14.24485,"_2010Q2":16.06726,"_2010Q1":28.17825,"_2009Q4":31.20123,"_2009Q3":14.16279,"_2009Q2":9.67106,"_2009Q1":27.52969,"_2008Q4":31.24966,"_2008Q3":11.16221,"_2008Q2":16.06364,"_2008Q1":31.97397,"_2007Q4":23.73825,"_2007Q3":17.6515,"_2007Q2":16.42661,"_2007Q1":25.74783,"_2006Q4":20.1719,"_2006Q3":21.40669,"_2006Q2":20.41817,"_2006Q1":20.3051,"_2005Q4":23.67043,"_2005Q3":26.21791,"_2005Q2":21.20506,"_2005Q1":24.08791,"_2004Q4":24.84481,"_2004Q3":24.8562,"_2004Q2":24.79724,"_2004Q1":24.70479,"_2003Q4":16.022,"_2003Q3":27.928,"_2003Q2":28.775,"_2003Q1":17.566,"_2002Q4":16.246,"_2002Q3":28.104,"_2002Q2":28.301,"_2002Q1":18.021,"_2001Q4":13.242,"_2001Q3":21.325,"_2001Q2":23.465,"_2001Q1":14.252}},{"p":"ELEC.GEN.PEL-ID-99.Q","v":{"_2015Q4":null,"_2015Q3":null,"_2015Q2":null,"_2015Q1":null,"_2014Q4":0.00024,"_2014Q3":0.00021,"_2014Q2":0.00026,"_2014Q1":0.00028,"_2013Q4":0.01059,"_2013Q3":0.00807,"_2013Q2":0.00964,