{"p":"ID","c":[{"p":"ELEC.GEN.AOR-ID-99.Q","c":{"2015Q4":919.37596,"2015Q3":678.89238,"2015Q2":749.78594,"2015Q1":803.65189,"2014Q4":882.24207,"2014Q3":686.31031,"2014Q2":908.85556,"2014Q1":999.7104,"2013Q4":768.66267,"2013Q3":748.99509,"2013Q2":862.73427,"2013Q1":771.66146,"2012Q4":863.56649,"2012Q3":472.33858,"2012Q2":553.88845,"2012Q1":624.70867,"2011Q4":531.46748,"2011Q3":405.15239,"2011Q2":515.66715,"2011Q1":439.88721,"2010Q4":352.56879,"2010Q3":221.04154,"2010Q2":239.32411,"2010Q1":201.07556,"2009Q4":249.24251,"2009Q3":199.46717,"2009Q2":203.33986,"2009Q1":215.26674,"2008Q4":205.65715,"2008Q3":166.92264,"2008Q2":186.94509,"2008Q1":188.88735,"2007Q4":166.19867,"2007Q3":174.31929,"2007Q2":168.18036,"2007Q1":144.1502,"2006Q4":183.83018,"2006Q3":180.3352,"2006Q2":154.90394,"2006Q1":170.88763,"2005Q4":149.87268,"2005Q3":151.8494,"2005Q2":128.84608,"2005Q1":129.06286,"2004Q4":144.83982,"2004Q3":139.7888,"2004Q2":143.91847,"2004Q1":131.73285,"2003Q4":148.387,"2003Q3":127.424,"2003Q2":134.324,"2003Q1":130.817,"2002Q4":132.932,"2002Q3":143.92,"2002Q2":127.235,"2002Q1":104.216,"2001Q4":110.78,"2001Q3":155.17,"2001Q2":136.27,"2001Q1":131.115}},{"p":"ELEC.GEN.HYC-ID-99.Q","c":{"2015Q4":1437.33191,"2015Q3":1990.57003,"2015Q2":2335.99158,"2015Q1":2398.33404,"2014Q4":1358.96599,"2014Q3":2613.91457,"2014Q2":2985.39543,"2014Q1":2043.93419,"2013Q4":1243.57596,"2013Q3":2501.74824,"2013Q2":3124.17052,"2013Q1":1603.95606,"2012Q4":1502.52815,"2012Q3":3018.32615,"2012Q2":3915.83229,"2012Q1":2503.71815,"2011Q4":1737.44408,"2011Q3":4096.20456,"2011Q2":3950.48556,"2011Q1":3620.6648,"2010Q4":1482.54626,"2010Q3":3132.13714,"2010Q2":2931.77539,"2010Q1":1607.78506,"2009Q4":1379.29648,"2009Q3":3133.93423,"2009Q2":3969.3244,"2009Q1":1951.70875,"2008Q4":1273.54183,"2008Q3":3074.31867,"2008Q2":3342.37964,"2008Q1":1672.26061,"2007Q4":1207.84349,"2007Q3":2655.37106,"2007Q2":3135.28218,"2007Q1":2023.19327,"2006Q4":1604.91688,"2006Q3":2846.59054,"2006Q2":4070.7829,"2006Q1":2720.08168,"2005Q4":1463.54883,"2005Q3":2601.87548,"2005Q2":2970.35952,"2005Q1":1506.33725,"2004Q4":1228.67306,"2004Q3":2808.54117,"2004Q2":2758.96558,"2004Q1":1665.47503,"2003Q4":1294.861,"2003Q3":2497.705,"2003Q2":3042.331,"2003Q1":1519.137,"2002Q4":1302.633,"2002Q3":2794.205,"2002Q2":2842.95,"2002Q1":1829.533,"2001Q4":1320.068,"2001Q3":2248.136,"2001Q2":2190.07,"2001Q1":1464.853}},{"p":"ELEC.GEN.WND-ID-99.Q","c":{"2015Q4":736.83594,"2015Q3":505.09345,"2015Q2":572.60034,"2015Q1":642.05736,"2014Q4":725.4544,"2014Q3":509.9484,"2014Q2":738.19584,"2014Q1":832.20137,"2013Q4":580.52502,"2013Q3":586.12298,"2013Q2":684.51836,"2013Q1":608.96465,"2012Q4":705.451,"2012Q3":312.75428,"2012Q2":393.32276,"2012Q1":479.03097,"2011Q4":372.07494,"2011Q3":253.21163,"2011Q2":369.9619,"2011Q1":311.43354,"2010Q4":203.94945,"2010Q3":70.87268,"2010Q2":92.88225,"2010Q1":73.04162,"2009Q4":104.72505,"2009Q3":54.83639,"2009Q2":69.3265,"2009Q1":84.53006,"2008Q4":63.76673,"2008Q3":34.71868,"2008Q2":51.12893,"2008Q1":57.85766,"2007Q4":44.27506,"2007Q3":40.77621,"2007Q2":43.79747,"2007Q1":43.41826,"2006Q4":49.57933,"2006Q3":31.50119,"2006Q2":45.63985,"2006Q1":42.89663}},{"p":"ELEC.GEN.WAS-ID-99.Q","c":{"2015Q4":44.28111,"2015Q3":43.5855,"2015Q2":42.56515,"2015Q1":40.88708,"2014Q4":43.88924,"2014Q3":45.06619,"2014Q2":44.38386,"2014Q1":42.07516,"2013Q4":53.30282,"2013Q3":51.46517,"2013Q2":50.09508,"2013Q1":43.55209,"2012Q4":24.32088,"2012Q3":23.89248,"2012Q2":21.90905,"2012Q1":19.56333,"2011Q4":12.94799,"2011Q3":12.63562,"2011Q2":11.64399,"2011Q1":10.3903,"2010Q4":6.0245,"2010Q3":6.0378,"2010Q2":5.93953,"2010Q1":5.57983,"2009Q4":0,"2009Q3":0,"2009Q2":0,"2009Q1":0}},{"p":"ELEC.GEN.WWW-ID-99.Q","c":{"2015Q4":113.91857,"2015Q3":105.77923,"2015Q2":110.3751,"2015Q1":95.72308,"2014Q4":92.12707,"2014Q3":113.0753,"2014Q2":107.44958,"2014Q1":104.45296,"2013Q4":123.97029,"2013Q3":102.19141,"2013Q2":118.83192,"2013Q1":108.83072,"2012Q4":113.08163,"2012Q3":116.62736,"2012Q2":121.2987,"2012Q1":108.57374,"2011Q4":130.41753,"2011Q3":124.3935,"2011Q2":117.95086,"2011Q1":101.62244,"2010Q4":124.07846,"2010Q3":126.41225,"2010Q2":121.68005,"2010Q1":105.67059,"2009Q4":123.5797,"2009Q3":126.54138,"2009Q2":116.20308,"2009Q1":111.62413,"2008Q4":117.43363,"2008Q3":109.06318,"2008Q2":111.64325,"2008Q1":117.25317,"2007Q4":121.92361,"2007Q3":133.54308,"2007Q2":124.38289,"2007Q1":100.73194,"2006Q4":134.25085,"2006Q3":148.83401,"2006Q2":109.2641,"2006Q1":127.99099,"2005Q4":149.87268,"2005Q3":151.8494,"2005Q2":128.84608,"2005Q1":129.06286,"2004Q4":144.83982,"2004Q3":139.7888,"2004Q2":143.91847,"2004Q1":131.73285,"2003Q4":148.387,"2003Q3":127.424,"2003Q2":134.324,"2003Q1":130.817,"2002Q4":132.932,"2002Q3":143.92,"2002Q2":127.235,"2002Q1":104.216,"2001Q4":110.78,"2001Q3":155.17,"2001Q2":136.27,"2001Q1":131.115}},{"p":"ELEC.GEN.TSN-ID-99.Q","c":{"2015Q4":1.30321,"2015Q3":2.14131,"2015Q2":1.82148,"2015Q1":0.94588,"2014Q4":0.85066,"2014Q3":1.43892,"2014Q2":1.32101,"2014Q1":0.71427}},{"p":"ELEC.GEN.DPV-ID-99.Q","c":{"2015Q4":1.30321,"2015Q3":2.14131,"2015Q2":1.82148,"2015Q1":0.94588,"2014Q4":0.85066,"2014Q3":1.43892,"2014Q2":1.32101,"2014Q1":0.71427}},{"p":"ELEC.GEN.ALL-ID-99.Q","c":{"2015Q4":3438.31735,"2015Q3":3985.0248,"2015Q2":4021.12868,"2015Q1":3725.55311,"2014Q4":2817.03759,"2014Q3":4350.85257,"2014Q2":4159.94769,"2014Q1":3856.57866,"2013Q4":3040.87619,"2013Q3":4473.68613,"2013Q2":4500.44992,"2013Q1":3171.11597,"2012Q4":2869.49245,"2012Q3":4322.73597,"2012Q2":4623.12303,"2012Q1":3683.73786,"2011Q4":2816.68487,"2011Q3":4882.425,"2011Q2":4603.02948,"2011Q1":4266.64656,"2010Q4":2345.86908,"2010Q3":3894.98575,"2010Q2":3406.28073,"2010Q1":2377.42855,"2009Q4":2205.44627,"2009Q3":4009.87394,"2009Q2":4314.84983,"2009Q1":2569.9818,"2008Q4":1962.06435,"2008Q3":3702.86217,"2008Q2":3807.29659,"2008Q1":2498.32983,"2007Q4":2052.12506,"2007Q3":3398.22216,"2007Q2":3510.17371,"2007Q1":2523.5697,"2006Q4":2323.22338,"2006Q3":3566.65895,"2006Q2":4392.57355,"2006Q1":3103.62938,"2005Q4":2118.02965,"2005Q3":3241.34196,"2005Q2":3327.58492,"2005Q1":2138.02732,"2004Q4":1873.82471,"2004Q3":3456.01265,"2004Q2":3169.60886,"2004Q1":2363.59248,"2003Q4":1842.138,"2003Q3":3221.138,"2003Q2":3333.14,"2003Q1":2026.52,"2002Q4":1524.459,"2002Q3":3080.373,"2002Q2":3098.937,"2002Q1":2083.163,"2001Q4":2174.858,"2001Q3":3015.175,"2001Q2":2452.995,"2001Q1":1703.914}},{"p":"ELEC.GEN.COW-ID-99.Q","c":{"2015Q4":null,"2015Q3":null,"2015Q2":null,"2015Q1":null,"2014Q4":24.51251,"2014Q3":18.41724,"2014Q2":10.78652,"2014Q1":23.955,"2013Q4":35.771,"2013Q3":7.45248,"2013Q2":19.18356,"2013Q1":29.21107,"2012Q4":35.37655,"2012Q3":10.10304,"2012Q2":4.89011,"2012Q1":26.36747,"2011Q4":30.97196,"2011Q3":15.55382,"2011Q2":8.77505,"2011Q1":28.11118,"2010Q4":29.78752,"2010Q3":14.24485,"2010Q2":16.06726,"2010Q1":28.17825,"2009Q4":31.20123,"2009Q3":14.16279,"2009Q2":9.67106,"2009Q1":27.52969,"2008Q4":31.24966,"2008Q3":11.16221,"2008Q2":16.06364,"2008Q1":31.97397,"2007Q4":23.73825,"2007Q3":17.6515,"2007Q2":16.42661,"2007Q1":25.74783,"2006Q4":20.1719,"2006Q3":21.40669,"2006Q2":20.41817,"2006Q1":20.3051,"2005Q4":23.67043,"2005Q3":26.21791,"2005Q2":21.20506,"2005Q1":24.08791,"2004Q4":24.84481,"2004Q3":24.8562,"2004Q2":24.79724,"2004Q1":24.70479,"2003Q4":16.022,"2003Q3":27.928,"2003Q2":28.775,"2003Q1":17.566,"2002Q4":16.246,"2002Q3":28.104,"2002Q2":28.301,"2002Q1":18.021,"2001Q4":13.242,"2001Q3":21.325,"2001Q2":23.465,"2001Q1":14.252}},{"p":"ELEC.GEN.PEL-ID-99.Q","c":{"2015Q4":null,"2015Q3":null,"2015Q2":null,"2015Q1":null,"2014Q4":0.00024,"2014Q3":0.00021,"2014Q2":0.00026,"2014Q1":0.00028,"2013Q4":0.01059,"2013Q3":0.00807,"2013Q2":0.00964,"2013Q1":0.00972,"2012Q4":0.00519,"2012Q3":0.00434,"2012Q2":0.00552,"2012Q1":0.00396,"2011Q4":0.00628,"2011Q3":0.00576,"2011Q2":0.00798,"2011Q1":0.00599,"2010Q4":0.0196,"2010Q3":0.01508,"2010Q2":0.02328,"2010Q1":0.01607,"2009Q4":0.01132,"2009Q3":0.00997,"2009Q2":0.01223,"2009Q1":0.00748,"2008Q4":0.02721,"2008Q3":0.02411,"2008Q2":0.03221,"2008Q1":0.03647,"2007Q4":0.03648,"2007Q3":0.02557,"2007Q2":0.0414,