{"p":"IL","c":[{"p":"ELEC.GEN.NUC-IL-99.Q","v":{"_2015Q4":24648.047,"_2015Q3":24920.096,"_2015Q2":24442.735,"_2015Q1":23307.917,"_2014Q4":24811.727,"_2014Q3":25383.254,"_2014Q2":23545.668,"_2014Q1":24117.251,"_2013Q4":24463.7,"_2013Q3":24747.551,"_2013Q2":23775.726,"_2013Q1":24144.459,"_2012Q4":24367.461,"_2012Q3":24135.389,"_2012Q2":23754.842,"_2012Q1":24143.617,"_2011Q4":24347.838,"_2011Q3":24894.2,"_2011Q2":22780.708,"_2011Q1":23800.45,"_2010Q4":24142.947,"_2010Q3":24623.207,"_2010Q2":24220.589,"_2010Q1":23202.844,"_2009Q4":23461.802,"_2009Q3":24268.67,"_2009Q2":23479.247,"_2009Q1":24264.201,"_2008Q4":23923.535,"_2008Q3":25004.734,"_2008Q2":23887.586,"_2008Q1":22335.839,"_2007Q4":23215.546,"_2007Q3":24953.11,"_2007Q2":23329.094,"_2007Q1":24231.095,"_2006Q4":23717.956,"_2006Q3":24450.96,"_2006Q2":23575.812,"_2006Q1":22409.412,"_2005Q4":24074.989,"_2005Q3":24267.585,"_2005Q2":23163.518,"_2005Q1":21756.909,"_2004Q4":22436.191,"_2004Q3":24086.388,"_2004Q2":23564.921,"_2004Q1":21959.823,"_2003Q4":22516.101,"_2003Q3":24836.719,"_2003Q2":23503.876,"_2003Q1":23876.34,"_2002Q4":23537.911,"_2002Q3":23777.86,"_2002Q2":21976.156,"_2002Q1":21568.181,"_2001Q4":23038.783,"_2001Q3":22765.035,"_2001Q2":22942.598,"_2001Q1":23612.061}},{"p":"ELEC.GEN.OOG-IL-99.Q","v":{"_2015Q4":null,"_2015Q3":102.6608,"_2015Q2":null,"_2015Q1":null,"_2014Q4":54.18604,"_2014Q3":97.76061,"_2014Q2":95.01507,"_2014Q1":91.13104,"_2013Q4":84.26849,"_2013Q3":87.19167,"_2013Q2":77.4768,"_2013Q1":107.01341,"_2012Q4":71.20849,"_2012Q3":79.69813,"_2012Q2":59.45541,"_2012Q1":83.22829,"_2011Q4":73.46992,"_2011Q3":97.0117,"_2011Q2":62.45261,"_2011Q1":85.61429,"_2010Q4":55.72522,"_2010Q3":47.79008,"_2010Q2":35.28954,"_2010Q1":21.84009,"_2009Q4":12.67372,"_2009Q3":28.8424,"_2009Q2":18.8512,"_2009Q1":28.00692,"_2008Q4":10.97225,"_2008Q3":18.05753,"_2008Q2":13.57816,"_2008Q1":11.26593,"_2007Q4":30.0407,"_2007Q3":29.87392,"_2007Q2":30.47371,"_2007Q1":43.88237,"_2006Q4":38.16577,"_2006Q3":30.14496,"_2006Q2":39.95437,"_2006Q1":40.55703,"_2005Q4":44.55913,"_2005Q3":49.46999,"_2005Q2":50.75649,"_2005Q1":54.01382,"_2004Q4":66.37013,"_2004Q3":57.96285,"_2004Q2":60.14042,"_2004Q1":61.53436,"_2003Q4":48.993,"_2003Q3":55.868,"_2003Q2":46.967,"_2003Q1":51.798,"_2002Q4":56.617,"_2002Q3":67.121,"_2002Q2":55.845,"_2002Q1":53.268,"_2001Q4":87.576,"_2001Q3":94.921,"_2001Q2":88.235,"_2001Q1":85.044}},{"p":"ELEC.GEN.AOR-IL-99.Q","v":{"_2015Q4":4001.5473,"_2015Q3":1632.81452,"_2015Q2":2639.00453,"_2015Q1":3085.36882,"_2014Q4":3052.39104,"_2014Q3":1475.71554,"_2014Q2":2772.46362,"_2014Q1":3398.81307,"_2013Q4":3054.34397,"_2013Q3":1392.22026,"_2013Q2":2603.71201,"_2013Q1":3235.0592,"_2012Q4":2480.95691,"_2012Q3":1209.01455,"_2012Q2":2160.80368,"_2012Q1":2521.88477,"_2011Q4":2248.75622,"_2011Q3":1050.03389,"_2011Q2":1838.92455,"_2011Q1":1727.57903,"_2010Q4":1719.44302,"_2010Q3":954.58254,"_2010Q2":1292.01335,"_2010Q1":1172.12025,"_2009Q4":1219.29782,"_2009Q3":509.42531,"_2009Q2":810.52265,"_2009Q1":990.5066,"_2008Q4":1051.15218,"_2008Q3":430.74633,"_2008Q2":779.7599,"_2008Q1":773.31838,"_2007Q4":467.0541,"_2007Q3":289.62728,"_2007Q2":319.25147,"_2007Q1":208.81939,"_2006Q4":245.49695,"_2006Q3":188.94609,"_2006Q2":200.11634,"_2006Q1":214.27297,"_2005Q4":247.41193,"_2005Q3":178.91418,"_2005Q2":187.42204,"_2005Q1":169.13305,"_2004Q4":216.01922,"_2004Q3":200.83518,"_2004Q2":210.15545,"_2004Q1":194.98928,"_2003Q4":200.33482,"_2003Q3":209.69445,"_2003Q2":192.30518,"_2003Q1":216.61594,"_2002Q4":150.52306,"_2002Q3":224.65418,"_2002Q2":188.51643,"_2002Q1":159.81651,"_2001Q4":166.93238,"_2001Q3":183.42101,"_2001Q2":166.36232,"_2001Q1":161.85377}},{"p":"ELEC.GEN.HYC-IL-99.Q","v":{"_2015Q4":null,"_2015Q3":null,"_2015Q2":null,"_2015Q1":null,"_2014Q4":24.90649,"_2014Q3":33.48729,"_2014Q2":41.75719,"_2014Q1":32.14703,"_2013Q4":24.76604,"_2013Q3":27.66158,"_2013Q2":38.02576,"_2013Q1":29.84163,"_2012Q4":24.9202,"_2012Q3":23.02497,"_2012Q2":34.2332,"_2012Q1":29.02963,"_2011Q4":31.5306,"_2011Q3":36.61494,"_2011Q2":42.11841,"_2011Q1":30.19806,"_2010Q4":17.72511,"_2010Q3":41.44266,"_2010Q2":41.27213,"_2010Q1":18.1031,"_2009Q4":30.24142,"_2009Q3":31.36154,"_2009Q2":41.0461,"_2009Q1":33.73095,"_2008Q4":27.61123,"_2008Q3":33.75178,"_2008Q2":39.07528,"_2008Q1":38.11072,"_2007Q4":29.99648,"_2007Q3":43.84288,"_2007Q2":44.37568,"_2007Q1":35.51234,"_2006Q4":37.46374,"_2006Q3":45.99469,"_2006Q2":48.27324,"_2006Q1":41.54032,"_2005Q4":23.21198,"_2005Q3":31.57988,"_2005Q2":32.87367,"_2005Q1":41.37149,"_2004Q4":32.34167,"_2004Q3":43.72019,"_2004Q2":46.00567,"_2004Q1":31.46146,"_2003Q4":35.252,"_2003Q3":38.09,"_2003Q2":31.085,"_2003Q1":34.073,"_2002Q4":30.431,"_2002Q3":34.194,"_2002Q2":32.994,"_2002Q1":31.203,"_2001Q4":35.544,"_2001Q3":34.992,"_2001Q2":37.345,"_2001Q1":36.146}},{"p":"ELEC.GEN.SUN-IL-99.Q","v":{"_2015Q4":null,"_2015Q3":18.47653,"_2015Q2":19.13255,"_2015Q1":null,"_2014Q4":11.23496,"_2014Q3":15.56491,"_2014Q2":14.94879,"_2014Q1":8.36825,"_2013Q4":15.2327,"_2013Q3":15.64267,"_2013Q2":13.33173,"_2013Q1":7.91292,"_2012Q4":7.33436,"_2012Q3":10.25992,"_2012Q2":9.89618,"_2012Q1":3.16656,"_2011Q4":2.17688,"_2011Q3":4.70942,"_2011Q2":5.07256,"_2011Q1":2.10314,"_2010Q4":2.00102,"_2010Q3":5.38044,"_2010Q2":5.31827,"_2010Q1":1.44528,"_2009Q4":0.016,"_2009Q3":0,"_2009Q2":0,"_2009Q1":0}},{"p":"ELEC.GEN.WND-IL-99.Q","v":{"_2015Q4":3847.011,"_2015Q3":1475.28456,"_2015Q2":2480.63676,"_2015Q1":2929.63656,"_2014Q4":2954.92438,"_2014Q3":1306.78746,"_2014Q2":2590.75796,"_2014Q1":3230.42419,"_2013Q4":2876.85917,"_2013Q3":1246.90397,"_2013Q2":2437.24428,"_2013Q1":3064.22158,"_2012Q4":2336.96491,"_2012Q3":1040.51418,"_2012Q2":1987.98516,"_2012Q1":2361.34545,"_2011Q4":2092.05238,"_2011Q3":864.8557,"_2011Q2":1684.40592,"_2011Q1":1571.818,"_2010Q4":1565.03314,"_2010Q3":774.48641,"_2010Q2":1112.65604,"_2010Q1":1001.45843,"_2009Q4":999.59451,"_2009Q3":345.02789,"_2009Q2":657.50215,"_2009Q1":817.40763,"_2008Q4":869.19868,"_2008Q3":244.14939,"_2008Q2":593.4915,"_2008Q1":630.15614,"_2007Q4":312.87608,"_2007Q3":118.44877,"_2007Q2":155.64646,"_2007Q1":77.4557,"_2006Q4":91.78843,"_2006Q3":37.46656,"_2006Q2":64.36574,"_2006Q1":60.95029,"_2005Q4":83.108,"_2005Q3":10.223,"_2005Q2":24.492,"_2005Q1":23.323,"_2004Q4":30.827,"_2004Q3":11.979,"_2004Q2":23.581,"_2004Q1":11.686,"_2003Q4":4.337,"_2003Q3":4.945,"_2003Q2":4.157,"_2003Q1":4.585}},{"p":"ELEC.GEN.SPV-IL-99.Q","v":{"_2015Q4":null,"_2015Q3":18.47653,"_2015Q2":19.13255,"_2015Q1":null,"_2014Q4":11.23496,"_2014Q3":15.56491,"_2014Q2":14.94879,"_2014Q1":8.36825,"_2013Q4":15.2327,"_2013Q3":15.64267,"_2013Q2":13.33173,"_2013Q1":7.91292,"_2012Q4":3.60773,"_2012Q3":5.0468,"_2012Q2":4.86788,"_2012Q1":1.55762,"_2011Q4":2.17688,"_2011Q3":4.70942,"_2011Q2":5.07256,"_2011Q1":2.10314,"_2010Q4":2.00102,"_2010Q3":5.38044,"_2010Q2":5.31827,"_2010Q1":1.44528,"_2009Q4":0.016,"_2009Q3":0,"_2009Q2":0,"_2009Q1":0}},{"p":"ELEC.GEN.STH-IL-99.Q","v":{"_2012Q4":3.72663,"_2012Q3":5.21313,"_2012Q2":5.0283,"_2012Q1":1.60894}},{"p":"ELEC.GEN.WAS-IL-99.Q","v":{"_2015Q4":141.50058,"_2015Q3":139.01699,"_2015Q2":139.23522,"_2015Q1":143.00235,"_2014Q4":86.23168,"_2014Q3":153.36317,"_2014Q2":166.75687,"_2014Q1":160.02064,"_2013Q4":162.25212,"_2013Q3":129.67363,"_2013Q2":153.13599,"_2013Q1":162.92469,"_2012Q4":136.65765,"_2012Q3":158.24045,"_2012Q2":162.92233,"_2012Q1":157.37278,"_2011Q4":154.52696,"_2011Q3":180.09693,"_2011Q2":149.31745,"_2011Q1":153.63911,"_2010Q4":152.39078,"_2010Q3":174.68508,"_2010Q2":173.96759,"_2010Q1":169.21654,"_2009Q4":219.68731,"_2009Q3":163.93633,"_2009Q2":153.02049,"_2009Q1":173.09897,"_2008Q4":181.9535,"_2008Q3":186.59694,"_2008Q2":185.75331,"_2008Q1":143.06582,"_2007Q4":154.17802,"_2007Q3":171.17852,"_2007Q2":163.60501,"_2007Q1":131.36369,"_2006Q4":153.70852,"_2006Q3":151.47954,"_2006Q2":135.75062,"_2006Q1":153.32269,"_2005Q4":164.30393,"_2005Q3":168.69118,"_2005Q2":162.93004,"_2005Q1":145.81005,"_2004Q4":185.19222,"_2004Q3":188.85618,"_2004Q2":186.57445,"_2004Q1":183.30328,"_2003Q4":195.99782,"_2003Q3":204.74945,