{"p":"IN","c":[{"p":"ELEC.GEN.OOG-IN-99.Q","c":{"2015Q4":407.91607,"2015Q3":663.10509,"2015Q2":504.98654,"2015Q1":523.24383,"2014Q4":575.10136,"2014Q3":607.83813,"2014Q2":515.94291,"2014Q1":462.33629,"2013Q4":584.84453,"2013Q3":689.31173,"2013Q2":538.81921,"2013Q1":596.68603,"2012Q4":582.1245,"2012Q3":659.49342,"2012Q2":612.89066,"2012Q1":636.91615,"2011Q4":566.04279,"2011Q3":634.15021,"2011Q2":558.6973,"2011Q1":424.49717,"2010Q4":535.48007,"2010Q3":566.1911,"2010Q2":584.75665,"2010Q1":457.7126,"2009Q4":517.50071,"2009Q3":522.3403,"2009Q2":349.4743,"2009Q1":430.74952,"2008Q4":393.01641,"2008Q3":719.8016,"2008Q2":662.29962,"2008Q1":580.68603,"2007Q4":650.86752,"2007Q3":670.41636,"2007Q2":629.58406,"2007Q1":640.53822,"2006Q4":590.2594,"2006Q3":794.37398,"2006Q2":753.70268,"2006Q1":731.76316,"2005Q4":663.23915,"2005Q3":630.66941,"2005Q2":640.05725,"2005Q1":787.61169,"2004Q4":720.85812,"2004Q3":836.13201,"2004Q2":789.29244,"2004Q1":790.03423,"2003Q4":701.528,"2003Q3":660.358,"2003Q2":635.063,"2003Q1":595.305,"2002Q4":646.35,"2002Q3":864.157,"2002Q2":783.754,"2002Q1":711.738,"2001Q4":719.309,"2001Q3":833.262,"2001Q2":773.653,"2001Q1":652.585}},{"p":"ELEC.GEN.AOR-IN-99.Q","c":{"2015Q4":1802.28954,"2015Q3":720.09384,"2015Q2":1224.18848,"2015Q1":1384.15132,"2014Q4":1319.68333,"2014Q3":564.23593,"2014Q2":1013.77317,"2014Q1":1091.01491,"2013Q4":1268.02715,"2013Q3":483.36849,"2013Q2":992.70938,"2013Q1":1143.83073,"2012Q4":1049.30474,"2012Q3":461.61125,"2012Q2":867.34414,"2012Q1":1168.10726,"2011Q4":1060.77608,"2011Q3":418.88225,"2011Q2":986.96427,"2011Q1":1154.37595,"2010Q4":1166.2873,"2010Q3":532.5887,"2010Q2":781.47559,"2010Q1":765.31441,"2009Q4":720.25406,"2009Q3":227.28491,"2009Q2":401.19845,"2009Q1":357.09811,"2008Q4":201.87355,"2008Q3":120.34945,"2008Q2":127.9326,"2008Q1":61.23757,"2007Q4":59.89327,"2007Q3":64.24132,"2007Q2":61.97641,"2007Q1":45.13626,"2006Q4":56.25337,"2006Q3":56.3302,"2006Q2":51.45813,"2006Q1":56.17043,"2005Q4":17.33423,"2005Q3":17.79114,"2005Q2":17.15891,"2005Q1":15.4079,"2004Q4":34.3361,"2004Q3":34.34919,"2004Q2":34.34208,"2004Q1":34.34249,"2003Q4":32.07107,"2003Q3":28.50475,"2003Q2":24.87853,"2003Q1":33.6858,"2002Q4":27.97528,"2002Q3":35.83549,"2002Q2":27.3036,"2002Q1":24.83206,"2001Q4":27.86126,"2001Q3":35.18342,"2001Q2":25.47282,"2001Q1":26.0628}},{"p":"ELEC.GEN.HYC-IN-99.Q","c":{"2015Q4":126.37898,"2015Q3":93.07985,"2015Q2":null,"2015Q1":null,"2014Q4":121.64428,"2014Q3":106.59315,"2014Q2":69.81393,"2014Q1":73.10164,"2013Q4":87.84395,"2013Q3":111.72057,"2013Q2":101.40177,"2013Q1":85.96172,"2012Q4":115.77315,"2012Q3":120.04778,"2012Q2":120.98345,"2012Q1":76.70064,"2011Q4":99.81006,"2011Q3":164.29738,"2011Q2":68.89859,"2011Q1":75.77296,"2010Q4":126.34389,"2010Q3":113.07558,"2010Q2":123.55091,"2010Q1":90.74162,"2009Q4":126.98178,"2009Q3":142.162,"2009Q2":121.832,"2009Q1":112.49421,"2008Q4":123.39093,"2008Q3":124.16719,"2008Q2":117.33593,"2008Q1":71.88596,"2007Q4":120.0362,"2007Q3":128.59374,"2007Q2":125.21469,"2007Q1":76.09138,"2006Q4":106.25705,"2006Q3":149.17335,"2006Q2":132.3958,"2006Q1":101.68879,"2005Q4":122.89163,"2005Q3":112.13876,"2005Q2":127.39896,"2005Q1":75.85266,"2004Q4":128.11327,"2004Q3":159.06229,"2004Q2":101.86625,"2004Q1":54.67919,"2003Q4":108.898,"2003Q3":138.757,"2003Q2":107.194,"2003Q1":69.104,"2002Q4":117.708,"2002Q3":103.956,"2002Q2":110.486,"2002Q1":79.12,"2001Q4":141.836,"2001Q3":143.539,"2001Q2":145.671,"2001Q1":139.646}},{"p":"ELEC.GEN.SUN-IN-99.Q","c":{"2015Q4":49.51907,"2015Q3":65.13797,"2015Q2":63.11551,"2015Q1":42.06039,"2014Q4":25.09721,"2014Q3":33.59631,"2014Q2":29.24851,"2014Q1":14.18486,"2013Q4":22.2758,"2013Q3":3.59606,"2013Q2":3.06481,"2013Q1":1.60334,"2012Q4":null,"2012Q3":0.00068,"2012Q2":0.00065,"2012Q1":0.00021}},{"p":"ELEC.GEN.WND-IN-99.Q","c":{"2015Q4":1650.85184,"2015Q3":554.23167,"2015Q2":1062.5009,"2015Q1":1248.39008,"2014Q4":1198.37899,"2014Q3":425.33069,"2014Q2":882.23812,"2014Q1":990.0939,"2013Q4":1151.78411,"2013Q3":385.0337,"2013Q2":883.18583,"2013Q1":1061.08937,"2012Q4":963.9436,"2012Q3":367.96579,"2012Q2":782.06065,"2012Q1":1096.13396,"2011Q4":973.2258,"2011Q3":329.00762,"2011Q2":901.65563,"2011Q1":1081.52195,"2010Q4":1101.90913,"2010Q3":455.5823,"2010Q2":693.4923,"2010Q1":683.05888,"2009Q4":637.0693,"2009Q3":151.81725,"2009Q2":323.385,"2009Q1":290.92,"2008Q4":137.34982,"2008Q3":48.57633,"2008Q2":52.42941}},{"p":"ELEC.GEN.SPV-IN-99.Q","c":{"2015Q4":49.51907,"2015Q3":65.13797,"2015Q2":63.11551,"2015Q1":42.06039,"2014Q4":25.09721,"2014Q3":33.59631,"2014Q2":29.24851,"2014Q1":14.18486,"2013Q4":22.2758,"2013Q3":3.59606,"2013Q2":3.06481,"2013Q1":1.60334,"2012Q4":null,"2012Q3":0.00068,"2012Q2":0.00065,"2012Q1":0.00021}},{"p":"ELEC.GEN.WAS-IN-99.Q","c":{"2015Q4":101.91861,"2015Q3":100.72419,"2015Q2":98.57207,"2015Q1":93.70086,"2014Q4":96.20713,"2014Q3":105.30893,"2014Q2":102.28654,"2014Q1":86.73614,"2013Q4":93.96725,"2013Q3":94.73874,"2013Q2":106.45875,"2013Q1":81.13803,"2012Q4":85.19175,"2012Q3":93.64479,"2012Q2":85.28286,"2012Q1":71.9731,"2011Q4":87.5503,"2011Q3":89.87462,"2011Q2":85.30865,"2011Q1":72.85399,"2010Q4":64.37817,"2010Q3":77.0064,"2010Q2":87.98328,"2010Q1":82.25553,"2009Q4":83.18476,"2009Q3":75.46766,"2009Q2":77.81345,"2009Q1":66.17811,"2008Q4":64.52373,"2008Q3":71.77312,"2008Q2":75.50319,"2008Q1":61.23757,"2007Q4":59.89327,"2007Q3":64.24132,"2007Q2":61.97641,"2007Q1":45.13626,"2006Q4":56.25337,"2006Q3":56.3302,"2006Q2":51.45813,"2006Q1":56.17043,"2005Q4":17.33423,"2005Q3":17.79114,"2005Q2":17.15891,"2005Q1":15.4079,"2004Q4":34.3361,"2004Q3":34.34919,"2004Q2":34.34208,"2004Q1":34.34249,"2003Q4":32.07107,"2003Q3":28.50475,"2003Q2":24.87853,"2003Q1":33.6858,"2002Q4":27.97528,"2002Q3":35.83549,"2002Q2":27.3036,"2002Q1":24.83206,"2001Q4":27.86126,"2001Q3":35.18342,"2001Q2":25.47282,"2001Q1":26.0628}},{"p":"ELEC.GEN.TSN-IN-99.Q","c":{"2015Q4":52.05463,"2015Q3":69.12513,"2015Q2":66.83047,"2015Q1":44.35042,"2014Q4":26.86823,"2014Q3":36.62755,"2014Q2":32.072,"2014Q1":15.93749}},{"p":"ELEC.GEN.DPV-IN-99.Q","c":{"2015Q4":2.53556,"2015Q3":3.98716,"2015Q2":3.71496,"2015Q1":2.29003,"2014Q4":1.77102,"2014Q3":3.03124,"2014Q2":2.82349,"2014Q1":1.75263}},{"p":"ELEC.GEN.ALL-IN-99.Q","c":{"2015Q4":23141.49141,"2015Q3":27965.10916,"2015Q2":24057.61049,"2015Q1":28676.11724,"2014Q4":26641.95757,"2014Q3":28939.42491,"2014Q2":27266.49684,"2014Q1":32547.51247,"2013Q4":28005.96154,"2013Q3":29369.20348,"2013Q2":25688.9466,"2013Q1":27339.36549,"2012Q4":27994.81851,"2012Q3":30912.55943,"2012Q2":27267.11339,"2012Q1":28521.23795,"2011Q4":29237.30416,"2011Q3":33602.75645,"2011Q2":28049.78611,"2011Q1":31241.56726,"2010Q4":31241.91214,"2010Q3":34155.77904,"2010Q2":28359.86736,"2010Q1":31423.18035,"2009Q4":28578.98528,"2009Q3":29341.53685,"2009Q2":27864.34638,"2009Q1":30885.41135,"2008Q4":31471.33844,"2008Q3":34840.85062,"2008Q2":30708.84787,"2008Q1":32489.25706,"2007Q4":31176.87151,"2007Q3":35011.26284,"2007Q2":30685.85665,"2007Q1":33764.00751,"2006Q4":32065.62107,"2006Q3":34976.9982,"2006Q2":31603.02472,"2006Q1":31844.14367,"2005Q4":31599.60942,"2005Q3":35571.7563,"2005Q2":31008.47883,"2005Q1":32191.72797,"2004Q4":32143.2872,"2004Q3":32986.93483,"2004Q2":30562.80228,"2004Q1":32077.37145,"2003Q4":29846.152,"2003Q3":33416.86,"2003Q2":29615.177,"2003Q1":32010.028,"2002Q4":31115.279,"2002Q3":35427.359,"2002Q2":29070.61,"2002Q1":29994.896,"2001Q4":29717.857,"2001Q3":33578.67,"2001Q2":28714.35,"2001Q1":30558.793}},{"p":"ELEC.GEN.COW-IN-99.Q","c":{"2015Q4":16057.88812,"2015Q3":22162.29489,"2015Q2":18349.85288,"2015Q1":21535.5944,"2014Q4":21588.4173,"2014Q3":25197.87722,"2014Q2":23225.35645,"2014Q1":27537.08754,"2013Q4":23382.2118,"2013Q3":24872.35028,"2013Q2":21722.29959,"2013Q1":22695.08031,"2012Q4":23426.14959,"2012Q3":25469.30671,"2012Q2":21573.78395,"2012Q1":21991.95144,"2011Q4":24647.40623,"2011Q3":29214.49797,"2011Q2":23803.25063,"2011Q1":26487.44343,"2010Q4":27397.77239,"2010Q3":30432.89145,"2010Q2":25540.09977,"2010Q1":28956.89407,"2009Q4":26416.1394,"2009Q3":27022.14877,"2009Q2":26196.3114,