{"p":"IN","c":[{"p":"ELEC.GEN.OOG-IN-99.Q","v":{"_2015Q4":407.91607,"_2015Q3":663.10509,"_2015Q2":504.98654,"_2015Q1":523.24383,"_2014Q4":575.10136,"_2014Q3":607.83813,"_2014Q2":515.94291,"_2014Q1":462.33629,"_2013Q4":584.84453,"_2013Q3":689.31173,"_2013Q2":538.81921,"_2013Q1":596.68603,"_2012Q4":582.1245,"_2012Q3":659.49342,"_2012Q2":612.89066,"_2012Q1":636.91615,"_2011Q4":566.04279,"_2011Q3":634.15021,"_2011Q2":558.6973,"_2011Q1":424.49717,"_2010Q4":535.48007,"_2010Q3":566.1911,"_2010Q2":584.75665,"_2010Q1":457.7126,"_2009Q4":517.50071,"_2009Q3":522.3403,"_2009Q2":349.4743,"_2009Q1":430.74952,"_2008Q4":393.01641,"_2008Q3":719.8016,"_2008Q2":662.29962,"_2008Q1":580.68603,"_2007Q4":650.86752,"_2007Q3":670.41636,"_2007Q2":629.58406,"_2007Q1":640.53822,"_2006Q4":590.2594,"_2006Q3":794.37398,"_2006Q2":753.70268,"_2006Q1":731.76316,"_2005Q4":663.23915,"_2005Q3":630.66941,"_2005Q2":640.05725,"_2005Q1":787.61169,"_2004Q4":720.85812,"_2004Q3":836.13201,"_2004Q2":789.29244,"_2004Q1":790.03423,"_2003Q4":701.528,"_2003Q3":660.358,"_2003Q2":635.063,"_2003Q1":595.305,"_2002Q4":646.35,"_2002Q3":864.157,"_2002Q2":783.754,"_2002Q1":711.738,"_2001Q4":719.309,"_2001Q3":833.262,"_2001Q2":773.653,"_2001Q1":652.585}},{"p":"ELEC.GEN.AOR-IN-99.Q","v":{"_2015Q4":1802.28954,"_2015Q3":720.09384,"_2015Q2":1224.18848,"_2015Q1":1384.15132,"_2014Q4":1319.68333,"_2014Q3":564.23593,"_2014Q2":1013.77317,"_2014Q1":1091.01491,"_2013Q4":1268.02715,"_2013Q3":483.36849,"_2013Q2":992.70938,"_2013Q1":1143.83073,"_2012Q4":1049.30474,"_2012Q3":461.61125,"_2012Q2":867.34414,"_2012Q1":1168.10726,"_2011Q4":1060.77608,"_2011Q3":418.88225,"_2011Q2":986.96427,"_2011Q1":1154.37595,"_2010Q4":1166.2873,"_2010Q3":532.5887,"_2010Q2":781.47559,"_2010Q1":765.31441,"_2009Q4":720.25406,"_2009Q3":227.28491,"_2009Q2":401.19845,"_2009Q1":357.09811,"_2008Q4":201.87355,"_2008Q3":120.34945,"_2008Q2":127.9326,"_2008Q1":61.23757,"_2007Q4":59.89327,"_2007Q3":64.24132,"_2007Q2":61.97641,"_2007Q1":45.13626,"_2006Q4":56.25337,"_2006Q3":56.3302,"_2006Q2":51.45813,"_2006Q1":56.17043,"_2005Q4":17.33423,"_2005Q3":17.79114,"_2005Q2":17.15891,"_2005Q1":15.4079,"_2004Q4":34.3361,"_2004Q3":34.34919,"_2004Q2":34.34208,"_2004Q1":34.34249,"_2003Q4":32.07107,"_2003Q3":28.50475,"_2003Q2":24.87853,"_2003Q1":33.6858,"_2002Q4":27.97528,"_2002Q3":35.83549,"_2002Q2":27.3036,"_2002Q1":24.83206,"_2001Q4":27.86126,"_2001Q3":35.18342,"_2001Q2":25.47282,"_2001Q1":26.0628}},{"p":"ELEC.GEN.HYC-IN-99.Q","v":{"_2015Q4":126.37898,"_2015Q3":93.07985,"_2015Q2":null,"_2015Q1":null,"_2014Q4":121.64428,"_2014Q3":106.59315,"_2014Q2":69.81393,"_2014Q1":73.10164,"_2013Q4":87.84395,"_2013Q3":111.72057,"_2013Q2":101.40177,"_2013Q1":85.96172,"_2012Q4":115.77315,"_2012Q3":120.04778,"_2012Q2":120.98345,"_2012Q1":76.70064,"_2011Q4":99.81006,"_2011Q3":164.29738,"_2011Q2":68.89859,"_2011Q1":75.77296,"_2010Q4":126.34389,"_2010Q3":113.07558,"_2010Q2":123.55091,"_2010Q1":90.74162,"_2009Q4":126.98178,"_2009Q3":142.162,"_2009Q2":121.832,"_2009Q1":112.49421,"_2008Q4":123.39093,"_2008Q3":124.16719,"_2008Q2":117.33593,"_2008Q1":71.88596,"_2007Q4":120.0362,"_2007Q3":128.59374,"_2007Q2":125.21469,"_2007Q1":76.09138,"_2006Q4":106.25705,"_2006Q3":149.17335,"_2006Q2":132.3958,"_2006Q1":101.68879,"_2005Q4":122.89163,"_2005Q3":112.13876,"_2005Q2":127.39896,"_2005Q1":75.85266,"_2004Q4":128.11327,"_2004Q3":159.06229,"_2004Q2":101.86625,"_2004Q1":54.67919,"_2003Q4":108.898,"_2003Q3":138.757,"_2003Q2":107.194,"_2003Q1":69.104,"_2002Q4":117.708,"_2002Q3":103.956,"_2002Q2":110.486,"_2002Q1":79.12,"_2001Q4":141.836,"_2001Q3":143.539,"_2001Q2":145.671,"_2001Q1":139.646}},{"p":"ELEC.GEN.SUN-IN-99.Q","v":{"_2015Q4":49.51907,"_2015Q3":65.13797,"_2015Q2":63.11551,"_2015Q1":42.06039,"_2014Q4":25.09721,"_2014Q3":33.59631,"_2014Q2":29.24851,"_2014Q1":14.18486,"_2013Q4":22.2758,"_2013Q3":3.59606,"_2013Q2":3.06481,"_2013Q1":1.60334,"_2012Q4":null,"_2012Q3":0.00068,"_2012Q2":0.00065,"_2012Q1":0.00021}},{"p":"ELEC.GEN.WND-IN-99.Q","v":{"_2015Q4":1650.85184,"_2015Q3":554.23167,"_2015Q2":1062.5009,"_2015Q1":1248.39008,"_2014Q4":1198.37899,"_2014Q3":425.33069,"_2014Q2":882.23812,"_2014Q1":990.0939,"_2013Q4":1151.78411,"_2013Q3":385.0337,"_2013Q2":883.18583,"_2013Q1":1061.08937,"_2012Q4":963.9436,"_2012Q3":367.96579,"_2012Q2":782.06065,"_2012Q1":1096.13396,"_2011Q4":973.2258,"_2011Q3":329.00762,"_2011Q2":901.65563,"_2011Q1":1081.52195,"_2010Q4":1101.90913,"_2010Q3":455.5823,"_2010Q2":693.4923,"_2010Q1":683.05888,"_2009Q4":637.0693,"_2009Q3":151.81725,"_2009Q2":323.385,"_2009Q1":290.92,"_2008Q4":137.34982,"_2008Q3":48.57633,"_2008Q2":52.42941}},{"p":"ELEC.GEN.SPV-IN-99.Q","v":{"_2015Q4":49.51907,"_2015Q3":65.13797,"_2015Q2":63.11551,"_2015Q1":42.06039,"_2014Q4":25.09721,"_2014Q3":33.59631,"_2014Q2":29.24851,"_2014Q1":14.18486,"_2013Q4":22.2758,"_2013Q3":3.59606,"_2013Q2":3.06481,"_2013Q1":1.60334,"_2012Q4":null,"_2012Q3":0.00068,"_2012Q2":0.00065,"_2012Q1":0.00021}},{"p":"ELEC.GEN.WAS-IN-99.Q","v":{"_2015Q4":101.91861,"_2015Q3":100.72419,"_2015Q2":98.57207,"_2015Q1":93.70086,"_2014Q4":96.20713,"_2014Q3":105.30893,"_2014Q2":102.28654,"_2014Q1":86.73614,"_2013Q4":93.96725,"_2013Q3":94.73874,"_2013Q2":106.45875,"_2013Q1":81.13803,"_2012Q4":85.19175,"_2012Q3":93.64479,"_2012Q2":85.28286,"_2012Q1":71.9731,"_2011Q4":87.5503,"_2011Q3":89.87462,"_2011Q2":85.30865,"_2011Q1":72.85399,"_2010Q4":64.37817,"_2010Q3":77.0064,"_2010Q2":87.98328,"_2010Q1":82.25553,"_2009Q4":83.18476,"_2009Q3":75.46766,"_2009Q2":77.81345,"_2009Q1":66.17811,"_2008Q4":64.52373,"_2008Q3":71.77312,"_2008Q2":75.50319,"_2008Q1":61.23757,"_2007Q4":59.89327,"_2007Q3":64.24132,"_2007Q2":61.97641,"_2007Q1":45.13626,"_2006Q4":56.25337,"_2006Q3":56.3302,"_2006Q2":51.45813,"_2006Q1":56.17043,"_2005Q4":17.33423,"_2005Q3":17.79114,"_2005Q2":17.15891,"_2005Q1":15.4079,"_2004Q4":34.3361,"_2004Q3":34.34919,"_2004Q2":34.34208,"_2004Q1":34.34249,"_2003Q4":32.07107,"_2003Q3":28.50475,"_2003Q2":24.87853,"_2003Q1":33.6858,"_2002Q4":27.97528,"_2002Q3":35.83549,"_2002Q2":27.3036,"_2002Q1":24.83206,"_2001Q4":27.86126,"_2001Q3":35.18342,"_2001Q2":25.47282,"_2001Q1":26.0628}},{"p":"ELEC.GEN.TSN-IN-99.Q","v":{"_2015Q4":52.05463,"_2015Q3":69.12513,"_2015Q2":66.83047,"_2015Q1":44.35042,"_2014Q4":26.86823,"_2014Q3":36.62755,"_2014Q2":32.072,"_2014Q1":15.93749}},{"p":"ELEC.GEN.DPV-IN-99.Q","v":{"_2015Q4":2.53556,"_2015Q3":3.98716,"_2015Q2":3.71496,"_2015Q1":2.29003,"_2014Q4":1.77102,"_2014Q3":3.03124,"_2014Q2":2.82349,"_2014Q1":1.75263}},{"p":"ELEC.GEN.ALL-IN-99.Q","v":{"_2015Q4":23141.49141,"_2015Q3":27965.10916,"_2015Q2":24057.61049,"_2015Q1":28676.11724,"_2014Q4":26641.95757,"_2014Q3":28939.42491,"_2014Q2":27266.49684,"_2014Q1":32547.51247,"_2013Q4":28005.96154,"_2013Q3":29369.20348,"_2013Q2":25688.9466,"_2013Q1":27339.36549,"_2012Q4":27994.81851,"_2012Q3":30912.55943,"_2012Q2":27267.11339,"_2012Q1":28521.23795,"_2011Q4":29237.30416,"_2011Q3":33602.75645,"_2011Q2":28049.78611,"_2011Q1":31241.56726,"_2010Q4":31241.91214,"_2010Q3":34155.77904,"_2010Q2":28359.86736,"_2010Q1":31423.18035,"_2009Q4":28578.98528,"_2009Q3":29341.53685,"_2009Q2":27864.34638,"_2009Q1":30885.41135,"_2008Q4":31471.33844,"_2008Q3":34840.85062,"_2008Q2":30708.84787,"_2008Q1":32489.25706,"_2007Q4":31176.87151,"_2007Q3":35011.26284,"_2007Q2":30685.85665,"_2007Q1":33764.00751,"_2006Q4":32065.62107,"_2006Q3":34976.9982,"_2006Q2":31603.02472,"_2006Q1":31844.14367,"_2005Q4":31599.60942,"_2005Q3":35571.7563,"_2005Q2":31008.47883,"_2005Q1":32191.72797,"_2004Q4":32143.2872,"_2004Q3":32986.93483,"_2004Q2":30562.80228,"_2004Q1":32077.37145,"_2003Q4":29846.152,"_2003Q3":33416.86,"_2003Q2":29615.177,"_2003Q1":32010.028,"_2002Q4":31115.279,"_2002Q3":35427.359,"_2002Q2":29070.61,"_2002Q1":29994.896,"_2001Q4":29717.857,"_2001Q3":33578.67,"_2001Q2":28714.35,"_2001Q1":30558.793}},{"p":"ELEC.GEN.COW-IN-99.Q","v":{"_2015Q4":16057.88812,"_2015Q3":22162.29489,"_2015Q2":18349.85288,"_2015Q1":21535.5944,"_2014Q4":21588.4173,"_2014Q3":25197.87722,"_2014Q2":23225.35645,"_2014Q1":27537.08754,"_2013Q4":23382.2118,