{"p":"KS","c":[{"p":"ELEC.GEN.NUC-KS-99.Q","v":{"_2015Q4":2694.74,"_2015Q3":2637.494,"_2015Q2":1608.508,"_2015Q1":1689.436,"_2014Q4":2666.124,"_2014Q3":2643.934,"_2014Q2":1346.683,"_2014Q1":1901.643,"_2013Q4":2361.537,"_2013Q3":2058.863,"_2013Q2":1781.46,"_2013Q1":966.441,"_2012Q4":2666.644,"_2012Q3":2576.428,"_2012Q2":2613.362,"_2012Q1":428.49,"_2011Q4":2656.046,"_2011Q3":2508.51,"_2011Q2":-24.309,"_2011Q1":2178.641,"_2010Q4":2055.947,"_2010Q3":2576.87,"_2010Q2":2582.803,"_2010Q1":2340.092,"_2009Q4":1344.761,"_2009Q3":2418.505,"_2009Q2":2449.931,"_2009Q1":2555.351,"_2008Q4":2627.275,"_2008Q3":2583.814,"_2008Q2":1275.664,"_2008Q1":2010.407,"_2007Q4":2628.365,"_2007Q3":2584.908,"_2007Q2":2584.625,"_2007Q1":2571.238,"_2006Q4":1603.026,"_2006Q3":2587.238,"_2006Q2":2585.759,"_2006Q1":2574.246,"_2005Q4":2628.383,"_2005Q3":2588.005,"_2005Q2":1385.079,"_2005Q1":2219.478,"_2004Q4":2575.009,"_2004Q3":2489.766,"_2004Q2":2580.79,"_2004Q1":2487.171,"_2003Q4":1257.781,"_2003Q3":2526.762,"_2003Q2":2587.287,"_2003Q1":2517.837,"_2002Q4":2633.013,"_2002Q3":2597.191,"_2002Q2":1514.93,"_2002Q1":2296.568,"_2001Q4":2632.348,"_2001Q3":2601.849,"_2001Q2":2587.377,"_2001Q1":2525.077}},{"p":"ELEC.GEN.AOR-KS-99.Q","v":{"_2015Q4":3197.30256,"_2015Q3":2439.97809,"_2015Q2":2768.03498,"_2015Q1":2591.22851,"_2014Q4":2726.75889,"_2014Q3":2356.99727,"_2014Q2":2867.59556,"_2014Q1":2952.72599,"_2013Q4":2576.9365,"_2013Q3":2111.63164,"_2013Q2":2586.09565,"_2013Q1":2216.53462,"_2012Q4":1825.51669,"_2012Q3":1017.90183,"_2012Q2":1263.47696,"_2012Q1":1145.75787,"_2011Q4":1079.82655,"_2011Q3":671.77019,"_2011Q2":1086.13806,"_2011Q1":940.99722,"_2010Q4":907.97322,"_2010Q3":806.25751,"_2010Q2":941.52581,"_2010Q1":803.59403,"_2009Q4":896.91566,"_2009Q3":552.88,"_2009Q2":700.63464,"_2009Q1":712.83626,"_2008Q4":527.49513,"_2008Q3":350.53938,"_2008Q2":473.88365,"_2008Q1":407.49374,"_2007Q4":328.352,"_2007Q3":255.654,"_2007Q2":265.677,"_2007Q1":302.855,"_2006Q4":315.336,"_2006Q3":194.806,"_2006Q2":232.237,"_2006Q1":249.511,"_2005Q4":170.067,"_2005Q3":84.58,"_2005Q2":101.299,"_2005Q1":69.877,"_2004Q4":84.33625,"_2004Q3":80.1269,"_2004Q2":102.43216,"_2004Q1":91.73715,"_2003Q4":91.714,"_2003Q3":88.682,"_2003Q2":93.771,"_2003Q1":91.772,"_2002Q4":93.435,"_2002Q3":98.049,"_2002Q2":135.393,"_2002Q1":139.802,"_2001Q4":39.832}},{"p":"ELEC.GEN.HYC-KS-99.Q","v":{"_2015Q4":null,"_2015Q3":null,"_2015Q2":null,"_2015Q1":null,"_2014Q4":4.31957,"_2014Q3":4.91459,"_2014Q2":4.12145,"_2014Q1":2.85838,"_2013Q4":2.90133,"_2013Q3":4.40294,"_2013Q2":4.09973,"_2013Q1":3.11401,"_2012Q4":2.09024,"_2012Q3":3.06151,"_2012Q2":2.81393,"_2012Q1":2.4333,"_2011Q4":3.27116,"_2011Q3":4.36446,"_2011Q2":4.36377,"_2011Q1":2.74562,"_2010Q4":3.81207,"_2010Q3":4.16159,"_2010Q2":2.79585,"_2010Q1":2.44448,"_2009Q4":3.2241,"_2009Q3":3.80821,"_2009Q2":3.51868,"_2009Q1":2.24702,"_2008Q4":2.05769,"_2008Q3":3.20157,"_2008Q2":2.83042,"_2008Q1":2.48432,"_2007Q4":1.833,"_2007Q3":3.496,"_2007Q2":2.554,"_2007Q1":2.618,"_2006Q4":1.661,"_2006Q3":3.043,"_2006Q2":2.639,"_2006Q1":2.306,"_2005Q4":1.927,"_2005Q3":3.002,"_2005Q2":3.161,"_2005Q1":3.247,"_2004Q4":2.528,"_2004Q3":2.933,"_2004Q2":4.353,"_2004Q1":2.733,"_2003Q4":2.863,"_2003Q3":3.458,"_2003Q2":3.001,"_2003Q1":3.115,"_2002Q4":2.551,"_2002Q3":2.679,"_2002Q2":3.697,"_2002Q1":3.818,"_2001Q4":21.661,"_2001Q3":2.816,"_2001Q2":1.085,"_2001Q1":0}},{"p":"ELEC.GEN.WND-KS-99.Q","v":{"_2015Q4":3178.63319,"_2015Q3":2423.11738,"_2015Q2":2751.26409,"_2015Q1":2573.84343,"_2014Q4":2720.24323,"_2014Q3":2346.99521,"_2014Q2":2854.87329,"_2014Q1":2922.74929,"_2013Q4":2562.06313,"_2013Q3":2095.05393,"_2013Q2":2572.58147,"_2013Q1":2203.49748,"_2012Q4":1811.32055,"_2012Q3":1002.97444,"_2012Q2":1249.41601,"_2012Q1":1131.59536,"_2011Q4":1065.00983,"_2011Q3":656.6823,"_2011Q2":1071.36419,"_2011Q1":926.92269,"_2010Q4":893.42884,"_2010Q3":791.28161,"_2010Q2":928.10421,"_2010Q1":792.24988,"_2009Q4":896.91566,"_2009Q3":552.88,"_2009Q2":700.63464,"_2009Q1":712.83626,"_2008Q4":527.49513,"_2008Q3":350.53938,"_2008Q2":473.88365,"_2008Q1":407.49374,"_2007Q4":328.352,"_2007Q3":255.654,"_2007Q2":265.677,"_2007Q1":302.855,"_2006Q4":315.336,"_2006Q3":194.806,"_2006Q2":232.237,"_2006Q1":249.511,"_2005Q4":170.067,"_2005Q3":84.58,"_2005Q2":101.299,"_2005Q1":69.877,"_2004Q4":84.33625,"_2004Q3":80.1269,"_2004Q2":102.43216,"_2004Q1":91.73715,"_2003Q4":91.714,"_2003Q3":88.682,"_2003Q2":93.771,"_2003Q1":91.772,"_2002Q4":93.435,"_2002Q3":98.049,"_2002Q2":135.393,"_2002Q1":139.802,"_2001Q4":39.832}},{"p":"ELEC.GEN.WAS-KS-99.Q","v":{"_2015Q4":18.21568,"_2015Q3":16.15096,"_2015Q2":16.03302,"_2015Q1":17.0086,"_2014Q4":6.51567,"_2014Q3":10.00206,"_2014Q2":12.72227,"_2014Q1":29.9767,"_2013Q4":14.87338,"_2013Q3":16.57771,"_2013Q2":13.51418,"_2013Q1":13.03714,"_2012Q4":14.19614,"_2012Q3":14.92739,"_2012Q2":14.06096,"_2012Q1":14.1625,"_2011Q4":14.81672,"_2011Q3":15.08789,"_2011Q2":14.77387,"_2011Q1":14.07453,"_2010Q4":14.54438,"_2010Q3":14.97589,"_2010Q2":13.42159,"_2010Q1":11.34414,"_2009Q4":0,"_2009Q3":0,"_2009Q2":0,"_2009Q1":0}},{"p":"ELEC.GEN.TSN-KS-99.Q","v":{"_2015Q4":null,"_2015Q3":null,"_2015Q2":null,"_2015Q1":null,"_2014Q4":0.72669,"_2014Q3":0.96495,"_2014Q2":0.79254,"_2014Q1":0.49652}},{"p":"ELEC.GEN.DPV-KS-99.Q","v":{"_2015Q4":1.01806,"_2015Q3":1.38855,"_2015Q2":1.26634,"_2015Q1":0.87025,"_2014Q4":0.72669,"_2014Q3":0.96495,"_2014Q2":0.79254,"_2014Q1":0.49652}},{"p":"ELEC.GEN.ALL-KS-99.Q","v":{"_2015Q4":10572.80607,"_2015Q3":13223.8207,"_2015Q2":11318.85145,"_2015Q1":10665.77822,"_2014Q4":11972.06686,"_2014Q3":13629.06997,"_2014Q2":11524.7912,"_2014Q1":12602.43509,"_2013Q4":12096.01864,"_2013Q3":13583.29529,"_2013Q2":11739.88746,"_2013Q1":11053.37991,"_2012Q4":11733.48535,"_2012Q3":13331.83223,"_2012Q2":11080.56699,"_2012Q1":8278.8062,"_2011Q4":11753.05214,"_2011Q3":12850.07858,"_2011Q2":10116.61671,"_2011Q1":10640.09272,"_2010Q4":10571.21498,"_2010Q3":13560.97856,"_2010Q2":11923.24572,"_2010Q1":11868.32292,"_2009Q4":11198.74961,"_2009Q3":12264.2471,"_2009Q2":11356.53448,"_2009Q1":11857.77637,"_2008Q4":11916.14605,"_2008Q3":13162.01349,"_2008Q2":9913.90176,"_2008Q1":11638.26006,"_2007Q4":12417.99797,"_2007Q3":13800.83969,"_2007Q2":11711.67751,"_2007Q1":12191.68056,"_2006Q4":11660.81994,"_2006Q3":13406.40825,"_2006Q2":10482.9809,"_2006Q1":9973.52724,"_2005Q4":11439.08677,"_2005Q3":13056.18416,"_2005Q2":10345.98664,"_2005Q1":11021.4383,"_2004Q4":11477.39564,"_2004Q3":12308.53713,"_2004Q2":11492.70249,"_2004Q1":11504.02355,"_2003Q4":10717.71,"_2003Q3":12947.409,"_2003Q2":11237.937,"_2003Q1":11664.505,"_2002Q4":12026.683,"_2002Q3":13306.399,"_2002Q2":10567.646,"_2002Q1":11287.717,"_2001Q4":10624.047,"_2001Q3":12500.576,"_2001Q2":10902.346,"_2001Q1":10721.553}},{"p":"ELEC.GEN.COW-KS-99.Q","v":{"_2015Q4":4444.33205,"_2015Q3":7455.17384,"_2015Q2":6542.98327,"_2015Q1":6150.84511,"_2014Q4":6305.9687,"_2014Q3":8162.47047,"_2014Q2":6854.53035,"_2014Q1":7429.31267,"_2013Q4":6829.42895,"_2013Q3":8670.49725,"_2013Q2":6762.61489,"_2013Q1":7504.72098,"_2012Q4":7026.57478,"_2012Q3":8488.93484,"_2012Q2":6224.29276,"_2012Q1":6242.72875,"_2011Q4":7782.27353,"_2011Q3":8283.82601,"_2011Q2":8382.49186,"_2011Q1":7207.25747,"_2010Q4":7321.45647,"_2010Q3":8985.78606,"_2010Q2":7855.73233,"_2010Q1":8342.07825,"_2009Q4":8474.93914,"_2009Q3":8173.79611,"_2009Q2":7488.82162,"_2009Q1":8105.4866,"_2008Q4":8199.80615,"_2008Q3":9239.02462,"_2008Q2":7639.79952,"_2008Q1":8924.63187,"_2007Q4":9075.93735,"_2007Q3":9687.60954,"_2007Q2":8415.17379,"_2007Q1":9071.54247,"_2006Q4":9484.01939,"_2006Q3":9670.62914,"_2006Q2":7173.16596,"_2006Q1":6953.56549,"_2005Q4":8225.4271,"_2005Q3":9517.69227,"_2005Q2":8336.34246,"_2005Q1":8401.26916,"_2004Q4":8621.55213,"_2004Q3":9058.47091,"_2004Q2":8432.0369,"_2004Q1":8481.28606,"_2003Q4":9077.284,"_2003Q3":9271.809,"_2003Q2":8162.738,"_2003Q1":8597.785,"_2002Q4":9033.837,"_2002Q3":9523.368,"_2002Q2":8481.647,"_2002Q1":8330.337,"_2001Q4":7634.942,"_2001Q3":8616.434,"_2001Q2":7781.914,"_2001Q1":7734.711}},{"p":"ELEC.GEN.PEL-KS-99.Q",