{"p":"KS","c":[{"p":"ELEC.GEN.NUC-KS-99.Q","c":{"2015Q4":2694.74,"2015Q3":2637.494,"2015Q2":1608.508,"2015Q1":1689.436,"2014Q4":2666.124,"2014Q3":2643.934,"2014Q2":1346.683,"2014Q1":1901.643,"2013Q4":2361.537,"2013Q3":2058.863,"2013Q2":1781.46,"2013Q1":966.441,"2012Q4":2666.644,"2012Q3":2576.428,"2012Q2":2613.362,"2012Q1":428.49,"2011Q4":2656.046,"2011Q3":2508.51,"2011Q2":-24.309,"2011Q1":2178.641,"2010Q4":2055.947,"2010Q3":2576.87,"2010Q2":2582.803,"2010Q1":2340.092,"2009Q4":1344.761,"2009Q3":2418.505,"2009Q2":2449.931,"2009Q1":2555.351,"2008Q4":2627.275,"2008Q3":2583.814,"2008Q2":1275.664,"2008Q1":2010.407,"2007Q4":2628.365,"2007Q3":2584.908,"2007Q2":2584.625,"2007Q1":2571.238,"2006Q4":1603.026,"2006Q3":2587.238,"2006Q2":2585.759,"2006Q1":2574.246,"2005Q4":2628.383,"2005Q3":2588.005,"2005Q2":1385.079,"2005Q1":2219.478,"2004Q4":2575.009,"2004Q3":2489.766,"2004Q2":2580.79,"2004Q1":2487.171,"2003Q4":1257.781,"2003Q3":2526.762,"2003Q2":2587.287,"2003Q1":2517.837,"2002Q4":2633.013,"2002Q3":2597.191,"2002Q2":1514.93,"2002Q1":2296.568,"2001Q4":2632.348,"2001Q3":2601.849,"2001Q2":2587.377,"2001Q1":2525.077}},{"p":"ELEC.GEN.AOR-KS-99.Q","c":{"2015Q4":3197.30256,"2015Q3":2439.97809,"2015Q2":2768.03498,"2015Q1":2591.22851,"2014Q4":2726.75889,"2014Q3":2356.99727,"2014Q2":2867.59556,"2014Q1":2952.72599,"2013Q4":2576.9365,"2013Q3":2111.63164,"2013Q2":2586.09565,"2013Q1":2216.53462,"2012Q4":1825.51669,"2012Q3":1017.90183,"2012Q2":1263.47696,"2012Q1":1145.75787,"2011Q4":1079.82655,"2011Q3":671.77019,"2011Q2":1086.13806,"2011Q1":940.99722,"2010Q4":907.97322,"2010Q3":806.25751,"2010Q2":941.52581,"2010Q1":803.59403,"2009Q4":896.91566,"2009Q3":552.88,"2009Q2":700.63464,"2009Q1":712.83626,"2008Q4":527.49513,"2008Q3":350.53938,"2008Q2":473.88365,"2008Q1":407.49374,"2007Q4":328.352,"2007Q3":255.654,"2007Q2":265.677,"2007Q1":302.855,"2006Q4":315.336,"2006Q3":194.806,"2006Q2":232.237,"2006Q1":249.511,"2005Q4":170.067,"2005Q3":84.58,"2005Q2":101.299,"2005Q1":69.877,"2004Q4":84.33625,"2004Q3":80.1269,"2004Q2":102.43216,"2004Q1":91.73715,"2003Q4":91.714,"2003Q3":88.682,"2003Q2":93.771,"2003Q1":91.772,"2002Q4":93.435,"2002Q3":98.049,"2002Q2":135.393,"2002Q1":139.802,"2001Q4":39.832}},{"p":"ELEC.GEN.HYC-KS-99.Q","c":{"2015Q4":null,"2015Q3":null,"2015Q2":null,"2015Q1":null,"2014Q4":4.31957,"2014Q3":4.91459,"2014Q2":4.12145,"2014Q1":2.85838,"2013Q4":2.90133,"2013Q3":4.40294,"2013Q2":4.09973,"2013Q1":3.11401,"2012Q4":2.09024,"2012Q3":3.06151,"2012Q2":2.81393,"2012Q1":2.4333,"2011Q4":3.27116,"2011Q3":4.36446,"2011Q2":4.36377,"2011Q1":2.74562,"2010Q4":3.81207,"2010Q3":4.16159,"2010Q2":2.79585,"2010Q1":2.44448,"2009Q4":3.2241,"2009Q3":3.80821,"2009Q2":3.51868,"2009Q1":2.24702,"2008Q4":2.05769,"2008Q3":3.20157,"2008Q2":2.83042,"2008Q1":2.48432,"2007Q4":1.833,"2007Q3":3.496,"2007Q2":2.554,"2007Q1":2.618,"2006Q4":1.661,"2006Q3":3.043,"2006Q2":2.639,"2006Q1":2.306,"2005Q4":1.927,"2005Q3":3.002,"2005Q2":3.161,"2005Q1":3.247,"2004Q4":2.528,"2004Q3":2.933,"2004Q2":4.353,"2004Q1":2.733,"2003Q4":2.863,"2003Q3":3.458,"2003Q2":3.001,"2003Q1":3.115,"2002Q4":2.551,"2002Q3":2.679,"2002Q2":3.697,"2002Q1":3.818,"2001Q4":21.661,"2001Q3":2.816,"2001Q2":1.085,"2001Q1":0}},{"p":"ELEC.GEN.WND-KS-99.Q","c":{"2015Q4":3178.63319,"2015Q3":2423.11738,"2015Q2":2751.26409,"2015Q1":2573.84343,"2014Q4":2720.24323,"2014Q3":2346.99521,"2014Q2":2854.87329,"2014Q1":2922.74929,"2013Q4":2562.06313,"2013Q3":2095.05393,"2013Q2":2572.58147,"2013Q1":2203.49748,"2012Q4":1811.32055,"2012Q3":1002.97444,"2012Q2":1249.41601,"2012Q1":1131.59536,"2011Q4":1065.00983,"2011Q3":656.6823,"2011Q2":1071.36419,"2011Q1":926.92269,"2010Q4":893.42884,"2010Q3":791.28161,"2010Q2":928.10421,"2010Q1":792.24988,"2009Q4":896.91566,"2009Q3":552.88,"2009Q2":700.63464,"2009Q1":712.83626,"2008Q4":527.49513,"2008Q3":350.53938,"2008Q2":473.88365,"2008Q1":407.49374,"2007Q4":328.352,"2007Q3":255.654,"2007Q2":265.677,"2007Q1":302.855,"2006Q4":315.336,"2006Q3":194.806,"2006Q2":232.237,"2006Q1":249.511,"2005Q4":170.067,"2005Q3":84.58,"2005Q2":101.299,"2005Q1":69.877,"2004Q4":84.33625,"2004Q3":80.1269,"2004Q2":102.43216,"2004Q1":91.73715,"2003Q4":91.714,"2003Q3":88.682,"2003Q2":93.771,"2003Q1":91.772,"2002Q4":93.435,"2002Q3":98.049,"2002Q2":135.393,"2002Q1":139.802,"2001Q4":39.832}},{"p":"ELEC.GEN.WAS-KS-99.Q","c":{"2015Q4":18.21568,"2015Q3":16.15096,"2015Q2":16.03302,"2015Q1":17.0086,"2014Q4":6.51567,"2014Q3":10.00206,"2014Q2":12.72227,"2014Q1":29.9767,"2013Q4":14.87338,"2013Q3":16.57771,"2013Q2":13.51418,"2013Q1":13.03714,"2012Q4":14.19614,"2012Q3":14.92739,"2012Q2":14.06096,"2012Q1":14.1625,"2011Q4":14.81672,"2011Q3":15.08789,"2011Q2":14.77387,"2011Q1":14.07453,"2010Q4":14.54438,"2010Q3":14.97589,"2010Q2":13.42159,"2010Q1":11.34414,"2009Q4":0,"2009Q3":0,"2009Q2":0,"2009Q1":0}},{"p":"ELEC.GEN.TSN-KS-99.Q","c":{"2015Q4":null,"2015Q3":null,"2015Q2":null,"2015Q1":null,"2014Q4":0.72669,"2014Q3":0.96495,"2014Q2":0.79254,"2014Q1":0.49652}},{"p":"ELEC.GEN.DPV-KS-99.Q","c":{"2015Q4":1.01806,"2015Q3":1.38855,"2015Q2":1.26634,"2015Q1":0.87025,"2014Q4":0.72669,"2014Q3":0.96495,"2014Q2":0.79254,"2014Q1":0.49652}},{"p":"ELEC.GEN.ALL-KS-99.Q","c":{"2015Q4":10572.80607,"2015Q3":13223.8207,"2015Q2":11318.85145,"2015Q1":10665.77822,"2014Q4":11972.06686,"2014Q3":13629.06997,"2014Q2":11524.7912,"2014Q1":12602.43509,"2013Q4":12096.01864,"2013Q3":13583.29529,"2013Q2":11739.88746,"2013Q1":11053.37991,"2012Q4":11733.48535,"2012Q3":13331.83223,"2012Q2":11080.56699,"2012Q1":8278.8062,"2011Q4":11753.05214,"2011Q3":12850.07858,"2011Q2":10116.61671,"2011Q1":10640.09272,"2010Q4":10571.21498,"2010Q3":13560.97856,"2010Q2":11923.24572,"2010Q1":11868.32292,"2009Q4":11198.74961,"2009Q3":12264.2471,"2009Q2":11356.53448,"2009Q1":11857.77637,"2008Q4":11916.14605,"2008Q3":13162.01349,"2008Q2":9913.90176,"2008Q1":11638.26006,"2007Q4":12417.99797,"2007Q3":13800.83969,"2007Q2":11711.67751,"2007Q1":12191.68056,"2006Q4":11660.81994,"2006Q3":13406.40825,"2006Q2":10482.9809,"2006Q1":9973.52724,"2005Q4":11439.08677,"2005Q3":13056.18416,"2005Q2":10345.98664,"2005Q1":11021.4383,"2004Q4":11477.39564,"2004Q3":12308.53713,"2004Q2":11492.70249,"2004Q1":11504.02355,"2003Q4":10717.71,"2003Q3":12947.409,"2003Q2":11237.937,"2003Q1":11664.505,"2002Q4":12026.683,"2002Q3":13306.399,"2002Q2":10567.646,"2002Q1":11287.717,"2001Q4":10624.047,"2001Q3":12500.576,"2001Q2":10902.346,"2001Q1":10721.553}},{"p":"ELEC.GEN.COW-KS-99.Q","c":{"2015Q4":4444.33205,"2015Q3":7455.17384,"2015Q2":6542.98327,"2015Q1":6150.84511,"2014Q4":6305.9687,"2014Q3":8162.47047,"2014Q2":6854.53035,"2014Q1":7429.31267,"2013Q4":6829.42895,"2013Q3":8670.49725,"2013Q2":6762.61489,"2013Q1":7504.72098,"2012Q4":7026.57478,"2012Q3":8488.93484,"2012Q2":6224.29276,"2012Q1":6242.72875,"2011Q4":7782.27353,"2011Q3":8283.82601,"2011Q2":8382.49186,"2011Q1":7207.25747,"2010Q4":7321.45647,"2010Q3":8985.78606,"2010Q2":7855.73233,"2010Q1":8342.07825,"2009Q4":8474.93914,"2009Q3":8173.79611,"2009Q2":7488.82162,"2009Q1":8105.4866,"2008Q4":8199.80615,"2008Q3":9239.02462,"2008Q2":7639.79952,"2008Q1":8924.63187,"2007Q4":9075.93735,"2007Q3":9687.60954,"2007Q2":8415.17379,"2007Q1":9071.54247,"2006Q4":9484.01939,"2006Q3":9670.62914,"2006Q2":7173.16596,"2006Q1":6953.56549,"2005Q4":8225.4271,"2005Q3":9517.69227,"2005Q2":8336.34246,"2005Q1":8401.26916,"2004Q4":8621.55213,"2004Q3":9058.47091,"2004Q2":8432.0369,"2004Q1":8481.28606,"2003Q4":9077.284,"2003Q3":9271.809,"2003Q2":8162.738,"2003Q1":8597.785,"2002Q4":9033.837,"2002Q3":9523.368,"2002Q2":8481.647,"2002Q1":8330.337,"2001Q4":7634.942,"2001Q3":8616.434,"2001Q2":7781.914,"2001Q1":7734.711}},{"p":"ELEC.GEN.PEL-KS-99.Q","c":{"2015Q4":13.53311,"2015Q3":8.2023,"2015Q2":11.62645,"2015Q1":18.77404,"2014Q4":8.43641,"2014Q3":9.34958,"2014Q2":13.25467,"2014Q1":13.84022,"2013Q4":15.11176,"2013Q3":6.64907,"2013Q2":18.4686,"2013Q1":10.89393,"2012Q4":11.35587,"2012Q3":5.02013,"2012Q2":10.07296,"2012Q1":8.06146,"2011Q4":8.83404,"2011Q3":8.11639,"2011Q2":8.40171,"2011Q1":12.19838,"2010Q4":12.07337,"2010Q3":9.58088,"2010Q2":11.66954,