{"p":"KY","c":[{"p":"ELEC.GEN.OOG-KY-99.Q","v":{"_2010Q4":0.71255,"_2010Q3":0.77333,"_2010Q2":0.53967,"_2010Q1":0.63601,"_2009Q4":0.70439,"_2009Q3":0.98157,"_2009Q2":1.24117,"_2009Q1":1.38687,"_2008Q4":0.63153,"_2008Q3":1.3455,"_2008Q2":1.55228,"_2008Q1":0.30525,"_2007Q4":1.62729,"_2007Q3":0.93564,"_2007Q2":0.69282,"_2007Q1":1.48976,"_2006Q4":0.748,"_2006Q3":1.159,"_2006Q2":0.964,"_2006Q1":0.965,"_2005Q4":1.367,"_2005Q3":1.496,"_2005Q2":1.278,"_2005Q1":0.85,"_2004Q4":0.767,"_2004Q3":0.934,"_2004Q2":0,"_2004Q1":0,"_2003Q4":0,"_2003Q3":0,"_2003Q2":0,"_2003Q1":0}},{"p":"ELEC.GEN.AOR-KY-99.Q","v":{"_2015Q4":105.24609,"_2015Q3":91.47381,"_2015Q2":119.07622,"_2015Q1":122.35857,"_2014Q4":111.27898,"_2014Q3":92.34904,"_2014Q2":118.98753,"_2014Q1":125.37383,"_2013Q4":102.03083,"_2013Q3":71.03549,"_2013Q2":75.35029,"_2013Q1":78.26412,"_2012Q4":89.13822,"_2012Q3":76.80283,"_2012Q2":83.79436,"_2012Q1":83.14405,"_2011Q4":118.5011,"_2011Q3":82.53609,"_2011Q2":109.58856,"_2011Q1":125.60476,"_2010Q4":78.87659,"_2010Q3":113.34903,"_2010Q2":115.57488,"_2010Q1":132.07424,"_2009Q4":57.67139,"_2009Q3":82.13206,"_2009Q2":111.04661,"_2009Q1":112.68421,"_2008Q4":94.24671,"_2008Q3":131.55395,"_2008Q2":108.30719,"_2008Q1":125.51126,"_2007Q4":126.76069,"_2007Q3":105.09846,"_2007Q2":122.58564,"_2007Q1":111.17827,"_2006Q4":122.73608,"_2006Q3":107.35358,"_2006Q2":109.64717,"_2006Q1":119.06134,"_2005Q4":110.39843,"_2005Q3":103.30945,"_2005Q2":92.74615,"_2005Q1":114.95788,"_2004Q4":111.33708,"_2004Q3":99.48523,"_2004Q2":89.39833,"_2004Q1":110.79691,"_2003Q4":93.907,"_2003Q3":88.508,"_2003Q2":61.538,"_2003Q1":55.287,"_2002Q4":80.431,"_2002Q3":99.376,"_2002Q2":89.029,"_2002Q1":96.63,"_2001Q4":2.248,"_2001Q3":2.529,"_2001Q2":2.314,"_2001Q1":2.462}},{"p":"ELEC.GEN.HYC-KY-99.Q","v":{"_2015Q4":874.03743,"_2015Q3":806.65605,"_2015Q2":776.5657,"_2015Q1":963.00051,"_2014Q4":888.63571,"_2014Q3":646.16587,"_2014Q2":676.12071,"_2014Q1":932.64471,"_2013Q4":718.51807,"_2013Q3":805.58656,"_2013Q2":831.4726,"_2013Q1":919.63679,"_2012Q4":606.14924,"_2012Q3":450.7861,"_2012Q2":341.1257,"_2012Q1":963.72095,"_2011Q4":693.09066,"_2011Q3":535.59103,"_2011Q2":977.50427,"_2011Q1":763.12603,"_2010Q4":610.23,"_2010Q3":409.36337,"_2010Q2":695.67048,"_2010Q1":864.98215,"_2009Q4":879.51735,"_2009Q3":549.87254,"_2009Q2":936.52895,"_2009Q1":951.72217,"_2008Q4":361.88383,"_2008Q3":291.99735,"_2008Q2":568.16309,"_2008Q1":695.42575,"_2007Q4":316.4445,"_2007Q3":268.37244,"_2007Q2":388.61441,"_2007Q1":695.15565,"_2006Q4":684.86839,"_2006Q3":625.31545,"_2006Q2":617.50668,"_2006Q1":664.01047,"_2005Q4":516.49239,"_2005Q3":722.35089,"_2005Q2":780.55231,"_2005Q1":941.79741,"_2004Q4":974.41022,"_2004Q3":945.16731,"_2004Q2":833.06538,"_2004Q1":1027.60809,"_2003Q4":882.361,"_2003Q3":990.314,"_2003Q2":1110.683,"_2003Q1":964.694,"_2002Q4":844.276,"_2002Q3":602.015,"_2002Q2":1360.982,"_2002Q1":1217.476,"_2001Q4":815.433,"_2001Q3":1542.591,"_2001Q2":894.983,"_2001Q1":602.501}},{"p":"ELEC.GEN.WAS-KY-99.Q","v":{"_2015Q4":24.37331,"_2015Q3":24.10152,"_2015Q2":23.54034,"_2015Q1":22.30554,"_2014Q4":17.72441,"_2014Q3":29.27925,"_2014Q2":24.37874,"_2014Q1":22.1516,"_2013Q4":17.96246,"_2013Q3":45.39145,"_2013Q2":17.79728,"_2013Q1":17.34087,"_2012Q4":23.2876,"_2012Q3":24.99161,"_2012Q2":28.02115,"_2012Q1":20.03575,"_2011Q4":18.34184,"_2011Q3":22.71452,"_2011Q2":24.18339,"_2011Q1":29.71838,"_2010Q4":11.50036,"_2010Q3":18.83095,"_2010Q2":20.73168,"_2010Q1":39.74042,"_2009Q4":21.50733,"_2009Q3":23.25783,"_2009Q2":22.17212,"_2009Q1":33.93702,"_2008Q4":16.11537,"_2008Q3":57.53747,"_2008Q2":14.75677,"_2008Q1":20.46996,"_2007Q4":24.91144,"_2007Q3":22.63372,"_2007Q2":26.13315,"_2007Q1":21.73494,"_2006Q4":22.9803,"_2006Q3":22.92424,"_2006Q2":20.70094,"_2006Q1":22.83144,"_2005Q4":15.56485,"_2005Q3":17.1012,"_2005Q2":16.00744,"_2005Q1":14.64273,"_2004Q4":15.11973,"_2004Q3":15.17228,"_2004Q2":15.28541,"_2004Q1":16.32161,"_2003Q4":0.764,"_2003Q3":0,"_2003Q2":0,"_2003Q1":0}},{"p":"ELEC.GEN.WWW-KY-99.Q","v":{"_2015Q4":80.87279,"_2015Q3":67.37228,"_2015Q2":95.53588,"_2015Q1":100.05302,"_2014Q4":93.55458,"_2014Q3":63.06979,"_2014Q2":94.60879,"_2014Q1":103.22223,"_2013Q4":84.06837,"_2013Q3":25.64403,"_2013Q2":57.55301,"_2013Q1":60.92325,"_2012Q4":65.85063,"_2012Q3":51.81124,"_2012Q2":55.77321,"_2012Q1":63.10831,"_2011Q4":100.15927,"_2011Q3":59.82155,"_2011Q2":85.40517,"_2011Q1":95.88637,"_2010Q4":67.37623,"_2010Q3":94.51809,"_2010Q2":94.84321,"_2010Q1":92.33381,"_2009Q4":36.16407,"_2009Q3":58.87424,"_2009Q2":88.87449,"_2009Q1":78.74722,"_2008Q4":78.13135,"_2008Q3":74.01648,"_2008Q2":93.55042,"_2008Q1":105.0413,"_2007Q4":101.84925,"_2007Q3":82.46475,"_2007Q2":96.45249,"_2007Q1":89.44333,"_2006Q4":99.75578,"_2006Q3":84.42935,"_2006Q2":88.94624,"_2006Q1":96.22988,"_2005Q4":94.83357,"_2005Q3":86.20826,"_2005Q2":76.73871,"_2005Q1":100.31516,"_2004Q4":96.21735,"_2004Q3":84.31297,"_2004Q2":74.11292,"_2004Q1":94.4753,"_2003Q4":93.143,"_2003Q3":88.508,"_2003Q2":61.538,"_2003Q1":55.287,"_2002Q4":80.431,"_2002Q3":99.376,"_2002Q2":89.029,"_2002Q1":96.63,"_2001Q4":2.248,"_2001Q3":2.529,"_2001Q2":2.314,"_2001Q1":2.462}},{"p":"ELEC.GEN.TSN-KY-99.Q","v":{"_2015Q4":2.69403,"_2015Q3":4.17739,"_2015Q2":4.15362,"_2015Q1":2.69402,"_2014Q4":2.43447,"_2014Q3":3.79518,"_2014Q2":3.79385,"_2014Q1":2.4821}},{"p":"ELEC.GEN.DPV-KY-99.Q","v":{"_2015Q4":2.69403,"_2015Q3":4.17739,"_2015Q2":4.15362,"_2015Q1":2.69402,"_2014Q4":2.43447,"_2014Q3":3.79518,"_2014Q2":3.79385,"_2014Q1":2.4821}},{"p":"ELEC.GEN.ALL-KY-99.Q","v":{"_2015Q4":17499.1692,"_2015Q3":22544.05679,"_2015Q2":19690.31501,"_2015Q1":23498.09071,"_2014Q4":21796.53455,"_2014Q3":23286.31488,"_2014Q2":20508.63864,"_2014Q1":25304.94698,"_2013Q4":21631.03757,"_2013Q3":23411.50291,"_2013Q2":20202.28071,"_2013Q1":24496.20004,"_2012Q4":22169.97979,"_2012Q3":24160.69704,"_2012Q2":21580.54737,"_2012Q1":22038.4645,"_2011Q4":23172.86753,"_2011Q3":26349.91846,"_2011Q2":23288.10708,"_2011Q1":25540.08912,"_2010Q4":23760.7138,"_2010Q3":26369.70245,"_2010Q2":22548.39277,"_2010Q1":25538.84918,"_2009Q4":21932.26481,"_2009Q3":23267.36487,"_2009Q2":21926.9508,"_2009Q1":23503.84613,"_2008Q4":24274.22224,"_2008Q3":25695.8354,"_2008Q2":22005.36686,"_2008Q1":25887.91576,"_2007Q4":23321.65994,"_2007Q3":26539.02032,"_2007Q2":21907.86033,"_2007Q1":25456.77881,"_2006Q4":24632.35337,"_2006Q3":26277.65427,"_2006Q2":23159.24748,"_2006Q1":24722.75907,"_2005Q4":23934.63158,"_2005Q3":26596.69314,"_2005Q2":23661.55373,"_2005Q1":23629.5407,"_2004Q4":22636.16082,"_2004Q3":24354.11537,"_2004Q2":22670.83595,"_2004Q1":24868.83502,"_2003Q4":22187.276,"_2003Q3":24241.007,"_2003Q2":21804.511,"_2003Q1":23486.025,"_2002Q4":20478.666,"_2002Q3":24868.622,"_2002Q2":23200.008,"_2002Q1":23559.372,"_2001Q4":22219.783,"_2001Q3":26270.264,"_2001Q2":23074.007,"_2001Q1":23853.571}},{"p":"ELEC.GEN.COW-KY-99.Q","v":{"_2015Q4":14378.46458,"_2015Q3":19431.18059,"_2015Q2":17463.22275,"_2015Q1":20971.97637,"_2014Q4":20124.69032,"_2014Q3":21879.94759,"_2014Q2":18906.12411,"_2014Q1":22691.19915,"_2013Q4":20299.67796,"_2013Q3":21725.24804,"_2013Q2":18522.58475,"_2013Q1":22755.74972,"_2012Q4":20794.6539,"_2012Q3":22325.24356,"_2012Q2":19287.07587,"_2012Q1":20354.69515,"_2011Q4":21817.63129,"_2011Q3":24594.96074,"_2011Q2":21282.07855,"_2011Q1":23961.35908,"_2010Q4":22197.98846,"_2010Q3":24381.09724,"_2010Q2":20717.12388,"_2010Q1":23757.64889,"_2009Q4":20459.89387,"_2009Q3":21875.09987,"_2009Q2":20153.30476,"_2009Q1":21549.2972,"_2008Q4":23013.17865,"_2008Q3":24165.59808,"_2008Q2":20387.44774,"_2008Q1":24054.36346,"_2007Q4":21836.10174,"_2007Q3":24552.17097,"_2007Q2":20380.91843,"_2007Q1":23713.86811,"_2006Q4":22738.29461,"_2006Q3":24074.31128,"_2006Q2":21358.71374,"_2006Q1":23027.16838,"_2005Q4":22155.40385,"_2005Q3":24132.13526,"_2005Q2":21420.51602,"_2005Q1":21375.05787,"_2004Q4":20567.61228,"_2004Q3":22470.36478,"_2004Q2":20550.91304,"_2004Q1":22531.62089,"_2003Q4":20137.608,"_2003Q3":21988.532,"_2003Q2":19655.542,"_2003Q1":22278.857,"_2002Q4":18850.725,"_2002Q3":22558.064,