{"p":"KY","c":[{"p":"ELEC.GEN.OOG-KY-99.Q","c":{"2010Q4":0.71255,"2010Q3":0.77333,"2010Q2":0.53967,"2010Q1":0.63601,"2009Q4":0.70439,"2009Q3":0.98157,"2009Q2":1.24117,"2009Q1":1.38687,"2008Q4":0.63153,"2008Q3":1.3455,"2008Q2":1.55228,"2008Q1":0.30525,"2007Q4":1.62729,"2007Q3":0.93564,"2007Q2":0.69282,"2007Q1":1.48976,"2006Q4":0.748,"2006Q3":1.159,"2006Q2":0.964,"2006Q1":0.965,"2005Q4":1.367,"2005Q3":1.496,"2005Q2":1.278,"2005Q1":0.85,"2004Q4":0.767,"2004Q3":0.934,"2004Q2":0,"2004Q1":0,"2003Q4":0,"2003Q3":0,"2003Q2":0,"2003Q1":0}},{"p":"ELEC.GEN.AOR-KY-99.Q","c":{"2015Q4":105.24609,"2015Q3":91.47381,"2015Q2":119.07622,"2015Q1":122.35857,"2014Q4":111.27898,"2014Q3":92.34904,"2014Q2":118.98753,"2014Q1":125.37383,"2013Q4":102.03083,"2013Q3":71.03549,"2013Q2":75.35029,"2013Q1":78.26412,"2012Q4":89.13822,"2012Q3":76.80283,"2012Q2":83.79436,"2012Q1":83.14405,"2011Q4":118.5011,"2011Q3":82.53609,"2011Q2":109.58856,"2011Q1":125.60476,"2010Q4":78.87659,"2010Q3":113.34903,"2010Q2":115.57488,"2010Q1":132.07424,"2009Q4":57.67139,"2009Q3":82.13206,"2009Q2":111.04661,"2009Q1":112.68421,"2008Q4":94.24671,"2008Q3":131.55395,"2008Q2":108.30719,"2008Q1":125.51126,"2007Q4":126.76069,"2007Q3":105.09846,"2007Q2":122.58564,"2007Q1":111.17827,"2006Q4":122.73608,"2006Q3":107.35358,"2006Q2":109.64717,"2006Q1":119.06134,"2005Q4":110.39843,"2005Q3":103.30945,"2005Q2":92.74615,"2005Q1":114.95788,"2004Q4":111.33708,"2004Q3":99.48523,"2004Q2":89.39833,"2004Q1":110.79691,"2003Q4":93.907,"2003Q3":88.508,"2003Q2":61.538,"2003Q1":55.287,"2002Q4":80.431,"2002Q3":99.376,"2002Q2":89.029,"2002Q1":96.63,"2001Q4":2.248,"2001Q3":2.529,"2001Q2":2.314,"2001Q1":2.462}},{"p":"ELEC.GEN.HYC-KY-99.Q","c":{"2015Q4":874.03743,"2015Q3":806.65605,"2015Q2":776.5657,"2015Q1":963.00051,"2014Q4":888.63571,"2014Q3":646.16587,"2014Q2":676.12071,"2014Q1":932.64471,"2013Q4":718.51807,"2013Q3":805.58656,"2013Q2":831.4726,"2013Q1":919.63679,"2012Q4":606.14924,"2012Q3":450.7861,"2012Q2":341.1257,"2012Q1":963.72095,"2011Q4":693.09066,"2011Q3":535.59103,"2011Q2":977.50427,"2011Q1":763.12603,"2010Q4":610.23,"2010Q3":409.36337,"2010Q2":695.67048,"2010Q1":864.98215,"2009Q4":879.51735,"2009Q3":549.87254,"2009Q2":936.52895,"2009Q1":951.72217,"2008Q4":361.88383,"2008Q3":291.99735,"2008Q2":568.16309,"2008Q1":695.42575,"2007Q4":316.4445,"2007Q3":268.37244,"2007Q2":388.61441,"2007Q1":695.15565,"2006Q4":684.86839,"2006Q3":625.31545,"2006Q2":617.50668,"2006Q1":664.01047,"2005Q4":516.49239,"2005Q3":722.35089,"2005Q2":780.55231,"2005Q1":941.79741,"2004Q4":974.41022,"2004Q3":945.16731,"2004Q2":833.06538,"2004Q1":1027.60809,"2003Q4":882.361,"2003Q3":990.314,"2003Q2":1110.683,"2003Q1":964.694,"2002Q4":844.276,"2002Q3":602.015,"2002Q2":1360.982,"2002Q1":1217.476,"2001Q4":815.433,"2001Q3":1542.591,"2001Q2":894.983,"2001Q1":602.501}},{"p":"ELEC.GEN.WAS-KY-99.Q","c":{"2015Q4":24.37331,"2015Q3":24.10152,"2015Q2":23.54034,"2015Q1":22.30554,"2014Q4":17.72441,"2014Q3":29.27925,"2014Q2":24.37874,"2014Q1":22.1516,"2013Q4":17.96246,"2013Q3":45.39145,"2013Q2":17.79728,"2013Q1":17.34087,"2012Q4":23.2876,"2012Q3":24.99161,"2012Q2":28.02115,"2012Q1":20.03575,"2011Q4":18.34184,"2011Q3":22.71452,"2011Q2":24.18339,"2011Q1":29.71838,"2010Q4":11.50036,"2010Q3":18.83095,"2010Q2":20.73168,"2010Q1":39.74042,"2009Q4":21.50733,"2009Q3":23.25783,"2009Q2":22.17212,"2009Q1":33.93702,"2008Q4":16.11537,"2008Q3":57.53747,"2008Q2":14.75677,"2008Q1":20.46996,"2007Q4":24.91144,"2007Q3":22.63372,"2007Q2":26.13315,"2007Q1":21.73494,"2006Q4":22.9803,"2006Q3":22.92424,"2006Q2":20.70094,"2006Q1":22.83144,"2005Q4":15.56485,"2005Q3":17.1012,"2005Q2":16.00744,"2005Q1":14.64273,"2004Q4":15.11973,"2004Q3":15.17228,"2004Q2":15.28541,"2004Q1":16.32161,"2003Q4":0.764,"2003Q3":0,"2003Q2":0,"2003Q1":0}},{"p":"ELEC.GEN.WWW-KY-99.Q","c":{"2015Q4":80.87279,"2015Q3":67.37228,"2015Q2":95.53588,"2015Q1":100.05302,"2014Q4":93.55458,"2014Q3":63.06979,"2014Q2":94.60879,"2014Q1":103.22223,"2013Q4":84.06837,"2013Q3":25.64403,"2013Q2":57.55301,"2013Q1":60.92325,"2012Q4":65.85063,"2012Q3":51.81124,"2012Q2":55.77321,"2012Q1":63.10831,"2011Q4":100.15927,"2011Q3":59.82155,"2011Q2":85.40517,"2011Q1":95.88637,"2010Q4":67.37623,"2010Q3":94.51809,"2010Q2":94.84321,"2010Q1":92.33381,"2009Q4":36.16407,"2009Q3":58.87424,"2009Q2":88.87449,"2009Q1":78.74722,"2008Q4":78.13135,"2008Q3":74.01648,"2008Q2":93.55042,"2008Q1":105.0413,"2007Q4":101.84925,"2007Q3":82.46475,"2007Q2":96.45249,"2007Q1":89.44333,"2006Q4":99.75578,"2006Q3":84.42935,"2006Q2":88.94624,"2006Q1":96.22988,"2005Q4":94.83357,"2005Q3":86.20826,"2005Q2":76.73871,"2005Q1":100.31516,"2004Q4":96.21735,"2004Q3":84.31297,"2004Q2":74.11292,"2004Q1":94.4753,"2003Q4":93.143,"2003Q3":88.508,"2003Q2":61.538,"2003Q1":55.287,"2002Q4":80.431,"2002Q3":99.376,"2002Q2":89.029,"2002Q1":96.63,"2001Q4":2.248,"2001Q3":2.529,"2001Q2":2.314,"2001Q1":2.462}},{"p":"ELEC.GEN.TSN-KY-99.Q","c":{"2015Q4":2.69403,"2015Q3":4.17739,"2015Q2":4.15362,"2015Q1":2.69402,"2014Q4":2.43447,"2014Q3":3.79518,"2014Q2":3.79385,"2014Q1":2.4821}},{"p":"ELEC.GEN.DPV-KY-99.Q","c":{"2015Q4":2.69403,"2015Q3":4.17739,"2015Q2":4.15362,"2015Q1":2.69402,"2014Q4":2.43447,"2014Q3":3.79518,"2014Q2":3.79385,"2014Q1":2.4821}},{"p":"ELEC.GEN.ALL-KY-99.Q","c":{"2015Q4":17499.1692,"2015Q3":22544.05679,"2015Q2":19690.31501,"2015Q1":23498.09071,"2014Q4":21796.53455,"2014Q3":23286.31488,"2014Q2":20508.63864,"2014Q1":25304.94698,"2013Q4":21631.03757,"2013Q3":23411.50291,"2013Q2":20202.28071,"2013Q1":24496.20004,"2012Q4":22169.97979,"2012Q3":24160.69704,"2012Q2":21580.54737,"2012Q1":22038.4645,"2011Q4":23172.86753,"2011Q3":26349.91846,"2011Q2":23288.10708,"2011Q1":25540.08912,"2010Q4":23760.7138,"2010Q3":26369.70245,"2010Q2":22548.39277,"2010Q1":25538.84918,"2009Q4":21932.26481,"2009Q3":23267.36487,"2009Q2":21926.9508,"2009Q1":23503.84613,"2008Q4":24274.22224,"2008Q3":25695.8354,"2008Q2":22005.36686,"2008Q1":25887.91576,"2007Q4":23321.65994,"2007Q3":26539.02032,"2007Q2":21907.86033,"2007Q1":25456.77881,"2006Q4":24632.35337,"2006Q3":26277.65427,"2006Q2":23159.24748,"2006Q1":24722.75907,"2005Q4":23934.63158,"2005Q3":26596.69314,"2005Q2":23661.55373,"2005Q1":23629.5407,"2004Q4":22636.16082,"2004Q3":24354.11537,"2004Q2":22670.83595,"2004Q1":24868.83502,"2003Q4":22187.276,"2003Q3":24241.007,"2003Q2":21804.511,"2003Q1":23486.025,"2002Q4":20478.666,"2002Q3":24868.622,"2002Q2":23200.008,"2002Q1":23559.372,"2001Q4":22219.783,"2001Q3":26270.264,"2001Q2":23074.007,"2001Q1":23853.571}},{"p":"ELEC.GEN.COW-KY-99.Q","c":{"2015Q4":14378.46458,"2015Q3":19431.18059,"2015Q2":17463.22275,"2015Q1":20971.97637,"2014Q4":20124.69032,"2014Q3":21879.94759,"2014Q2":18906.12411,"2014Q1":22691.19915,"2013Q4":20299.67796,"2013Q3":21725.24804,"2013Q2":18522.58475,"2013Q1":22755.74972,"2012Q4":20794.6539,"2012Q3":22325.24356,"2012Q2":19287.07587,"2012Q1":20354.69515,"2011Q4":21817.63129,"2011Q3":24594.96074,"2011Q2":21282.07855,"2011Q1":23961.35908,"2010Q4":22197.98846,"2010Q3":24381.09724,"2010Q2":20717.12388,"2010Q1":23757.64889,"2009Q4":20459.89387,"2009Q3":21875.09987,"2009Q2":20153.30476,"2009Q1":21549.2972,"2008Q4":23013.17865,"2008Q3":24165.59808,"2008Q2":20387.44774,"2008Q1":24054.36346,"2007Q4":21836.10174,"2007Q3":24552.17097,"2007Q2":20380.91843,"2007Q1":23713.86811,"2006Q4":22738.29461,"2006Q3":24074.31128,"2006Q2":21358.71374,"2006Q1":23027.16838,"2005Q4":22155.40385,"2005Q3":24132.13526,"2005Q2":21420.51602,"2005Q1":21375.05787,"2004Q4":20567.61228,"2004Q3":22470.36478,"2004Q2":20550.91304,"2004Q1":22531.62089,"2003Q4":20137.608,"2003Q3":21988.532,"2003Q2":19655.542,"2003Q1":22278.857,"2002Q4":18850.725,"2002Q3":22558.064,"2002Q2":20646.954,"2002Q1":21218.504,"2001Q4":21242.222,"2001Q3":24382.628,"2001Q2":22022.882,"2001Q1":23150.845}},{"p":"ELEC.GEN.PEL-KY-99.Q","c":{"2015Q4":33.74519,"2015Q3":26.41885,"2015Q2":31.40001,"2015Q1":null,"2014Q4":27.15295,"2014Q3":37.23048,"2014Q2":28.31344,"2014Q1":27.66935,"2013Q4":32.21971,"2013Q3":22.49042,"2013Q2":24.31651,"2013Q1":27.47518,"2012Q4":27.15729,"2012Q3":27.61639,