{"p":"LA","c":[{"p":"ELEC.GEN.NUC-LA-99.Q","v":{"_2015Q4":2859.912,"_2015Q3":4621.749,"_2015Q2":4129.716,"_2015Q1":3689.359,"_2014Q4":4424.928,"_2014Q3":4659.325,"_2014Q2":3579.819,"_2014Q1":4647.258,"_2013Q4":4732.046,"_2013Q3":4675.06,"_2013Q2":4347.048,"_2013Q1":3200.24,"_2012Q4":2567.941,"_2012Q3":4496.755,"_2012Q2":3923.734,"_2012Q1":4670.702,"_2011Q4":4659.794,"_2011Q3":4709.049,"_2011Q2":3519.344,"_2011Q1":3726.788,"_2010Q4":4745.517,"_2010Q3":4559.654,"_2010Q2":4676.749,"_2010Q1":4657.427,"_2009Q4":2954.461,"_2009Q3":4443.274,"_2009Q2":4694.133,"_2009Q1":4690.209,"_2008Q4":4807.794,"_2008Q3":3911.092,"_2008Q2":3613.758,"_2008Q1":3038.344,"_2007Q4":3853.269,"_2007Q3":4619.833,"_2007Q2":3968.057,"_2007Q1":4636.413,"_2006Q4":3624.304,"_2006Q3":4660.727,"_2006Q2":4069.143,"_2006Q1":4381.274,"_2005Q4":4643.362,"_2005Q3":4141.851,"_2005Q2":2828.422,"_2005Q1":4062.718,"_2004Q4":3575.645,"_2004Q3":4456.844,"_2004Q2":4508.47,"_2004Q1":4539.022,"_2003Q4":3605.166,"_2003Q3":4482.503,"_2003Q2":4180.596,"_2003Q1":3858.057,"_2002Q4":4628.715,"_2002Q3":4457.452,"_2002Q2":3939.41,"_2002Q1":4279.751,"_2001Q4":4229.153,"_2001Q3":4390.94,"_2001Q2":4270.548,"_2001Q1":4445.494}},{"p":"ELEC.GEN.OOG-LA-99.Q","v":{"_2015Q4":561.33255,"_2015Q3":628.4089,"_2015Q2":555.60885,"_2015Q1":652.16013,"_2014Q4":539.07552,"_2014Q3":557.76075,"_2014Q2":405.33193,"_2014Q1":440.4069,"_2013Q4":556.62108,"_2013Q3":544.74176,"_2013Q2":596.47576,"_2013Q1":548.44147,"_2012Q4":419.26628,"_2012Q3":274.13277,"_2012Q2":268.80096,"_2012Q1":285.20127,"_2011Q4":274.57877,"_2011Q3":352.6586,"_2011Q2":297.24478,"_2011Q1":367.69967,"_2010Q4":416.61765,"_2010Q3":410.45705,"_2010Q2":375.15395,"_2010Q1":358.93092,"_2009Q4":337.44613,"_2009Q3":321.42315,"_2009Q2":329.72437,"_2009Q1":238.40005,"_2008Q4":198.95064,"_2008Q3":290.13267,"_2008Q2":329.12388,"_2008Q1":282.8501,"_2007Q4":421.67437,"_2007Q3":436.67011,"_2007Q2":517.02106,"_2007Q1":435.63142,"_2006Q4":429.81588,"_2006Q3":377.011,"_2006Q2":363.06326,"_2006Q1":424.7853,"_2005Q4":348.36972,"_2005Q3":454.57713,"_2005Q2":591.34712,"_2005Q1":502.43144,"_2004Q4":666.80032,"_2004Q3":658.84559,"_2004Q2":655.9186,"_2004Q1":551.29278,"_2003Q4":816.685,"_2003Q3":621.545,"_2003Q2":683.294,"_2003Q1":565.706,"_2002Q4":529.737,"_2002Q3":478.908,"_2002Q2":338.471,"_2002Q1":150.507,"_2001Q4":111.786,"_2001Q3":114.741,"_2001Q2":109.398,"_2001Q1":104.619}},{"p":"ELEC.GEN.AOR-LA-99.Q","v":{"_2015Q4":679.34908,"_2015Q3":716.23054,"_2015Q2":648.48098,"_2015Q1":684.68559,"_2014Q4":687.58546,"_2014Q3":720.1086,"_2014Q2":702.56134,"_2014Q1":669.34878,"_2013Q4":711.21174,"_2013Q3":707.25767,"_2013Q2":676.68202,"_2013Q1":691.45137,"_2012Q4":715.24198,"_2012Q3":617.77609,"_2012Q2":520.84379,"_2012Q1":576.18037,"_2011Q4":655.34709,"_2011Q3":620.30094,"_2011Q2":582.94632,"_2011Q1":583.9365,"_2010Q4":671.80097,"_2010Q3":663.93786,"_2010Q2":628.34332,"_2010Q1":503.69429,"_2009Q4":606.15117,"_2009Q3":645.10641,"_2009Q2":596.88457,"_2009Q1":515.81711,"_2008Q4":649.04198,"_2008Q3":693.7821,"_2008Q2":698.92607,"_2008Q1":667.92437,"_2007Q4":765.97211,"_2007Q3":763.09293,"_2007Q2":713.23627,"_2007Q1":737.58165,"_2006Q4":739.66146,"_2006Q3":769.11956,"_2006Q2":739.35905,"_2006Q1":714.22274,"_2005Q4":725.06761,"_2005Q3":697.25393,"_2005Q2":730.17459,"_2005Q1":734.27154,"_2004Q4":744.17999,"_2004Q3":760.51346,"_2004Q2":718.69191,"_2004Q1":743.00558,"_2003Q4":820.82094,"_2003Q3":809.58988,"_2003Q2":771.32188,"_2003Q1":676.569,"_2002Q4":697.618,"_2002Q3":750.077,"_2002Q2":688.114,"_2002Q1":674.671,"_2001Q4":696.51076,"_2001Q3":724.60318,"_2001Q2":631.83866,"_2001Q1":651.33672}},{"p":"ELEC.GEN.HYC-LA-99.Q","v":{"_2015Q4":203.653,"_2015Q3":283.647,"_2015Q2":284.149,"_2015Q1":227.587,"_2014Q4":198.994,"_2014Q3":238.452,"_2014Q2":360.964,"_2014Q1":291.628,"_2013Q4":142.563,"_2013Q3":252.916,"_2013Q2":352.298,"_2013Q1":296.784,"_2012Q4":74.579,"_2012Q3":49.709,"_2012Q2":212.946,"_2012Q1":342.71,"_2011Q4":215.057,"_2011Q3":287.936,"_2011Q2":342.724,"_2011Q1":198.302,"_2010Q4":148.081,"_2010Q3":293.317,"_2010Q2":330.211,"_2010Q1":337.185,"_2009Q4":313.487,"_2009Q3":241.194,"_2009Q2":387.061,"_2009Q1":294.609,"_2008Q4":152.087,"_2008Q3":273.661,"_2008Q2":383.842,"_2008Q1":254.783,"_2007Q4":109.692,"_2007Q3":134.37,"_2007Q2":303.762,"_2007Q1":278.818,"_2006Q4":193.793,"_2006Q3":70.667,"_2006Q2":234.078,"_2006Q1":214.677,"_2005Q4":82.319,"_2005Q3":110.208,"_2005Q2":273.616,"_2005Q1":344.805,"_2004Q4":264.758,"_2004Q3":226.948,"_2004Q2":321.251,"_2004Q1":285.868,"_2003Q4":156.61,"_2003Q3":194.17,"_2003Q2":296.711,"_2003Q1":244.5,"_2002Q4":174.969,"_2002Q3":118.241,"_2002Q2":366.642,"_2002Q1":231.589,"_2001Q4":149.483,"_2001Q3":131.466,"_2001Q2":280.405,"_2001Q1":170.863}},{"p":"ELEC.GEN.WAS-LA-99.Q","v":{"_2015Q4":25.45997,"_2015Q3":24.0293,"_2015Q2":24.20128,"_2015Q1":23.8755,"_2014Q4":24.0963,"_2014Q3":23.59494,"_2014Q2":22.21952,"_2014Q1":23.96605,"_2013Q4":25.5838,"_2013Q3":17.90411,"_2013Q2":20.327,"_2013Q1":18.53188,"_2012Q4":19.74623,"_2012Q3":20.38463,"_2012Q2":21.18845,"_2012Q1":2.44224,"_2011Q4":20.14367,"_2011Q3":21.21938,"_2011Q2":13.8297,"_2011Q1":15.9007,"_2010Q4":19.82122,"_2010Q3":19.55453,"_2010Q2":16.51246,"_2010Q1":18.47881,"_2009Q4":17.40196,"_2009Q3":18.95931,"_2009Q2":17.28001,"_2009Q1":13.54488,"_2008Q4":18.50051,"_2008Q3":18.02307,"_2008Q2":15.60044,"_2008Q1":18.76149,"_2007Q4":22.58954,"_2007Q3":22.57304,"_2007Q2":17.90883,"_2007Q1":18.44061,"_2006Q4":20.86267,"_2006Q3":20.74371,"_2006Q2":18.94165,"_2006Q1":20.88438,"_2005Q4":19.50369,"_2005Q3":20.91812,"_2005Q2":20.19479,"_2005Q1":19.77999,"_2004Q4":19.14877,"_2004Q3":19.13954,"_2004Q2":19.06332,"_2004Q1":19.21969,"_2003Q4":18.70494,"_2003Q3":16.42788,"_2003Q2":13.53788,"_2003Q1":15.99,"_2002Q4":16.929,"_2002Q3":14.683,"_2002Q2":13.006,"_2002Q1":16.962,"_2001Q4":20.25076,"_2001Q3":15.33818,"_2001Q2":12.58866,"_2001Q1":15.45872}},{"p":"ELEC.GEN.WWW-LA-99.Q","v":{"_2015Q4":653.88912,"_2015Q3":692.20123,"_2015Q2":624.27971,"_2015Q1":660.81009,"_2014Q4":663.48917,"_2014Q3":696.51364,"_2014Q2":680.34183,"_2014Q1":645.38271,"_2013Q4":685.62794,"_2013Q3":689.35357,"_2013Q2":656.35502,"_2013Q1":672.91948,"_2012Q4":695.49575,"_2012Q3":597.39146,"_2012Q2":499.65535,"_2012Q1":573.73814,"_2011Q4":635.20341,"_2011Q3":599.08156,"_2011Q2":569.11662,"_2011Q1":568.0358,"_2010Q4":651.97975,"_2010Q3":644.38334,"_2010Q2":611.83087,"_2010Q1":485.21547,"_2009Q4":588.74922,"_2009Q3":626.1471,"_2009Q2":579.60455,"_2009Q1":502.27223,"_2008Q4":630.54148,"_2008Q3":675.75903,"_2008Q2":683.32564,"_2008Q1":649.16287,"_2007Q4":743.38257,"_2007Q3":740.51989,"_2007Q2":695.32744,"_2007Q1":719.14104,"_2006Q4":718.79877,"_2006Q3":748.37585,"_2006Q2":720.4174,"_2006Q1":693.33836,"_2005Q4":705.56393,"_2005Q3":676.33581,"_2005Q2":709.97978,"_2005Q1":714.49155,"_2004Q4":725.03122,"_2004Q3":741.37391,"_2004Q2":699.6286,"_2004Q1":723.78588,"_2003Q4":802.116,"_2003Q3":793.163,"_2003Q2":757.784,"_2003Q1":660.579,"_2002Q4":680.689,"_2002Q3":735.394,"_2002Q2":675.108,"_2002Q1":657.709,"_2001Q4":676.26,"_2001Q3":709.265,"_2001Q2":619.25,"_2001Q1":635.878}},{"p":"ELEC.GEN.TSN-LA-99.Q","v":{"_2015Q4":37.51787,"_2015Q3":42.48659,"_2015Q2":41.16017,"_2015Q1":28.09729,"_2014Q4":25.04296,"_2014Q3":29.66739,"_2014Q2":28.1591,"_2014Q1":17.93002}},{"p":"ELEC.GEN.DPV-LA-99.Q","v":{"_2015Q4":37.51787,"_2015Q3":42.48659,"_2015Q2":41.16017,"_2015Q1":28.09729,"_2014Q4":25.04296,"_2014Q3":29.66739,"_2014Q2":28.1591,"_2014Q1":17.93002}},{"p":"ELEC.GEN.ALL-LA-99.Q","v":{"_2015Q4":25827.73526,"_2015Q3":30571.57517,"_2015Q2":25878.95668,"_2015Q1":25364.96636,"_2014Q4":24600.69147,"_2014Q3":29526.25215,"_2014Q2":24748.69586,"_2014Q1":25353.76216,"_2013Q4":24864.88972,"_2013Q3":28902.46045,"_2013Q2":25310.59096,"_2013Q1":22932.23587,"_2012Q4":23695.44134,"_2012Q3":29743.73548,"_2012Q2":26299.00022,"_2012Q1":23669.52878,"_2011Q4":24572.75696,"_2011Q3":29784.84747,"_2011Q2":26302.54909,"_2011Q1":24830.58343,"_2010Q4":24448.59598,"_2010Q3":30361.93215,"_2010Q2":24975.74973,