{"p":"MA","c":[{"p":"ELEC.GEN.NUC-MA-99.Q","v":{"_2015Q4":1489.98,"_2015Q3":1430.721,"_2015Q2":886.324,"_2015Q1":1187.781,"_2014Q4":1492.106,"_2014Q3":1419.024,"_2014Q2":1387.672,"_2014Q1":1470.352,"_2013Q4":1314.402,"_2013Q3":1208.316,"_2013Q2":670.958,"_2013Q1":1136.967,"_2012Q4":1495.488,"_2012Q3":1474.861,"_2012Q2":1408.999,"_2012Q1":1480.192,"_2011Q4":1298.45,"_2011Q3":1479.319,"_2011Q2":922.226,"_2011Q1":1385.225,"_2010Q4":1485.966,"_2010Q3":1479.339,"_2010Q2":1477.666,"_2010Q1":1474.842,"_2009Q4":1503.805,"_2009Q3":1486.644,"_2009Q2":936.097,"_2009Q1":1469.475,"_2008Q4":1436.371,"_2008Q3":1492.13,"_2008Q2":1439.396,"_2008Q1":1500.742,"_2007Q4":1464.998,"_2007Q3":1431.244,"_2007Q2":910.172,"_2007Q1":1313.375,"_2006Q4":1501.139,"_2006Q3":1493.667,"_2006Q2":1480.489,"_2006Q1":1354.363,"_2005Q4":1494.138,"_2005Q3":1501.057,"_2005Q2":1022.814,"_2005Q1":1457.048,"_2004Q4":1506.109,"_2004Q3":1490.209,"_2004Q2":1493.92,"_2004Q1":1448.362,"_2003Q4":1336.823,"_2003Q3":1463.119,"_2003Q2":900.017,"_2003Q1":1277.996,"_2002Q4":1467.919,"_2002Q3":1421.486,"_2002Q2":1435.926,"_2002Q1":1443.435,"_2001Q4":1413.137,"_2001Q3":1378.791,"_2001Q2":920.769,"_2001Q1":1431.336}},{"p":"ELEC.GEN.AOR-MA-99.Q","v":{"_2015Q4":516.05599,"_2015Q3":554.18236,"_2015Q2":570.82271,"_2015Q1":478.53063,"_2014Q4":450.66007,"_2014Q3":453.36109,"_2014Q2":434.25395,"_2014Q1":391.67588,"_2013Q4":407.86013,"_2013Q3":364.02781,"_2013Q2":346.04929,"_2013Q1":330.48884,"_2012Q4":459.17128,"_2012Q3":480.83924,"_2012Q2":456.97959,"_2012Q1":446.4289,"_2011Q4":329.85573,"_2011Q3":313.17135,"_2011Q2":298.35322,"_2011Q1":265.19306,"_2010Q4":337.15657,"_2010Q3":318.28379,"_2010Q2":325.65262,"_2010Q1":292.64112,"_2009Q4":302.83432,"_2009Q3":314.21273,"_2009Q2":327.89186,"_2009Q1":284.31839,"_2008Q4":323.69976,"_2008Q3":320.47757,"_2008Q2":305.88146,"_2008Q1":305.31927,"_2007Q4":336.51247,"_2007Q3":310.74759,"_2007Q2":288.40638,"_2007Q1":304.55743,"_2006Q4":322.62763,"_2006Q3":322.36383,"_2006Q2":314.04644,"_2006Q1":319.79098,"_2005Q4":322.74816,"_2005Q3":321.5831,"_2005Q2":316.67149,"_2005Q1":297.3121,"_2004Q4":316.91458,"_2004Q3":302.717,"_2004Q2":313.43326,"_2004Q1":296.83558,"_2003Q4":338.81429,"_2003Q3":306.06807,"_2003Q2":317.61912,"_2003Q1":290.62317,"_2002Q4":315.69281,"_2002Q3":328.49009,"_2002Q2":315.62915,"_2002Q1":312.33201,"_2001Q4":341.91132,"_2001Q3":325.52893,"_2001Q2":328.25276,"_2001Q1":317.09385}},{"p":"ELEC.GEN.HYC-MA-99.Q","v":{"_2015Q4":254.28158,"_2015Q3":null,"_2015Q2":250.54042,"_2015Q1":220.16638,"_2014Q4":230.17385,"_2014Q3":172.8099,"_2014Q2":282.9658,"_2014Q1":216.12752,"_2013Q4":198.73465,"_2013Q3":225.45024,"_2013Q2":319.58239,"_2013Q1":247.73678,"_2012Q4":240.41322,"_2012Q3":79.58644,"_2012Q2":296.86912,"_2012Q1":295.61328,"_2011Q4":362.23479,"_2011Q3":164.82732,"_2011Q2":355.69497,"_2011Q1":266.00488,"_2010Q4":315.67374,"_2010Q3":107.04919,"_2010Q2":280.0346,"_2010Q1":293.58126,"_2009Q4":331.07693,"_2009Q3":258.61605,"_2009Q2":306.31451,"_2009Q1":305.06887,"_2008Q4":291.57053,"_2008Q3":237.68701,"_2008Q2":279.95146,"_2008Q1":346.6023,"_2007Q4":243.51506,"_2007Q3":96.41018,"_2007Q2":261.53279,"_2007Q1":196.02419,"_2006Q4":334.41213,"_2006Q3":359.68959,"_2006Q2":426.61068,"_2006Q1":391.93215,"_2005Q4":274.60096,"_2005Q3":183.05488,"_2005Q2":305.81394,"_2005Q1":278.48023,"_2004Q4":266.19939,"_2004Q3":210.0081,"_2004Q2":286.47771,"_2004Q1":235.59607,"_2003Q4":301.25,"_2003Q3":235.127,"_2003Q2":291.241,"_2003Q1":247.564,"_2002Q4":226.619,"_2002Q3":195.266,"_2002Q2":260.098,"_2002Q1":193.095,"_2001Q4":106.793,"_2001Q3":111.079,"_2001Q2":218.04,"_2001Q1":266.593}},{"p":"ELEC.GEN.SUN-MA-99.Q","v":{"_2015Q4":140.06064,"_2015Q3":204.09985,"_2015Q2":210.01768,"_2015Q1":135.94352,"_2014Q4":81.40374,"_2014Q3":106.57124,"_2014Q2":82.63208,"_2014Q1":35.71435,"_2013Q4":35.74486,"_2013Q3":31.58405,"_2013Q2":25.06855,"_2013Q1":14.05956,"_2012Q4":8.27852,"_2012Q3":11.53499,"_2012Q2":7.98899,"_2012Q1":1.81172,"_2011Q4":0.97591,"_2011Q3":1.5012,"_2011Q2":1.61695,"_2011Q1":0.67042,"_2010Q4":0.25829,"_2010Q3":0.41673,"_2010Q2":0.22485,"_2010Q1":0.02772,"_2009Q4":0.00602,"_2009Q3":0.0159,"_2009Q2":0.01518,"_2009Q1":0.00549,"_2008Q4":0.00958,"_2008Q3":0.02892,"_2008Q2":0.02993,"_2008Q1":0.01174}},{"p":"ELEC.GEN.WND-MA-99.Q","v":{"_2015Q4":67.96476,"_2015Q3":38.61984,"_2015Q2":52.85594,"_2015Q1":60.68348,"_2014Q4":61.6284,"_2014Q3":36.61866,"_2014Q2":51.13337,"_2014Q1":75.59062,"_2013Q4":66.19478,"_2013Q3":34.01662,"_2013Q2":45.40584,"_2013Q1":59.28033,"_2012Q4":30.84378,"_2012Q3":15.54812,"_2012Q2":18.4089,"_2012Q1":24.87261,"_2011Q4":28.5612,"_2011Q3":13.66612,"_2011Q2":12.10514,"_2011Q1":7.05233,"_2010Q4":9.08691,"_2010Q3":null,"_2010Q2":null,"_2010Q1":4.39533,"_2009Q4":1.77556,"_2009Q3":1.11257,"_2009Q2":1.50141,"_2009Q1":1.56637,"_2008Q4":1.13308,"_2008Q3":0.65741,"_2008Q2":0.75234,"_2008Q1":1.12918,"_2002Q4":0,"_2002Q3":0,"_2002Q2":0,"_2002Q1":0,"_2001Q4":0,"_2001Q3":0,"_2001Q2":0,"_2001Q1":0}},{"p":"ELEC.GEN.SPV-MA-99.Q","v":{"_2015Q4":140.06064,"_2015Q3":204.09985,"_2015Q2":210.01768,"_2015Q1":135.94352,"_2014Q4":81.01991,"_2014Q3":106.04742,"_2014Q2":82.133,"_2014Q1":35.43505,"_2013Q4":35.19394,"_2013Q3":31.0183,"_2013Q2":24.58639,"_2013Q1":13.77337,"_2012Q4":8.27852,"_2012Q3":11.53499,"_2012Q2":7.98899,"_2012Q1":1.81172,"_2011Q4":0.97591,"_2011Q3":1.5012,"_2011Q2":1.61695,"_2011Q1":0.67042,"_2010Q4":0.25829,"_2010Q3":0.41673,"_2010Q2":0.22485,"_2010Q1":0.02772,"_2009Q4":0.00602,"_2009Q3":0.0159,"_2009Q2":0.01518,"_2009Q1":0.00549,"_2008Q4":0.00958,"_2008Q3":0.02892,"_2008Q2":0.02993,"_2008Q1":0.01174}},{"p":"ELEC.GEN.STH-MA-99.Q","v":{"_2014Q4":0.38383,"_2014Q3":0.52381,"_2014Q2":0.49907,"_2014Q1":0.27931,"_2013Q4":0.55091,"_2013Q3":0.56573,"_2013Q2":0.48216,"_2013Q1":0.28619}},{"p":"ELEC.GEN.HPS-MA-99.Q","v":{"_2015Q4":-106.714,"_2015Q3":-144.259,"_2015Q2":-109.215,"_2015Q1":-113.693,"_2014Q4":-116.823,"_2014Q3":-122.477,"_2014Q2":-111.707,"_2014Q1":-107.151,"_2013Q4":-108.244,"_2013Q3":-82.273,"_2013Q2":-93.263,"_2013Q1":-84.126,"_2012Q4":-68.878,"_2012Q3":-118.872,"_2012Q2":-64.074,"_2012Q1":-55.721,"_2011Q4":-103.344,"_2011Q3":-137.666,"_2011Q2":-86.649,"_2011Q1":-112.572,"_2010Q4":-75.849,"_2010Q3":-36.294,"_2010Q2":-76.503,"_2010Q1":-148.423,"_2009Q4":-150.795,"_2009Q3":-176.393,"_2009Q2":-109.917,"_2009Q1":-96.531,"_2008Q4":-130.131,"_2008Q3":-355.851,"_2008Q2":-164.51,"_2008Q1":-147.908,"_2007Q4":-339.098,"_2007Q3":-215.071,"_2007Q2":-139.055,"_2007Q1":-137.323,"_2006Q4":-145.257,"_2006Q3":-161.634,"_2006Q2":-147.517,"_2006Q1":-124.49,"_2005Q4":-128.467,"_2005Q3":-138.343,"_2005Q2":-113.99,"_2005Q1":-80.843,"_2004Q4":-131.526,"_2004Q3":-120.995,"_2004Q2":-122.769,"_2004Q1":-123.036,"_2003Q4":-125.993,"_2003Q3":-134.09,"_2003Q2":-124.517,"_2003Q1":-126.329,"_2002Q4":-247.964,"_2002Q3":-268.939,"_2002Q2":-178.868,"_2002Q1":-147.03,"_2001Q4":-174.931,"_2001Q3":-207.068,"_2001Q2":-184.524,"_2001Q1":-144.826}},{"p":"ELEC.GEN.WAS-MA-99.Q","v":{"_2015Q4":280.61554,"_2015Q3":278.68174,"_2015Q2":276.39121,"_2015Q1":250.32103,"_2014Q4":276.12613,"_2014Q3":276.39064,"_2014Q2":271.27362,"_2014Q1":249.63114,"_2013Q4":277.12481,"_2013Q3":269.51916,"_2013Q2":272.06549,"_2013Q1":241.83115,"_2012Q4":279.74261,"_2012Q3":266.99197,"_2012Q2":265.58868,"_2012Q1":252.81686,"_2011Q4":274.89719,"_2011Q3":266.61907,"_2011Q2":263.40433,"_2011Q1":234.20896,"_2010Q4":294.53488,"_2010Q3":286.56827,"_2010Q2":287.65033,"_2010Q1":256.5725,"_2009Q4":274.02805,"_2009Q3":284.92551,"_2009Q2":294.33228,"_2009Q1":254.58939,"_2008Q4":295.49627,"_2008Q3":287.3463,"_2008Q2":274.78698,"_2008Q1":271.41638,"_2007Q4":304.88421,"_2007Q3":285.66724,"_2007Q2":258.47996,"_2007Q1":272.03569,"_2006Q4":289.81732,"_2006Q3":289.19948,"_2006Q2":288.03105,"_2006Q1":286.52303,"_2005Q4":292.44499,"_2005Q3":290.04177,"_2005Q2":288.52544,"_2005Q1":267.27563,"_2004Q4":288.3306,"_2004Q3":274.13303,"_2004Q2":284.84928,"_2004Q1":268.25161,"_2003Q4":307.83729,"_2003Q3":279.78607,"_2003Q2":285.36712,"_2003Q1":260.59917,