{"p":"MAT","c":[{"p":"ELEC.GEN.NUC-MAT-99.Q","v":{"_2015Q4":39266.533,"_2015Q3":41163.899,"_2015Q2":37338.655,"_2015Q1":40575.296,"_2014Q4":39997.401,"_2014Q3":39598.903,"_2014Q2":34853.928,"_2014Q1":38810.172,"_2013Q4":39035.726,"_2013Q3":40272.552,"_2013Q2":36369.997,"_2013Q1":41171.05,"_2012Q4":35490.778,"_2012Q3":39083.465,"_2012Q2":34492.829,"_2012Q1":39992.12,"_2011Q4":40033.566,"_2011Q3":39865.471,"_2011Q2":33460.468,"_2011Q1":39088.568,"_2010Q4":38395.509,"_2010Q3":38564.668,"_2010Q2":37216.539,"_2010Q1":38292.472,"_2009Q4":38302.134,"_2009Q3":40351.211,"_2009Q2":36863.47,"_2009Q1":39623.439,"_2008Q4":39577.828,"_2008Q3":39999.388,"_2008Q2":36660.346,"_2008Q1":37824.5,"_2007Q4":37349.462,"_2007Q3":39592.28,"_2007Q2":37385.237,"_2007Q1":37512.567,"_2006Q4":37289.224,"_2006Q3":39172.416,"_2006Q2":36677.448,"_2006Q1":36950.328,"_2005Q4":38456.601,"_2005Q3":38642.057,"_2005Q2":36656.973,"_2005Q1":36368.638,"_2004Q4":34742.048,"_2004Q3":38033.816,"_2004Q2":35365.168,"_2004Q1":37039.471,"_2003Q4":36406.017,"_2003Q3":36230.815,"_2003Q2":35844.789,"_2003Q1":36267.647,"_2002Q4":35728.431,"_2002Q3":38581.182,"_2002Q2":36291.91,"_2002Q1":35970.573,"_2001Q4":36052.212,"_2001Q3":37258.719,"_2001Q2":33912.153,"_2001Q1":37371.928}},{"p":"ELEC.GEN.OOG-MAT-99.Q","v":{"_2015Q4":null,"_2015Q3":164.63093,"_2015Q2":138.00431,"_2015Q1":160.28597,"_2014Q4":170.15054,"_2014Q3":168.56759,"_2014Q2":159.62847,"_2014Q1":154.11196,"_2013Q4":215.13791,"_2013Q3":215.03222,"_2013Q2":233.49834,"_2013Q1":209.64297,"_2012Q4":176.75531,"_2012Q3":173.74872,"_2012Q2":179.22125,"_2012Q1":210.42317,"_2011Q4":210.00516,"_2011Q3":184.54344,"_2011Q2":175.60159,"_2011Q1":185.18827,"_2010Q4":152.92032,"_2010Q3":150.00249,"_2010Q2":170.94407,"_2010Q1":184.05091,"_2009Q4":159.01777,"_2009Q3":153.19609,"_2009Q2":137.51661,"_2009Q1":162.50391,"_2008Q4":170.07138,"_2008Q3":201.64039,"_2008Q2":194.67238,"_2008Q1":202.10513,"_2007Q4":174.92451,"_2007Q3":188.14589,"_2007Q2":178.79737,"_2007Q1":152.66728,"_2006Q4":148.08779,"_2006Q3":182.23286,"_2006Q2":181.86239,"_2006Q1":152.51424,"_2005Q4":147.33766,"_2005Q3":182.90182,"_2005Q2":141.06025,"_2005Q1":133.69747,"_2004Q4":164.70707,"_2004Q3":136.71357,"_2004Q2":171.35521,"_2004Q1":149.77524,"_2003Q4":195.424,"_2003Q3":196.831,"_2003Q2":180.517,"_2003Q1":190.777,"_2002Q4":158.848,"_2002Q3":180.54,"_2002Q2":173.559,"_2002Q1":146.261,"_2001Q4":302.276,"_2001Q3":309.357,"_2001Q2":289.006,"_2001Q1":275.92}},{"p":"ELEC.GEN.AOR-MAT-99.Q","v":{"_2015Q4":4028.61616,"_2015Q3":2826.58265,"_2015Q2":3459.98717,"_2015Q1":4003.56934,"_2014Q4":3900.67867,"_2014Q3":2945.16957,"_2014Q2":3364.81342,"_2014Q1":3851.92036,"_2013Q4":3718.97936,"_2013Q3":2573.98352,"_2013Q2":3291.10301,"_2013Q1":3505.14925,"_2012Q4":3003.2193,"_2012Q3":2286.95204,"_2012Q2":2569.06755,"_2012Q1":3073.02079,"_2011Q4":2773.04045,"_2011Q3":2109.96992,"_2011Q2":2426.62078,"_2011Q1":2640.65919,"_2010Q4":2759.30231,"_2010Q3":2247.38335,"_2010Q2":2355.24907,"_2010Q1":2547.84211,"_2009Q4":2605.50418,"_2009Q3":2011.33741,"_2009Q2":2172.20988,"_2009Q1":1989.71558,"_2008Q4":1939.78432,"_2008Q3":1616.72268,"_2008Q2":1790.45607,"_2008Q1":1680.7596,"_2007Q4":1580.18753,"_2007Q3":1497.96735,"_2007Q2":1487.44238,"_2007Q1":1599.25934,"_2006Q4":1585.57061,"_2006Q3":1471.24016,"_2006Q2":1434.26083,"_2006Q1":1495.29905,"_2005Q4":1356.80371,"_2005Q3":1305.98414,"_2005Q2":1281.29852,"_2005Q1":1248.57573,"_2004Q4":1301.58965,"_2004Q3":1249.46265,"_2004Q2":1198.53568,"_2004Q1":1243.57309,"_2003Q4":1258.71017,"_2003Q3":1231.96221,"_2003Q2":1143.24514,"_2003Q1":1105.97324,"_2002Q4":1202.11738,"_2002Q3":1242.13409,"_2002Q2":1191.98778,"_2002Q1":1081.12166,"_2001Q4":1136.5146,"_2001Q3":1180.16284,"_2001Q2":1133.24231,"_2001Q1":1090.98032}},{"p":"ELEC.GEN.HYC-MAT-99.Q","v":{"_2015Q4":7755.85171,"_2015Q3":7764.8832,"_2015Q2":7296.12357,"_2015Q1":6900.75609,"_2014Q4":7232.06645,"_2014Q3":6925.7742,"_2014Q2":7705.2806,"_2014Q1":6882.234,"_2013Q4":7295.79342,"_2013Q3":6660.74133,"_2013Q2":6527.76108,"_2013Q1":7031.94046,"_2012Q4":6254.99509,"_2012Q3":5514.23395,"_2012Q2":6826.49903,"_2012Q1":8309.44241,"_2011Q4":8538.35819,"_2011Q3":7391.88752,"_2011Q2":8289.50166,"_2011Q1":7018.86325,"_2010Q4":7307.53018,"_2010Q3":6360.92377,"_2010Q2":6805.84671,"_2010Q1":7347.71639,"_2009Q4":7687.61967,"_2009Q3":7193.66268,"_2009Q2":7821.04438,"_2009Q1":7627.72607,"_2008Q4":7251.33068,"_2008Q3":6707.84663,"_2008Q2":7544.21525,"_2008Q1":7794.36959,"_2007Q4":6616.80168,"_2007Q3":5785.0951,"_2007Q2":7113.68763,"_2007Q1":7993.86213,"_2006Q4":7469.6907,"_2006Q3":7331.02419,"_2006Q2":7316.45262,"_2006Q1":8107.06598,"_2005Q4":7085.36732,"_2005Q3":5825.74804,"_2005Q2":7320.53954,"_2005Q1":7814.15491,"_2004Q4":6928.00779,"_2004Q3":6730.43976,"_2004Q2":6700.46878,"_2004Q1":6823.58614,"_2003Q4":7550.779,"_2003Q3":6579.543,"_2003Q2":6939.925,"_2003Q1":6583.57,"_2002Q4":6726.866,"_2002Q3":5872.924,"_2002Q2":7649.35,"_2002Q1":7021.345,"_2001Q4":6033.045,"_2001Q3":5287.813,"_2001Q2":6581.543,"_2001Q1":6849.559}},{"p":"ELEC.GEN.SUN-MAT-99.Q","v":{"_2015Q4":212.91846,"_2015Q3":297.11484,"_2015Q2":303.02258,"_2015Q1":200.65264,"_2014Q4":114.84888,"_2014Q3":207.71601,"_2014Q2":202.91548,"_2014Q1":121.7801,"_2013Q4":117.58266,"_2013Q3":163.28224,"_2013Q2":181.32533,"_2013Q1":105.34153,"_2012Q4":72.62069,"_2012Q3":115.9591,"_2012Q2":117.9702,"_2012Q1":82.63572,"_2011Q4":28.79041,"_2011Q3":29.4344,"_2011Q2":29.7766,"_2011Q1":10.46324,"_2010Q4":5.20941,"_2010Q3":11.21535,"_2010Q2":9.98655,"_2010Q1":2.58217,"_2009Q4":2.59588,"_2009Q3":5.80106,"_2009Q2":4.43908,"_2009Q1":1.433,"_2008Q4":0.34774,"_2008Q3":1.02254,"_2008Q2":1.05812,"_2008Q1":0.41521}},{"p":"ELEC.GEN.WND-MAT-99.Q","v":{"_2015Q4":2248.94429,"_2015Q3":989.15527,"_2015Q2":1715.97682,"_2015Q1":2376.24137,"_2014Q4":2302.50109,"_2014Q3":1178.04784,"_2014Q2":1707.42666,"_2014Q1":2368.01656,"_2013Q4":2095.81291,"_2013Q3":938.64915,"_2013Q2":1752.80555,"_2013Q1":2115.15041,"_2012Q4":1575.2101,"_2012Q3":760.15392,"_2012Q2":1116.40095,"_2012Q1":1680.04145,"_2011Q4":1404.69001,"_2011Q3":699.21575,"_2011Q2":1109.33361,"_2011Q1":1419.81762,"_2010Q4":1358.47916,"_2010Q3":834.02868,"_2010Q2":1001.80797,"_2010Q1":1268.5229,"_2009Q4":1235.29143,"_2009Q3":599.1748,"_2009Q2":797.85193,"_2009Q1":729.72655,"_2008Q4":672.94213,"_2008Q3":314.86927,"_2008Q2":520.1413,"_2008Q1":493.05763,"_2007Q4":373.89807,"_2007Q3":225.15692,"_2007Q2":288.19075,"_2007Q1":436.66004,"_2006Q4":337.78429,"_2006Q3":192.39547,"_2006Q2":211.8382,"_2006Q1":290.45206,"_2005Q4":136.24023,"_2005Q3":55.98725,"_2005Q2":79.39376,"_2005Q1":115.60978,"_2004Q4":129.31296,"_2004Q3":59.90847,"_2004Q2":96.47839,"_2004Q1":137.06176,"_2003Q4":79.782,"_2003Q3":18.76,"_2003Q2":23.926,"_2003Q1":30.256,"_2002Q4":49.566,"_2002Q3":24.88,"_2002Q2":29.011,"_2002Q1":35.934,"_2001Q4":7.709,"_2001Q3":8.538,"_2001Q2":7.944,"_2001Q1":7.523}},{"p":"ELEC.GEN.SPV-MAT-99.Q","v":{"_2015Q4":212.91846,"_2015Q3":297.11484,"_2015Q2":303.02258,"_2015Q1":200.65264,"_2014Q4":114.84888,"_2014Q3":207.71601,"_2014Q2":202.91548,"_2014Q1":121.7801,"_2013Q4":117.58266,"_2013Q3":163.28224,"_2013Q2":181.32533,"_2013Q1":105.34153,"_2012Q4":72.62069,"_2012Q3":115.9591,"_2012Q2":117.9702,"_2012Q1":82.63572,"_2011Q4":28.79041,"_2011Q3":29.4344,"_2011Q2":29.7766,"_2011Q1":10.46324,"_2010Q4":5.20941,"_2010Q3":11.21535,"_2010Q2":9.98655,"_2010Q1":2.58217,"_2009Q4":2.59588,"_2009Q3":5.80106,"_2009Q2":4.43908,"_2009Q1":1.433,"_2008Q4":0.32687,"_2008Q3":0.95956,"_2008Q2":0.99295,"_2008Q1":0.38964}},{"p":"ELEC.GEN.STH-MAT-99.Q","v":{"_2009Q4":0,"_2009Q3":0,"_2009Q2":0,"_2009Q1":0,"_2008Q4":0.02087,"_2008Q3":0.06298,"_2008Q2":0.06517,"_2008Q1":0.02557}},{"p":"ELEC.GEN.HPS-MAT-99.Q","v":{"_2015Q4":-243.504,"_2015Q3":-305.737,"_2015Q2":-275.367,"_2015Q1":-278.896,"_2014Q4":-329.1,"_2014Q3":-344.333,"_2014Q2":-317.891,"_2014Q1":-315.563,"_2013Q4":-286.434,"_2013Q3":-348.691,"_2013Q2":-293.517,"_2013Q1":-255.129,"_2012Q4":-261.52,"_2012Q3":-317.087,"_2012Q2":-255.411,"_2012Q1":-188.47,"_2011Q4":-219.93,