{"p":"MD","c":[{"p":"ELEC.GEN.NUC-MD-99.Q","v":{"_2015Q4":3810.587,"_2015Q3":3807.351,"_2015Q2":3741.949,"_2015Q1":3283.438,"_2014Q4":3899.445,"_2014Q3":3726.322,"_2014Q2":3780.461,"_2014Q1":2937.106,"_2013Q4":3914.603,"_2013Q3":3660.586,"_2013Q2":3628.237,"_2013Q1":3060.879,"_2012Q4":3795.2,"_2012Q3":3548.851,"_2012Q2":3605.701,"_2012Q1":2629.514,"_2011Q4":3867.996,"_2011Q3":3637.045,"_2011Q2":3746.001,"_2011Q1":3146.395,"_2010Q4":3846.344,"_2010Q3":3678.033,"_2010Q2":3607.27,"_2010Q1":2862.301,"_2009Q4":3850.929,"_2009Q3":3630.445,"_2009Q2":3778.906,"_2009Q1":3289.839,"_2008Q4":3839.874,"_2008Q3":3690.535,"_2008Q2":3786.375,"_2008Q1":3361.911,"_2007Q4":3840.191,"_2007Q3":3741.133,"_2007Q2":3726.482,"_2007Q1":3045.386,"_2006Q4":3571.844,"_2006Q3":3756.077,"_2006Q2":3564.804,"_2006Q1":2937.686,"_2005Q4":3841.948,"_2005Q3":3725.669,"_2005Q2":3815.509,"_2005Q1":3320.095,"_2004Q4":3899.559,"_2004Q3":3782.732,"_2004Q2":3171.89,"_2004Q1":3726.079,"_2003Q4":3839.524,"_2003Q3":3754.826,"_2003Q2":3283.991,"_2003Q1":2812.372,"_2002Q4":3643.2,"_2002Q3":3600.115,"_2002Q2":2088.939,"_2002Q1":2795.751,"_2001Q4":3754.423,"_2001Q3":3711.054,"_2001Q2":2764.843,"_2001Q1":3425.947}},{"p":"ELEC.GEN.OOG-MD-99.Q","v":{"_2012Q2":60.76155,"_2012Q1":51.55294,"_2011Q4":52.09485,"_2011Q3":81.79323,"_2011Q2":20.75217,"_2011Q1":0,"_2010Q4":0,"_2010Q3":20.65654,"_2010Q2":98.95099,"_2010Q1":95.11934,"_2009Q4":85.95871,"_2009Q3":75.52842,"_2009Q2":72.07131,"_2009Q1":35.62402,"_2008Q4":19.29018,"_2008Q3":100.35435,"_2008Q2":110.32156,"_2008Q1":107.85673,"_2007Q4":80.45683,"_2007Q3":99.66232,"_2007Q2":98.87502,"_2007Q1":98.56548,"_2006Q4":82.75922,"_2006Q3":61.38759,"_2006Q2":92.3388,"_2006Q1":95.95803,"_2005Q4":96.48128,"_2005Q3":103.89033,"_2005Q2":48.94015,"_2005Q1":93.15407,"_2004Q4":101.16396,"_2004Q3":107.42196,"_2004Q2":109.27417,"_2004Q1":93.70448,"_2003Q4":96.443,"_2003Q3":67.049,"_2003Q2":69.695,"_2003Q1":92.168,"_2002Q4":100.337,"_2002Q3":152.632,"_2002Q2":136.965,"_2002Q1":114.579,"_2001Q4":105.72,"_2001Q3":122.84,"_2001Q2":116.248,"_2001Q1":95.172}},{"p":"ELEC.GEN.AOR-MD-99.Q","v":{"_2015Q4":315.77287,"_2015Q3":231.75213,"_2015Q2":274.57905,"_2015Q1":293.83788,"_2014Q4":268.31922,"_2014Q3":225.7845,"_2014Q2":240.62353,"_2014Q1":254.14719,"_2013Q4":245.98959,"_2013Q3":206.63336,"_2013Q2":228.59676,"_2013Q1":259.94436,"_2012Q4":246.08603,"_2012Q3":204.3348,"_2012Q2":211.07462,"_2012Q1":236.65701,"_2011Q4":247.82327,"_2011Q3":189.98167,"_2011Q2":193.80376,"_2011Q1":190.13244,"_2010Q4":134.32008,"_2010Q3":158.80026,"_2010Q2":157.94979,"_2010Q1":122.59532,"_2009Q4":129.79384,"_2009Q3":149.51453,"_2009Q2":146.20919,"_2009Q1":125.26211,"_2008Q4":145.18213,"_2008Q3":168.52262,"_2008Q2":161.20803,"_2008Q1":137.57262,"_2007Q4":137.74548,"_2007Q3":161.33703,"_2007Q2":163.65828,"_2007Q1":140.72091,"_2006Q4":150.79337,"_2006Q3":164.33471,"_2006Q2":157.09603,"_2006Q1":153.93664,"_2005Q4":161.93901,"_2005Q3":167.47675,"_2005Q2":155.29754,"_2005Q1":138.65183,"_2004Q4":132.5907,"_2004Q3":161.77411,"_2004Q2":151.88039,"_2004Q1":142.96239,"_2003Q4":145.05912,"_2003Q3":163.72735,"_2003Q2":155.63599,"_2003Q1":131.62846,"_2002Q4":112.59535,"_2002Q3":136.93831,"_2002Q2":123.52176,"_2002Q1":148.57341,"_2001Q4":91.51953,"_2001Q3":102.17504,"_2001Q2":95.51754,"_2001Q1":83.80335}},{"p":"ELEC.GEN.HYC-MD-99.Q","v":{"_2015Q4":357.22541,"_2015Q3":311.79477,"_2015Q2":574.29732,"_2015Q1":383.42317,"_2014Q4":240.64783,"_2014Q3":206.00329,"_2014Q2":664.29988,"_2014Q1":504.57201,"_2013Q4":357.0334,"_2013Q3":289.046,"_2013Q2":498.17787,"_2013Q1":582.76272,"_2012Q4":415.37074,"_2012Q3":139.96477,"_2012Q2":470.43637,"_2012Q1":630.76714,"_2011Q4":824.25197,"_2011Q3":359.39443,"_2011Q2":802.86524,"_2011Q1":560.61138,"_2010Q4":530.93202,"_2010Q3":118.38057,"_2010Q2":421.93041,"_2010Q1":596.15301,"_2009Q4":517.25635,"_2009Q3":312.97825,"_2009Q2":541.55828,"_2009Q1":516.97613,"_2008Q4":369.38888,"_2008Q3":140.15202,"_2008Q2":553.26445,"_2008Q1":911.27266,"_2007Q4":406.98588,"_2007Q3":108.27726,"_2007Q2":491.67758,"_2007Q1":645.27575,"_2006Q4":580.33566,"_2006Q3":403.63809,"_2006Q2":434.88645,"_2006Q1":685.41481,"_2005Q4":513.29292,"_2005Q3":114.79292,"_2005Q2":397.4832,"_2005Q1":678.06997,"_2004Q4":636.9019,"_2004Q3":536.82777,"_2004Q2":706.75321,"_2004Q1":627.0381,"_2003Q4":755.985,"_2003Q3":520.778,"_2003Q2":765.156,"_2003Q1":605.065,"_2002Q4":505.983,"_2002Q3":85.309,"_2002Q2":678.32,"_2002Q1":391.377,"_2001Q4":172.131,"_2001Q3":101.36,"_2001Q2":465.494,"_2001Q1":444.533}},{"p":"ELEC.GEN.SUN-MD-99.Q","v":{"_2015Q4":31.50325,"_2015Q3":45.39038,"_2015Q2":40.27026,"_2015Q1":null,"_2014Q4":16.03004,"_2014Q3":32.00685,"_2014Q2":32.76449,"_2014Q1":17.31636,"_2013Q4":18.40093,"_2013Q3":19.38492,"_2013Q2":15.41463,"_2013Q1":10.28492,"_2012Q4":8.35435,"_2012Q3":9.90093,"_2012Q2":2.57359,"_2012Q1":1.64455,"_2011Q4":0.73585,"_2011Q3":0.67581,"_2011Q2":0.58769,"_2011Q1":0.70667,"_2010Q4":0.08035}},{"p":"ELEC.GEN.WND-MD-99.Q","v":{"_2015Q4":149.996,"_2015Q3":50.207,"_2015Q2":92.853,"_2015Q1":140.43,"_2014Q4":114.93634,"_2014Q3":47.555,"_2014Q2":63.571,"_2014Q1":97.55,"_2013Q4":92.569,"_2013Q3":36.365,"_2013Q2":82.441,"_2013Q1":110.295,"_2012Q4":91.82765,"_2012Q3":43.47574,"_2012Q2":65.01526,"_2012Q1":121.36834,"_2011Q4":114.3196,"_2011Q3":44.6084,"_2011Q2":46.432,"_2011Q1":65.353,"_2010Q4":1.494}},{"p":"ELEC.GEN.SPV-MD-99.Q","v":{"_2015Q4":31.50325,"_2015Q3":45.39038,"_2015Q2":40.27026,"_2015Q1":null,"_2014Q4":16.03004,"_2014Q3":32.00685,"_2014Q2":32.76449,"_2014Q1":17.31636,"_2013Q4":18.40093,"_2013Q3":19.38492,"_2013Q2":15.41463,"_2013Q1":10.28492,"_2012Q4":8.35435,"_2012Q3":9.90093,"_2012Q2":2.57359,"_2012Q1":1.64455,"_2011Q4":0.73585,"_2011Q3":0.67581,"_2011Q2":0.58769,"_2011Q1":0.70667,"_2010Q4":0.08035}},{"p":"ELEC.GEN.WAS-MD-99.Q","v":{"_2015Q4":110.52284,"_2015Q3":112.38862,"_2015Q2":112.02039,"_2015Q1":90.16401,"_2014Q4":100.54863,"_2014Q3":114.18881,"_2014Q2":108.54434,"_2014Q1":93.43706,"_2013Q4":96.92986,"_2013Q3":112.47181,"_2013Q2":106.91934,"_2013Q1":96.89906,"_2012Q4":106.77425,"_2012Q3":108.27224,"_2012Q2":103.54249,"_2012Q1":76.45028,"_2011Q4":95.76235,"_2011Q3":102.85085,"_2011Q2":95.98049,"_2011Q1":85.29617,"_2010Q4":101.98512,"_2010Q3":110.62744,"_2010Q2":112.18568,"_2010Q1":82.60506,"_2009Q4":86.64376,"_2009Q3":104.92933,"_2009Q2":103.62433,"_2009Q1":80.52494,"_2008Q4":95.69252,"_2008Q3":113.94432,"_2008Q2":115.72349,"_2008Q1":89.42071,"_2007Q4":87.96078,"_2007Q3":108.47773,"_2007Q2":112.76598,"_2007Q1":91.15993,"_2006Q4":95.87301,"_2006Q3":111.78811,"_2006Q2":102.02799,"_2006Q1":98.40605,"_2005Q4":108.39438,"_2005Q3":116.32359,"_2005Q2":103.64716,"_2005Q1":89.01485,"_2004Q4":84.59855,"_2004Q3":109.9802,"_2004Q2":105.3169,"_2004Q1":96.9279,"_2003Q4":89.98512,"_2003Q3":101.43035,"_2003Q2":101.10799,"_2003Q1":78.28746,"_2002Q4":77.83935,"_2002Q3":103.55131,"_2002Q2":84.33476,"_2002Q1":72.99941,"_2001Q4":88.85253,"_2001Q3":98.68704,"_2001Q2":92.58854,"_2001Q1":80.94835}},{"p":"ELEC.GEN.WWW-MD-99.Q","v":{"_2015Q4":23.75077,"_2015Q3":null,"_2015Q2":29.43539,"_2015Q1":39.60148,"_2014Q4":36.80423,"_2014Q3":32.03384,"_2014Q2":35.74371,"_2014Q1":45.84377,"_2013Q4":38.0898,"_2013Q3":38.41163,"_2013Q2":23.82179,"_2013Q1":42.46539,"_2012Q4":39.12978,"_2012Q3":42.68589,"_2012Q2":39.94329,"_2012Q1":37.19385,"_2011Q4":37.00546,"_2011Q3":41.84662,"_2011Q2":50.80359,"_2011Q1":38.77661,"_2010Q4":30.7606,"_2010Q3":48.17282,"_2010Q2":45.7641,"_2010Q1":39.99026,"_2009Q4":43.15008,"_2009Q3":44.5852,"_2009Q2":42.58485,"_2009Q1":44.73717,"_2008Q4":49.48962,"_2008Q3":54.57829,"_2008Q2":45.48453,"_2008Q1":48.1519,"_2007Q4":49.78471,"_2007Q3":52.85931,"_2007Q2":50.8923,"_2007Q1":49.56099,"_2006Q4":54.92036,"_2006Q3":52.54662,"_2006Q2":55.06803,"_2006Q1":55.53061,"_2005Q4":53.54462,"_2005Q3":51.15315,"_2005Q2":51.65037,"_2005Q1":49.63698,"_2004Q4":47.99215,"_2004Q3":51.7939,"_2004Q2":46.5635,"_2004Q1":46.03449,"_2003Q4":55.074,"_2003Q3":62.299,"_2003Q2":54.527,"_2003Q1":53.341,"_2002Q4":34.756,"_2002Q3":33.387,