{"p":"ME","c":[{"p":"ELEC.GEN.OOG-ME-99.Q","c":{"2006Q4":0,"2006Q3":0,"2006Q2":0,"2006Q1":0,"2005Q4":0,"2005Q3":0,"2005Q2":0.029,"2005Q1":0.025,"2004Q4":0.00931,"2004Q3":0.0103,"2004Q2":0.00986,"2004Q1":0.009,"2003Q4":0.004,"2003Q3":0.01,"2003Q2":0.013,"2003Q1":0.007,"2002Q4":0.022,"2002Q3":0.008,"2002Q2":0.008,"2002Q1":0.01,"2001Q4":0,"2001Q3":0,"2001Q2":0,"2001Q1":0}},{"p":"ELEC.GEN.AOR-ME-99.Q","c":{"2015Q4":1194.08852,"2015Q3":1019.16324,"2015Q2":920.9607,"2015Q1":1309.39294,"2014Q4":1174.6656,"2014Q3":1071.63948,"2014Q2":993.4205,"2014Q1":1251.9892,"2013Q4":1285.99296,"2013Q3":1259.67751,"2013Q2":1062.33724,"2013Q1":1285.35615,"2012Q4":1150.88851,"2012Q3":1047.03474,"2012Q2":842.01194,"2012Q1":1058.86017,"2011Q4":1160.06612,"2011Q3":1152.74303,"2011Q2":1004.64809,"2011Q1":1177.23674,"2010Q4":1009.06409,"2010Q3":1048.64624,"2010Q2":1001.20126,"2010Q1":1093.37144,"2009Q4":1065.95445,"2009Q3":988.09961,"2009Q2":860.65476,"2009Q1":1023.53548,"2008Q4":977.18002,"2008Q3":1052.24429,"2008Q2":946.82136,"2008Q1":1081.73888,"2007Q4":1054.0147,"2007Q3":1145.85362,"2007Q2":983.66396,"2007Q1":1023.44718,"2006Q4":1001.75874,"2006Q3":1049.1259,"2006Q2":886.90662,"2006Q1":1029.85957,"2005Q4":1026.00606,"2005Q3":1103.60379,"2005Q2":930.68021,"2005Q1":1007.89915,"2004Q4":938.33578,"2004Q3":917.87298,"2004Q2":826.94212,"2004Q1":914.88584,"2003Q4":854.86155,"2003Q3":1004.41985,"2003Q2":838.55909,"2003Q1":888.16956,"2002Q4":996.98346,"2002Q3":1055.79191,"2002Q2":973.40465,"2002Q1":1017.35064,"2001Q4":892.12265,"2001Q3":1026.96093,"2001Q2":937.98422,"2001Q1":968.65694}},{"p":"ELEC.GEN.HYC-ME-99.Q","c":{"2015Q4":909.2645,"2015Q3":828.99966,"2015Q2":913.34938,"2015Q1":963.51991,"2014Q4":803.35022,"2014Q3":887.27825,"2014Q2":1057.08381,"2014Q1":875.53621,"2013Q4":723.70228,"2013Q3":821.0464,"2013Q2":1036.52102,"2013Q1":979.18511,"2012Q4":990.9122,"2012Q3":807.97937,"2012Q2":942.98058,"2012Q1":990.73219,"2011Q4":1013.22983,"2011Q3":853.50294,"2011Q2":1044.34345,"2011Q1":1067.90167,"2010Q4":981.01045,"2010Q3":731.73978,"2010Q2":1011.43878,"2010Q1":1086.19223,"2009Q4":904.65048,"2009Q3":1046.9643,"2009Q2":1083.19781,"2009Q1":1176.86599,"2008Q4":1044.33737,"2008Q3":1062.29325,"2008Q2":1129.17848,"2008Q1":1221.59628,"2007Q4":924.10711,"2007Q3":732.49523,"2007Q2":1070.95568,"2007Q1":1010.60956,"2006Q4":954.47665,"2006Q3":1038.2522,"2006Q2":1118.85148,"2006Q1":1166.55192,"2005Q4":1153.92001,"2005Q3":772.35929,"2005Q2":1119.30439,"2005Q1":1045.34229,"2004Q4":741.25914,"2004Q3":786.81247,"2004Q2":782.44207,"2004Q1":1119.73553,"2003Q4":1097.987,"2003Q3":714.031,"2003Q2":798.277,"2003Q1":562.326,"2002Q4":613.529,"2002Q3":659.124,"2002Q2":969.91,"2002Q1":525.284,"2001Q4":497.553,"2001Q3":564.256,"2001Q2":845.611,"2001Q1":737.703}},{"p":"ELEC.GEN.WND-ME-99.Q","c":{"2015Q4":426.5575,"2015Q3":193.01965,"2015Q2":282.63633,"2015Q1":370.39983,"2014Q4":324.5487,"2014Q3":195.68403,"2014Q2":235.64107,"2014Q1":341.45521,"2013Q4":315.0258,"2013Q3":200.94352,"2013Q2":236.31562,"2013Q1":295.38525,"2012Q4":258.13516,"2012Q3":155.98252,"2012Q2":185.44641,"2012Q1":287.35344,"2011Q4":238.09612,"2011Q3":119.99331,"2011Q2":139.14759,"2011Q1":209.40251,"2010Q4":196.66866,"2010Q3":82.4946,"2010Q2":98.42565,"2010Q1":121.60908,"2009Q4":99.77451,"2009Q3":53.69678,"2009Q2":71.9856,"2009Q1":73.16609,"2008Q4":40.656,"2008Q3":23.673,"2008Q2":26.652,"2008Q1":40.64,"2007Q4":40.73,"2007Q3":27.539,"2007Q2":30.802}},{"p":"ELEC.GEN.WAS-ME-99.Q","c":{"2015Q4":51.08907,"2015Q3":56.4313,"2015Q2":53.81625,"2015Q1":47.98668,"2014Q4":51.85016,"2014Q3":56.16856,"2014Q2":55.36195,"2014Q1":42.00532,"2013Q4":60.08812,"2013Q3":59.46138,"2013Q2":53.55609,"2013Q1":47.22882,"2012Q4":66.55405,"2012Q3":69.26907,"2012Q2":66.56303,"2012Q1":64.54158,"2011Q4":72.24975,"2011Q3":78.98696,"2011Q2":66.89531,"2011Q1":58.50462,"2010Q4":67.7966,"2010Q3":71.46368,"2010Q2":63.5929,"2010Q1":60.65532,"2009Q4":71.1433,"2009Q3":74.65499,"2009Q2":66.12044,"2009Q1":60.95275,"2008Q4":66.84905,"2008Q3":68.6636,"2008Q2":61.48587,"2008Q1":60.7963,"2007Q4":65.66263,"2007Q3":72.9101,"2007Q2":63.88117,"2007Q1":57.88904,"2006Q4":70.55917,"2006Q3":75.10054,"2006Q2":74.81037,"2006Q1":62.56311,"2005Q4":71.6393,"2005Q3":74.3656,"2005Q2":71.06724,"2005Q1":73.15802,"2004Q4":68.10495,"2004Q3":106.20994,"2004Q2":121.90457,"2004Q1":114.86026,"2003Q4":71.48955,"2003Q3":86.35285,"2003Q2":72.86609,"2003Q1":67.39756,"2002Q4":78.96946,"2002Q3":82.96591,"2002Q2":82.30365,"2002Q1":75.53264,"2001Q4":73.56465,"2001Q3":73.89593,"2001Q2":89.41122,"2001Q1":58.71294}},{"p":"ELEC.GEN.WWW-ME-99.Q","c":{"2015Q4":716.44193,"2015Q3":769.7123,"2015Q2":584.50811,"2015Q1":891.00643,"2014Q4":798.26673,"2014Q3":819.7869,"2014Q2":702.41747,"2014Q1":868.52867,"2013Q4":910.87905,"2013Q3":999.27262,"2013Q2":772.46552,"2013Q1":942.74208,"2012Q4":826.1993,"2012Q3":821.78315,"2012Q2":590.00251,"2012Q1":706.96515,"2011Q4":849.72026,"2011Q3":953.76277,"2011Q2":798.6052,"2011Q1":909.32961,"2010Q4":744.59883,"2010Q3":894.68796,"2010Q2":839.18271,"2010Q1":911.10702,"2009Q4":895.03664,"2009Q3":859.74783,"2009Q2":722.54872,"2009Q1":889.41664,"2008Q4":869.67497,"2008Q3":959.90768,"2008Q2":858.68348,"2008Q1":980.30258,"2007Q4":947.62208,"2007Q3":1045.40452,"2007Q2":888.98079,"2007Q1":965.55816,"2006Q4":931.19958,"2006Q3":974.02537,"2006Q2":812.09623,"2006Q1":967.29646,"2005Q4":954.36675,"2005Q3":1029.23819,"2005Q2":859.61295,"2005Q1":934.74114,"2004Q4":870.23081,"2004Q3":811.66304,"2004Q2":705.03757,"2004Q1":800.02558,"2003Q4":783.373,"2003Q3":918.066,"2003Q2":765.693,"2003Q1":820.772,"2002Q4":918.014,"2002Q3":972.826,"2002Q2":891.101,"2002Q1":941.818,"2001Q4":818.558,"2001Q3":953.065,"2001Q2":848.573,"2001Q1":909.944}},{"p":"ELEC.GEN.TSN-ME-99.Q","c":{"2015Q4":3.43386,"2015Q3":5.17418,"2015Q2":4.588,"2015Q1":2.91478,"2014Q4":2.21295,"2014Q3":3.61644,"2014Q2":3.31552,"2014Q1":2.19702}},{"p":"ELEC.GEN.DPV-ME-99.Q","c":{"2015Q4":3.43386,"2015Q3":5.17418,"2015Q2":4.588,"2015Q1":2.91478,"2014Q4":2.21295,"2014Q3":3.61644,"2014Q2":3.31552,"2014Q1":2.19702}},{"p":"ELEC.GEN.ALL-ME-99.Q","c":{"2015Q4":3191.89139,"2015Q3":2790.85488,"2015Q2":2425.07449,"2015Q1":3748.89522,"2014Q4":2953.50831,"2014Q3":3417.0538,"2014Q2":3303.94865,"2014Q1":3574.19915,"2013Q4":3471.07501,"2013Q3":3458.18184,"2013Q2":3338.08409,"2013Q1":3762.69667,"2012Q4":3533.10691,"2012Q3":4018.27066,"2012Q2":2882.99209,"2012Q1":3994.22625,"2011Q4":4084.14211,"2011Q3":4196.55996,"2011Q2":3901.44043,"2011Q1":3791.54556,"2010Q4":4246.9963,"2010Q3":4701.52953,"2010Q2":4026.46779,"2010Q1":4043.66602,"2009Q4":4273.02475,"2009Q3":4167.43405,"2009Q2":3620.7557,"2009Q1":4288.63417,"2008Q4":4344.68455,"2008Q3":4387.00901,"2008Q2":4216.32479,"2008Q1":4146.90111,"2007Q4":3787.24119,"2007Q3":4193.02632,"2007Q2":3825.03116,"2007Q1":4323.26879,"2006Q4":4292.30972,"2006Q3":4625.44333,"2006Q2":4012.22653,"2006Q1":3886.19314,"2005Q4":4451.89629,"2005Q3":4934.39474,"2005Q2":4539.76845,"2005Q1":4917.9181,"2004Q4":4750.11038,"2004Q3":4619.48499,"2004Q2":4426.96427,"2004Q1":5302.32582,"2003Q4":5070.151,"2003Q3":4679.616,"2003Q2":4256.344,"2003Q1":4965.524,"2002Q4":5681.973,"2002Q3":5863.315,"2002Q2":5486.003,"2002Q1":5503.745,"2001Q4":4967.219,"2001Q3":5449.129,"2001Q2":4533.897,"2001Q1":4614.576}},{"p":"ELEC.GEN.COW-ME-99.Q","c":{"2015Q4":17.95365,"2015Q3":11.83698,"2015Q2":12.03197,"2015Q1":50.07866,"2014Q4":15.81455,"2014Q3":8.08387,"2014Q2":15.70015,"2014Q1":39.50536,"2013Q4":17.16609,"2013Q3":8.29123,"2013Q2":10.57938,"2013Q1":26.71507,"2012Q4":16.19374,"2012Q3":10.37899,"2012Q2":8.05286,"2012Q1":10.63217,"2011Q4":12.9542,"2011Q3":10.67778,"2011Q2":10.87072,"2011Q1":20.66365,"2010Q4":18.45273,"2010Q3":15.56307,"2010Q2":13.66192,"2010Q1":39.51547,"2009Q4":15.98156,"2009Q3":11.84676,"2009Q2":7.71835,"2009Q1":36.59945,"2008Q4":33.71957,"2008Q3":78.58178,"2008Q2":137.17018,"2008Q1":102.32778,"2007Q4":87.48053,"2007Q3":91.50671,"2007Q2":93.17959,"2007Q1":103.41017,"2006Q4":72.973,"2006Q3":79.62983,"2006Q2":85.91426,"2006Q1":82.74481,"2005Q4":69.64339,