{"p":"ME","c":[{"p":"ELEC.GEN.OOG-ME-99.Q","v":{"_2006Q4":0,"_2006Q3":0,"_2006Q2":0,"_2006Q1":0,"_2005Q4":0,"_2005Q3":0,"_2005Q2":0.029,"_2005Q1":0.025,"_2004Q4":0.00931,"_2004Q3":0.0103,"_2004Q2":0.00986,"_2004Q1":0.009,"_2003Q4":0.004,"_2003Q3":0.01,"_2003Q2":0.013,"_2003Q1":0.007,"_2002Q4":0.022,"_2002Q3":0.008,"_2002Q2":0.008,"_2002Q1":0.01,"_2001Q4":0,"_2001Q3":0,"_2001Q2":0,"_2001Q1":0}},{"p":"ELEC.GEN.AOR-ME-99.Q","v":{"_2015Q4":1194.08852,"_2015Q3":1019.16324,"_2015Q2":920.9607,"_2015Q1":1309.39294,"_2014Q4":1174.6656,"_2014Q3":1071.63948,"_2014Q2":993.4205,"_2014Q1":1251.9892,"_2013Q4":1285.99296,"_2013Q3":1259.67751,"_2013Q2":1062.33724,"_2013Q1":1285.35615,"_2012Q4":1150.88851,"_2012Q3":1047.03474,"_2012Q2":842.01194,"_2012Q1":1058.86017,"_2011Q4":1160.06612,"_2011Q3":1152.74303,"_2011Q2":1004.64809,"_2011Q1":1177.23674,"_2010Q4":1009.06409,"_2010Q3":1048.64624,"_2010Q2":1001.20126,"_2010Q1":1093.37144,"_2009Q4":1065.95445,"_2009Q3":988.09961,"_2009Q2":860.65476,"_2009Q1":1023.53548,"_2008Q4":977.18002,"_2008Q3":1052.24429,"_2008Q2":946.82136,"_2008Q1":1081.73888,"_2007Q4":1054.0147,"_2007Q3":1145.85362,"_2007Q2":983.66396,"_2007Q1":1023.44718,"_2006Q4":1001.75874,"_2006Q3":1049.1259,"_2006Q2":886.90662,"_2006Q1":1029.85957,"_2005Q4":1026.00606,"_2005Q3":1103.60379,"_2005Q2":930.68021,"_2005Q1":1007.89915,"_2004Q4":938.33578,"_2004Q3":917.87298,"_2004Q2":826.94212,"_2004Q1":914.88584,"_2003Q4":854.86155,"_2003Q3":1004.41985,"_2003Q2":838.55909,"_2003Q1":888.16956,"_2002Q4":996.98346,"_2002Q3":1055.79191,"_2002Q2":973.40465,"_2002Q1":1017.35064,"_2001Q4":892.12265,"_2001Q3":1026.96093,"_2001Q2":937.98422,"_2001Q1":968.65694}},{"p":"ELEC.GEN.HYC-ME-99.Q","v":{"_2015Q4":909.2645,"_2015Q3":828.99966,"_2015Q2":913.34938,"_2015Q1":963.51991,"_2014Q4":803.35022,"_2014Q3":887.27825,"_2014Q2":1057.08381,"_2014Q1":875.53621,"_2013Q4":723.70228,"_2013Q3":821.0464,"_2013Q2":1036.52102,"_2013Q1":979.18511,"_2012Q4":990.9122,"_2012Q3":807.97937,"_2012Q2":942.98058,"_2012Q1":990.73219,"_2011Q4":1013.22983,"_2011Q3":853.50294,"_2011Q2":1044.34345,"_2011Q1":1067.90167,"_2010Q4":981.01045,"_2010Q3":731.73978,"_2010Q2":1011.43878,"_2010Q1":1086.19223,"_2009Q4":904.65048,"_2009Q3":1046.9643,"_2009Q2":1083.19781,"_2009Q1":1176.86599,"_2008Q4":1044.33737,"_2008Q3":1062.29325,"_2008Q2":1129.17848,"_2008Q1":1221.59628,"_2007Q4":924.10711,"_2007Q3":732.49523,"_2007Q2":1070.95568,"_2007Q1":1010.60956,"_2006Q4":954.47665,"_2006Q3":1038.2522,"_2006Q2":1118.85148,"_2006Q1":1166.55192,"_2005Q4":1153.92001,"_2005Q3":772.35929,"_2005Q2":1119.30439,"_2005Q1":1045.34229,"_2004Q4":741.25914,"_2004Q3":786.81247,"_2004Q2":782.44207,"_2004Q1":1119.73553,"_2003Q4":1097.987,"_2003Q3":714.031,"_2003Q2":798.277,"_2003Q1":562.326,"_2002Q4":613.529,"_2002Q3":659.124,"_2002Q2":969.91,"_2002Q1":525.284,"_2001Q4":497.553,"_2001Q3":564.256,"_2001Q2":845.611,"_2001Q1":737.703}},{"p":"ELEC.GEN.WND-ME-99.Q","v":{"_2015Q4":426.5575,"_2015Q3":193.01965,"_2015Q2":282.63633,"_2015Q1":370.39983,"_2014Q4":324.5487,"_2014Q3":195.68403,"_2014Q2":235.64107,"_2014Q1":341.45521,"_2013Q4":315.0258,"_2013Q3":200.94352,"_2013Q2":236.31562,"_2013Q1":295.38525,"_2012Q4":258.13516,"_2012Q3":155.98252,"_2012Q2":185.44641,"_2012Q1":287.35344,"_2011Q4":238.09612,"_2011Q3":119.99331,"_2011Q2":139.14759,"_2011Q1":209.40251,"_2010Q4":196.66866,"_2010Q3":82.4946,"_2010Q2":98.42565,"_2010Q1":121.60908,"_2009Q4":99.77451,"_2009Q3":53.69678,"_2009Q2":71.9856,"_2009Q1":73.16609,"_2008Q4":40.656,"_2008Q3":23.673,"_2008Q2":26.652,"_2008Q1":40.64,"_2007Q4":40.73,"_2007Q3":27.539,"_2007Q2":30.802}},{"p":"ELEC.GEN.WAS-ME-99.Q","v":{"_2015Q4":51.08907,"_2015Q3":56.4313,"_2015Q2":53.81625,"_2015Q1":47.98668,"_2014Q4":51.85016,"_2014Q3":56.16856,"_2014Q2":55.36195,"_2014Q1":42.00532,"_2013Q4":60.08812,"_2013Q3":59.46138,"_2013Q2":53.55609,"_2013Q1":47.22882,"_2012Q4":66.55405,"_2012Q3":69.26907,"_2012Q2":66.56303,"_2012Q1":64.54158,"_2011Q4":72.24975,"_2011Q3":78.98696,"_2011Q2":66.89531,"_2011Q1":58.50462,"_2010Q4":67.7966,"_2010Q3":71.46368,"_2010Q2":63.5929,"_2010Q1":60.65532,"_2009Q4":71.1433,"_2009Q3":74.65499,"_2009Q2":66.12044,"_2009Q1":60.95275,"_2008Q4":66.84905,"_2008Q3":68.6636,"_2008Q2":61.48587,"_2008Q1":60.7963,"_2007Q4":65.66263,"_2007Q3":72.9101,"_2007Q2":63.88117,"_2007Q1":57.88904,"_2006Q4":70.55917,"_2006Q3":75.10054,"_2006Q2":74.81037,"_2006Q1":62.56311,"_2005Q4":71.6393,"_2005Q3":74.3656,"_2005Q2":71.06724,"_2005Q1":73.15802,"_2004Q4":68.10495,"_2004Q3":106.20994,"_2004Q2":121.90457,"_2004Q1":114.86026,"_2003Q4":71.48955,"_2003Q3":86.35285,"_2003Q2":72.86609,"_2003Q1":67.39756,"_2002Q4":78.96946,"_2002Q3":82.96591,"_2002Q2":82.30365,"_2002Q1":75.53264,"_2001Q4":73.56465,"_2001Q3":73.89593,"_2001Q2":89.41122,"_2001Q1":58.71294}},{"p":"ELEC.GEN.WWW-ME-99.Q","v":{"_2015Q4":716.44193,"_2015Q3":769.7123,"_2015Q2":584.50811,"_2015Q1":891.00643,"_2014Q4":798.26673,"_2014Q3":819.7869,"_2014Q2":702.41747,"_2014Q1":868.52867,"_2013Q4":910.87905,"_2013Q3":999.27262,"_2013Q2":772.46552,"_2013Q1":942.74208,"_2012Q4":826.1993,"_2012Q3":821.78315,"_2012Q2":590.00251,"_2012Q1":706.96515,"_2011Q4":849.72026,"_2011Q3":953.76277,"_2011Q2":798.6052,"_2011Q1":909.32961,"_2010Q4":744.59883,"_2010Q3":894.68796,"_2010Q2":839.18271,"_2010Q1":911.10702,"_2009Q4":895.03664,"_2009Q3":859.74783,"_2009Q2":722.54872,"_2009Q1":889.41664,"_2008Q4":869.67497,"_2008Q3":959.90768,"_2008Q2":858.68348,"_2008Q1":980.30258,"_2007Q4":947.62208,"_2007Q3":1045.40452,"_2007Q2":888.98079,"_2007Q1":965.55816,"_2006Q4":931.19958,"_2006Q3":974.02537,"_2006Q2":812.09623,"_2006Q1":967.29646,"_2005Q4":954.36675,"_2005Q3":1029.23819,"_2005Q2":859.61295,"_2005Q1":934.74114,"_2004Q4":870.23081,"_2004Q3":811.66304,"_2004Q2":705.03757,"_2004Q1":800.02558,"_2003Q4":783.373,"_2003Q3":918.066,"_2003Q2":765.693,"_2003Q1":820.772,"_2002Q4":918.014,"_2002Q3":972.826,"_2002Q2":891.101,"_2002Q1":941.818,"_2001Q4":818.558,"_2001Q3":953.065,"_2001Q2":848.573,"_2001Q1":909.944}},{"p":"ELEC.GEN.TSN-ME-99.Q","v":{"_2015Q4":3.43386,"_2015Q3":5.17418,"_2015Q2":4.588,"_2015Q1":2.91478,"_2014Q4":2.21295,"_2014Q3":3.61644,"_2014Q2":3.31552,"_2014Q1":2.19702}},{"p":"ELEC.GEN.DPV-ME-99.Q","v":{"_2015Q4":3.43386,"_2015Q3":5.17418,"_2015Q2":4.588,"_2015Q1":2.91478,"_2014Q4":2.21295,"_2014Q3":3.61644,"_2014Q2":3.31552,"_2014Q1":2.19702}},{"p":"ELEC.GEN.ALL-ME-99.Q","v":{"_2015Q4":3191.89139,"_2015Q3":2790.85488,"_2015Q2":2425.07449,"_2015Q1":3748.89522,"_2014Q4":2953.50831,"_2014Q3":3417.0538,"_2014Q2":3303.94865,"_2014Q1":3574.19915,"_2013Q4":3471.07501,"_2013Q3":3458.18184,"_2013Q2":3338.08409,"_2013Q1":3762.69667,"_2012Q4":3533.10691,"_2012Q3":4018.27066,"_2012Q2":2882.99209,"_2012Q1":3994.22625,"_2011Q4":4084.14211,"_2011Q3":4196.55996,"_2011Q2":3901.44043,"_2011Q1":3791.54556,"_2010Q4":4246.9963,"_2010Q3":4701.52953,"_2010Q2":4026.46779,"_2010Q1":4043.66602,"_2009Q4":4273.02475,"_2009Q3":4167.43405,"_2009Q2":3620.7557,"_2009Q1":4288.63417,"_2008Q4":4344.68455,"_2008Q3":4387.00901,"_2008Q2":4216.32479,"_2008Q1":4146.90111,"_2007Q4":3787.24119,"_2007Q3":4193.02632,"_2007Q2":3825.03116,"_2007Q1":4323.26879,"_2006Q4":4292.30972,"_2006Q3":4625.44333,"_2006Q2":4012.22653,"_2006Q1":3886.19314,"_2005Q4":4451.89629,"_2005Q3":4934.39474,"_2005Q2":4539.76845,"_2005Q1":4917.9181,"_2004Q4":4750.11038,"_2004Q3":4619.48499,"_2004Q2":4426.96427,"_2004Q1":5302.32582,"_2003Q4":5070.151,"_2003Q3":4679.616,"_2003Q2":4256.344,"_2003Q1":4965.524,"_2002Q4":5681.973,"_2002Q3":5863.315,"_2002Q2":5486.003,"_2002Q1":5503.745,"_2001Q4":4967.219,"_2001Q3":5449.129,"_2001Q2":4533.897,"_2001Q1":4614.576}},{"p":"ELEC.GEN.COW-ME-99.Q","v":{"_2015Q4":17.95365,"_2015Q3":11.83698,"_2015Q2":12.03197,"_2015Q1":50.07866,"_2014Q4":15.81455,"_2014Q3":8.08387,"_2014Q2":15.70015,"_2014Q1":39.50536,"_2013Q4":17.16609,"_2013Q3":8.29123,"_2013Q2":10.57938,"_2013Q1":26.71507,"_2012Q4":16.19374,"_2012Q3":10.37899,"_2012Q2":8.05286,"_2012Q1":10.63217,"_2011Q4":12.9542,"_2011Q3":10.67778,"_2011Q2":10.87072,