{"p":"MI","c":[{"p":"ELEC.GEN.NUC-MI-99.Q","v":{"_2015Q4":6272.903,"_2015Q3":7282.919,"_2015Q2":7326.897,"_2015Q1":8451.067,"_2014Q4":8030.483,"_2014Q3":8460.333,"_2014Q2":8413.664,"_2014Q1":6341.368,"_2013Q4":7815.12,"_2013Q3":7634.925,"_2013Q2":5670.025,"_2013Q1":7800.753,"_2012Q4":7064.447,"_2012Q3":6740.384,"_2012Q2":5803.156,"_2012Q1":8411.727,"_2011Q4":8083.632,"_2011Q3":8197.148,"_2011Q2":8830.72,"_2011Q1":7777.967,"_2010Q4":5313.691,"_2010Q3":8587.799,"_2010Q2":7891.366,"_2010Q1":7831.724,"_2009Q4":5789.631,"_2009Q3":6117.419,"_2009Q2":4041.702,"_2009Q1":5902.257,"_2008Q4":6670.057,"_2008Q3":8246.399,"_2008Q2":8011.895,"_2008Q1":8556.077,"_2007Q4":6224.934,"_2007Q3":7788.148,"_2007Q2":8731.029,"_2007Q1":8772.842,"_2006Q4":7858.148,"_2006Q3":7580.452,"_2006Q2":5366.769,"_2006Q1":8260.796,"_2005Q4":8799.292,"_2005Q3":8119.764,"_2005Q2":7908.472,"_2005Q1":8044.046,"_2004Q4":5845.773,"_2004Q3":7727.107,"_2004Q2":8359.194,"_2004Q1":8629.887,"_2003Q4":7796.291,"_2003Q3":7986.467,"_2003Q2":4801.113,"_2003Q1":7369.692,"_2002Q4":8592.078,"_2002Q3":8356.203,"_2002Q2":7159.218,"_2002Q1":6979.955,"_2001Q4":5732.261,"_2001Q3":5153.212,"_2001Q2":7502.994,"_2001Q1":8322.315}},{"p":"ELEC.GEN.OOG-MI-99.Q","v":{"_2015Q4":47.70793,"_2015Q3":378.56255,"_2015Q2":380.89028,"_2015Q1":405.6177,"_2014Q4":332.98068,"_2014Q3":296.32224,"_2014Q2":263.52652,"_2014Q1":227.01674,"_2013Q4":250.87853,"_2013Q3":194.08946,"_2013Q2":257.11068,"_2013Q1":254.58628,"_2012Q4":66.0123,"_2012Q3":93.3842,"_2012Q2":70.6314,"_2012Q1":84.72749,"_2011Q4":51.66656,"_2011Q3":88.3682,"_2011Q2":65.40481,"_2011Q1":63.73568,"_2010Q4":74.68845,"_2010Q3":85.35276,"_2010Q2":76.53492,"_2010Q1":62.42849,"_2009Q4":55.6905,"_2009Q3":74.7288,"_2009Q2":37.47589,"_2009Q1":34.6144,"_2008Q4":23.12163,"_2008Q3":87.89279,"_2008Q2":82.64036,"_2008Q1":70.75233,"_2007Q4":77.88034,"_2007Q3":49.39001,"_2007Q2":76.93848,"_2007Q1":78.2053,"_2006Q4":104.97311,"_2006Q3":99.95904,"_2006Q2":102.26679,"_2006Q1":105.14786,"_2005Q4":88.97003,"_2005Q3":88.2362,"_2005Q2":71.8456,"_2005Q1":123.06741,"_2004Q4":141.80976,"_2004Q3":163.13634,"_2004Q2":154.43026,"_2004Q1":139.37034,"_2003Q4":0,"_2003Q3":0.49,"_2003Q2":0.754,"_2003Q1":0.949,"_2002Q4":1.957,"_2002Q3":3.508,"_2002Q2":2.384,"_2002Q1":2.259,"_2001Q4":1.376,"_2001Q3":1.246,"_2001Q2":1.675,"_2001Q1":1.317}},{"p":"ELEC.GEN.AOR-MI-99.Q","v":{"_2015Q4":2152.791,"_2015Q3":1426.70205,"_2015Q2":1718.54726,"_2015Q1":2032.13572,"_2014Q4":1930.52436,"_2014Q3":1319.20148,"_2014Q2":1583.19018,"_2014Q1":1841.43586,"_2013Q4":1550.71925,"_2013Q3":1148.01626,"_2013Q2":1371.99638,"_2013Q1":1443.65253,"_2012Q4":1141.81881,"_2012Q3":877.9025,"_2012Q2":878.70987,"_2012Q1":887.00796,"_2011Q4":819.74528,"_2011Q3":718.1042,"_2011Q2":710.1899,"_2011Q1":714.28525,"_2010Q4":671.43733,"_2010Q3":680.63644,"_2010Q2":741.75645,"_2010Q1":738.62161,"_2009Q4":727.99569,"_2009Q3":630.01545,"_2009Q2":635.49253,"_2009Q1":629.6805,"_2008Q4":656.68711,"_2008Q3":634.65487,"_2008Q2":662.69073,"_2008Q1":637.10839,"_2007Q4":613.53164,"_2007Q3":634.68341,"_2007Q2":602.75499,"_2007Q1":565.7768,"_2006Q4":606.25764,"_2006Q3":626.99882,"_2006Q2":600.96371,"_2006Q1":608.3384,"_2005Q4":614.76119,"_2005Q3":666.81825,"_2005Q2":610.41397,"_2005Q1":602.32956,"_2004Q4":675.69776,"_2004Q3":703.26697,"_2004Q2":576.3599,"_2004Q1":603.1237,"_2003Q4":622.79023,"_2003Q3":650.37439,"_2003Q2":580.49312,"_2003Q1":644.03553,"_2002Q4":546.09593,"_2002Q3":597.02743,"_2002Q2":535.32421,"_2002Q1":541.55905,"_2001Q4":601.42644,"_2001Q3":630.63845,"_2001Q2":572.91774,"_2001Q1":556.67923}},{"p":"ELEC.GEN.HYC-MI-99.Q","v":{"_2015Q4":320.90904,"_2015Q3":300.99373,"_2015Q2":369.11671,"_2015Q1":480.6458,"_2014Q4":402.04376,"_2014Q3":222.64966,"_2014Q2":683.31378,"_2014Q1":292.01481,"_2013Q4":244.75416,"_2013Q3":138.06694,"_2013Q2":620.39469,"_2013Q1":415.8332,"_2012Q4":253.45048,"_2012Q3":145.33351,"_2012Q2":338.22399,"_2012Q1":477.84604,"_2011Q4":290.07371,"_2011Q3":141.42796,"_2011Q2":592.05331,"_2011Q1":333.75303,"_2010Q4":232.57848,"_2010Q3":188.81615,"_2010Q2":499.75379,"_2010Q1":329.40457,"_2009Q4":269.23742,"_2009Q3":118.00254,"_2009Q2":557.09839,"_2009Q1":427.58766,"_2008Q4":235.14985,"_2008Q3":308.3654,"_2008Q2":407.94585,"_2008Q1":412.91721,"_2007Q4":245.30422,"_2007Q3":127.94437,"_2007Q2":428.52061,"_2007Q1":468.22007,"_2006Q4":304.05808,"_2006Q3":399.951,"_2006Q2":420.26703,"_2006Q1":396.07694,"_2005Q4":294.80382,"_2005Q3":363.86501,"_2005Q2":391.12481,"_2005Q1":411.91414,"_2004Q4":280.68497,"_2004Q3":147.84342,"_2004Q2":633.78078,"_2004Q1":477.2751,"_2003Q4":342.967,"_2003Q3":305.314,"_2003Q2":400.444,"_2003Q1":337.099,"_2002Q4":386.443,"_2002Q3":393.124,"_2002Q2":479.463,"_2002Q1":410.223,"_2001Q4":372.167,"_2001Q3":355.249,"_2001Q2":456.581,"_2001Q1":377.926}},{"p":"ELEC.GEN.WND-MI-99.Q","v":{"_2015Q4":1539.65271,"_2015Q3":752.69743,"_2015Q2":1106.17413,"_2015Q1":1379.33871,"_2014Q4":1218.13246,"_2014Q3":597.40085,"_2014Q2":898.56778,"_2014Q1":1154.01657,"_2013Q4":882.05791,"_2013Q3":440.90882,"_2013Q2":652.77007,"_2013Q1":823.88722,"_2012Q4":459.56405,"_2012Q3":155.17846,"_2012Q2":222.02508,"_2012Q1":294.92042,"_2011Q4":175.44359,"_2011Q3":56.65111,"_2011Q2":108.398,"_2011Q1":115.98131,"_2010Q4":118.04305,"_2010Q3":66.95583,"_2010Q2":79.80897,"_2010Q1":95.53215,"_2009Q4":92.31855,"_2009Q3":41.19245,"_2009Q2":77.61294,"_2009Q1":89.04812,"_2008Q4":63.66373,"_2008Q3":19.0735,"_2008Q2":32.44285,"_2008Q1":26.00164,"_2007Q4":0.836,"_2007Q3":0.437,"_2007Q2":0.514,"_2007Q1":0.936,"_2006Q4":0.615,"_2006Q3":0.437,"_2006Q2":0.486,"_2006Q1":0.674,"_2005Q4":0.506,"_2005Q3":0.28,"_2005Q2":0.482,"_2005Q1":0.58,"_2004Q4":0.553,"_2004Q3":0.282,"_2004Q2":0.372,"_2004Q1":0.668,"_2003Q4":0.669,"_2003Q3":0.726,"_2003Q2":0.589,"_2003Q1":0.677,"_2002Q4":0.095,"_2002Q3":0.056,"_2002Q2":0.088,"_2002Q1":0.091,"_2001Q4":0.28}},{"p":"ELEC.GEN.HPS-MI-99.Q","v":{"_2015Q4":-104.308,"_2015Q3":-194.687,"_2015Q2":-96.845,"_2015Q1":-84.981,"_2014Q4":-137.733,"_2014Q3":-198.789,"_2014Q2":-198.006,"_2014Q1":-166.361,"_2013Q4":-194.776,"_2013Q3":-282.58,"_2013Q2":-224.966,"_2013Q1":-168.5,"_2012Q4":-177.073,"_2012Q3":-278.498,"_2012Q2":-187.653,"_2012Q1":-130.056,"_2011Q4":-180.178,"_2011Q3":-307.57,"_2011Q2":-264.383,"_2011Q1":-192.886,"_2010Q4":-240.606,"_2010Q3":-262.913,"_2010Q2":-259.418,"_2010Q1":-259.622,"_2009Q4":-197.434,"_2009Q3":-217.433,"_2009Q2":-248.704,"_2009Q1":-193.293,"_2008Q4":-182.589,"_2008Q3":-223.21,"_2008Q2":-255.583,"_2008Q1":-254.12,"_2007Q4":-269.761,"_2007Q3":-310.147,"_2007Q2":-274.428,"_2007Q1":-274.905,"_2006Q4":-237.316,"_2006Q3":-307.701,"_2006Q2":-265.089,"_2006Q1":-229.104,"_2005Q4":-259.223,"_2005Q3":-333.722,"_2005Q2":-266.125,"_2005Q1":-247.171,"_2004Q4":-258.512,"_2004Q3":-314.777,"_2004Q2":-275.896,"_2004Q1":-263.799,"_2003Q4":-237.129,"_2003Q3":-325.849,"_2003Q2":-209.601,"_2003Q1":-244.667,"_2002Q4":-235.072,"_2002Q3":-328.251,"_2002Q2":-237.679,"_2002Q1":-234.558,"_2001Q4":-201.4,"_2001Q3":-359.498,"_2001Q2":-286.649,"_2001Q1":-279.29}},{"p":"ELEC.GEN.WAS-MI-99.Q","v":{"_2015Q4":282.44644,"_2015Q3":290.33893,"_2015Q2":280.19481,"_2015Q1":250.13046,"_2014Q4":271.2294,"_2014Q3":292.12691,"_2014Q2":270.33051,"_2014Q1":221.4187,"_2013Q4":239.64662,"_2013Q3":254.63948,"_2013Q2":291.88381,"_2013Q1":201.51811,"_2012Q4":257.41448,"_2012Q3":279.51778,"_2012Q2":237.50268,"_2012Q1":181.79172,"_2011Q4":224.84874,"_2011Q3":221.43573,"_2011Q2":211.62564,"_2011Q1":169.3336,"_2010Q4":138.15102,"_2010Q3":200.17478,"_2010Q2":243.43738,"_2010Q1":220.61285,"_2009Q4":226.11968,"_2009Q3":215.42573,"_2009Q2":225.64252,"_2009Q1":166.82359,"_2008Q4":168.46083,"_2008Q3":196.82256,"_2008Q2":210.98149,"_2008Q1":163.2717,"_2007Q4":175.23025,"_2007Q3":209.71971,"_2007Q2":200.61182,"_2007Q1":136.26011,"_2006Q4":181.28588,"_2006Q3":195.40611,"_2006Q2":182.40172,"_2006Q1":177.72904,"_2005Q4":179.55973,"_2005Q3":192.90736,"_2005Q2":189.42559,"_2005Q1":154.66805,"_2004Q4":168.83757,"_2004Q3":186.41797,"_2004Q2":180.10873,"_2004Q1":154.57137,