{"p":"MI","c":[{"p":"ELEC.GEN.NUC-MI-99.Q","c":{"2015Q4":6272.903,"2015Q3":7282.919,"2015Q2":7326.897,"2015Q1":8451.067,"2014Q4":8030.483,"2014Q3":8460.333,"2014Q2":8413.664,"2014Q1":6341.368,"2013Q4":7815.12,"2013Q3":7634.925,"2013Q2":5670.025,"2013Q1":7800.753,"2012Q4":7064.447,"2012Q3":6740.384,"2012Q2":5803.156,"2012Q1":8411.727,"2011Q4":8083.632,"2011Q3":8197.148,"2011Q2":8830.72,"2011Q1":7777.967,"2010Q4":5313.691,"2010Q3":8587.799,"2010Q2":7891.366,"2010Q1":7831.724,"2009Q4":5789.631,"2009Q3":6117.419,"2009Q2":4041.702,"2009Q1":5902.257,"2008Q4":6670.057,"2008Q3":8246.399,"2008Q2":8011.895,"2008Q1":8556.077,"2007Q4":6224.934,"2007Q3":7788.148,"2007Q2":8731.029,"2007Q1":8772.842,"2006Q4":7858.148,"2006Q3":7580.452,"2006Q2":5366.769,"2006Q1":8260.796,"2005Q4":8799.292,"2005Q3":8119.764,"2005Q2":7908.472,"2005Q1":8044.046,"2004Q4":5845.773,"2004Q3":7727.107,"2004Q2":8359.194,"2004Q1":8629.887,"2003Q4":7796.291,"2003Q3":7986.467,"2003Q2":4801.113,"2003Q1":7369.692,"2002Q4":8592.078,"2002Q3":8356.203,"2002Q2":7159.218,"2002Q1":6979.955,"2001Q4":5732.261,"2001Q3":5153.212,"2001Q2":7502.994,"2001Q1":8322.315}},{"p":"ELEC.GEN.OOG-MI-99.Q","c":{"2015Q4":47.70793,"2015Q3":378.56255,"2015Q2":380.89028,"2015Q1":405.6177,"2014Q4":332.98068,"2014Q3":296.32224,"2014Q2":263.52652,"2014Q1":227.01674,"2013Q4":250.87853,"2013Q3":194.08946,"2013Q2":257.11068,"2013Q1":254.58628,"2012Q4":66.0123,"2012Q3":93.3842,"2012Q2":70.6314,"2012Q1":84.72749,"2011Q4":51.66656,"2011Q3":88.3682,"2011Q2":65.40481,"2011Q1":63.73568,"2010Q4":74.68845,"2010Q3":85.35276,"2010Q2":76.53492,"2010Q1":62.42849,"2009Q4":55.6905,"2009Q3":74.7288,"2009Q2":37.47589,"2009Q1":34.6144,"2008Q4":23.12163,"2008Q3":87.89279,"2008Q2":82.64036,"2008Q1":70.75233,"2007Q4":77.88034,"2007Q3":49.39001,"2007Q2":76.93848,"2007Q1":78.2053,"2006Q4":104.97311,"2006Q3":99.95904,"2006Q2":102.26679,"2006Q1":105.14786,"2005Q4":88.97003,"2005Q3":88.2362,"2005Q2":71.8456,"2005Q1":123.06741,"2004Q4":141.80976,"2004Q3":163.13634,"2004Q2":154.43026,"2004Q1":139.37034,"2003Q4":0,"2003Q3":0.49,"2003Q2":0.754,"2003Q1":0.949,"2002Q4":1.957,"2002Q3":3.508,"2002Q2":2.384,"2002Q1":2.259,"2001Q4":1.376,"2001Q3":1.246,"2001Q2":1.675,"2001Q1":1.317}},{"p":"ELEC.GEN.AOR-MI-99.Q","c":{"2015Q4":2152.791,"2015Q3":1426.70205,"2015Q2":1718.54726,"2015Q1":2032.13572,"2014Q4":1930.52436,"2014Q3":1319.20148,"2014Q2":1583.19018,"2014Q1":1841.43586,"2013Q4":1550.71925,"2013Q3":1148.01626,"2013Q2":1371.99638,"2013Q1":1443.65253,"2012Q4":1141.81881,"2012Q3":877.9025,"2012Q2":878.70987,"2012Q1":887.00796,"2011Q4":819.74528,"2011Q3":718.1042,"2011Q2":710.1899,"2011Q1":714.28525,"2010Q4":671.43733,"2010Q3":680.63644,"2010Q2":741.75645,"2010Q1":738.62161,"2009Q4":727.99569,"2009Q3":630.01545,"2009Q2":635.49253,"2009Q1":629.6805,"2008Q4":656.68711,"2008Q3":634.65487,"2008Q2":662.69073,"2008Q1":637.10839,"2007Q4":613.53164,"2007Q3":634.68341,"2007Q2":602.75499,"2007Q1":565.7768,"2006Q4":606.25764,"2006Q3":626.99882,"2006Q2":600.96371,"2006Q1":608.3384,"2005Q4":614.76119,"2005Q3":666.81825,"2005Q2":610.41397,"2005Q1":602.32956,"2004Q4":675.69776,"2004Q3":703.26697,"2004Q2":576.3599,"2004Q1":603.1237,"2003Q4":622.79023,"2003Q3":650.37439,"2003Q2":580.49312,"2003Q1":644.03553,"2002Q4":546.09593,"2002Q3":597.02743,"2002Q2":535.32421,"2002Q1":541.55905,"2001Q4":601.42644,"2001Q3":630.63845,"2001Q2":572.91774,"2001Q1":556.67923}},{"p":"ELEC.GEN.HYC-MI-99.Q","c":{"2015Q4":320.90904,"2015Q3":300.99373,"2015Q2":369.11671,"2015Q1":480.6458,"2014Q4":402.04376,"2014Q3":222.64966,"2014Q2":683.31378,"2014Q1":292.01481,"2013Q4":244.75416,"2013Q3":138.06694,"2013Q2":620.39469,"2013Q1":415.8332,"2012Q4":253.45048,"2012Q3":145.33351,"2012Q2":338.22399,"2012Q1":477.84604,"2011Q4":290.07371,"2011Q3":141.42796,"2011Q2":592.05331,"2011Q1":333.75303,"2010Q4":232.57848,"2010Q3":188.81615,"2010Q2":499.75379,"2010Q1":329.40457,"2009Q4":269.23742,"2009Q3":118.00254,"2009Q2":557.09839,"2009Q1":427.58766,"2008Q4":235.14985,"2008Q3":308.3654,"2008Q2":407.94585,"2008Q1":412.91721,"2007Q4":245.30422,"2007Q3":127.94437,"2007Q2":428.52061,"2007Q1":468.22007,"2006Q4":304.05808,"2006Q3":399.951,"2006Q2":420.26703,"2006Q1":396.07694,"2005Q4":294.80382,"2005Q3":363.86501,"2005Q2":391.12481,"2005Q1":411.91414,"2004Q4":280.68497,"2004Q3":147.84342,"2004Q2":633.78078,"2004Q1":477.2751,"2003Q4":342.967,"2003Q3":305.314,"2003Q2":400.444,"2003Q1":337.099,"2002Q4":386.443,"2002Q3":393.124,"2002Q2":479.463,"2002Q1":410.223,"2001Q4":372.167,"2001Q3":355.249,"2001Q2":456.581,"2001Q1":377.926}},{"p":"ELEC.GEN.WND-MI-99.Q","c":{"2015Q4":1539.65271,"2015Q3":752.69743,"2015Q2":1106.17413,"2015Q1":1379.33871,"2014Q4":1218.13246,"2014Q3":597.40085,"2014Q2":898.56778,"2014Q1":1154.01657,"2013Q4":882.05791,"2013Q3":440.90882,"2013Q2":652.77007,"2013Q1":823.88722,"2012Q4":459.56405,"2012Q3":155.17846,"2012Q2":222.02508,"2012Q1":294.92042,"2011Q4":175.44359,"2011Q3":56.65111,"2011Q2":108.398,"2011Q1":115.98131,"2010Q4":118.04305,"2010Q3":66.95583,"2010Q2":79.80897,"2010Q1":95.53215,"2009Q4":92.31855,"2009Q3":41.19245,"2009Q2":77.61294,"2009Q1":89.04812,"2008Q4":63.66373,"2008Q3":19.0735,"2008Q2":32.44285,"2008Q1":26.00164,"2007Q4":0.836,"2007Q3":0.437,"2007Q2":0.514,"2007Q1":0.936,"2006Q4":0.615,"2006Q3":0.437,"2006Q2":0.486,"2006Q1":0.674,"2005Q4":0.506,"2005Q3":0.28,"2005Q2":0.482,"2005Q1":0.58,"2004Q4":0.553,"2004Q3":0.282,"2004Q2":0.372,"2004Q1":0.668,"2003Q4":0.669,"2003Q3":0.726,"2003Q2":0.589,"2003Q1":0.677,"2002Q4":0.095,"2002Q3":0.056,"2002Q2":0.088,"2002Q1":0.091,"2001Q4":0.28}},{"p":"ELEC.GEN.HPS-MI-99.Q","c":{"2015Q4":-104.308,"2015Q3":-194.687,"2015Q2":-96.845,"2015Q1":-84.981,"2014Q4":-137.733,"2014Q3":-198.789,"2014Q2":-198.006,"2014Q1":-166.361,"2013Q4":-194.776,"2013Q3":-282.58,"2013Q2":-224.966,"2013Q1":-168.5,"2012Q4":-177.073,"2012Q3":-278.498,"2012Q2":-187.653,"2012Q1":-130.056,"2011Q4":-180.178,"2011Q3":-307.57,"2011Q2":-264.383,"2011Q1":-192.886,"2010Q4":-240.606,"2010Q3":-262.913,"2010Q2":-259.418,"2010Q1":-259.622,"2009Q4":-197.434,"2009Q3":-217.433,"2009Q2":-248.704,"2009Q1":-193.293,"2008Q4":-182.589,"2008Q3":-223.21,"2008Q2":-255.583,"2008Q1":-254.12,"2007Q4":-269.761,"2007Q3":-310.147,"2007Q2":-274.428,"2007Q1":-274.905,"2006Q4":-237.316,"2006Q3":-307.701,"2006Q2":-265.089,"2006Q1":-229.104,"2005Q4":-259.223,"2005Q3":-333.722,"2005Q2":-266.125,"2005Q1":-247.171,"2004Q4":-258.512,"2004Q3":-314.777,"2004Q2":-275.896,"2004Q1":-263.799,"2003Q4":-237.129,"2003Q3":-325.849,"2003Q2":-209.601,"2003Q1":-244.667,"2002Q4":-235.072,"2002Q3":-328.251,"2002Q2":-237.679,"2002Q1":-234.558,"2001Q4":-201.4,"2001Q3":-359.498,"2001Q2":-286.649,"2001Q1":-279.29}},{"p":"ELEC.GEN.WAS-MI-99.Q","c":{"2015Q4":282.44644,"2015Q3":290.33893,"2015Q2":280.19481,"2015Q1":250.13046,"2014Q4":271.2294,"2014Q3":292.12691,"2014Q2":270.33051,"2014Q1":221.4187,"2013Q4":239.64662,"2013Q3":254.63948,"2013Q2":291.88381,"2013Q1":201.51811,"2012Q4":257.41448,"2012Q3":279.51778,"2012Q2":237.50268,"2012Q1":181.79172,"2011Q4":224.84874,"2011Q3":221.43573,"2011Q2":211.62564,"2011Q1":169.3336,"2010Q4":138.15102,"2010Q3":200.17478,"2010Q2":243.43738,"2010Q1":220.61285,"2009Q4":226.11968,"2009Q3":215.42573,"2009Q2":225.64252,"2009Q1":166.82359,"2008Q4":168.46083,"2008Q3":196.82256,"2008Q2":210.98149,"2008Q1":163.2717,"2007Q4":175.23025,"2007Q3":209.71971,"2007Q2":200.61182,"2007Q1":136.26011,"2006Q4":181.28588,"2006Q3":195.40611,"2006Q2":182.40172,"2006Q1":177.72904,"2005Q4":179.55973,"2005Q3":192.90736,"2005Q2":189.42559,"2005Q1":154.66805,"2004Q4":168.83757,"2004Q3":186.41797,"2004Q2":180.10873,"2004Q1":154.57137,"2003Q4":171.66823,"2003Q3":189.63639,"2003Q2":181.02912,"2003Q1":184.98053,"2002Q4":172.93093,"2002Q3":212.90843,"2002Q2":178.24221,"2002Q1":181.04305,"2001Q4":186.20244,"2001Q3":190.04845,"2001Q2":142.32874,"2001Q1":142.54023}},{"p":"ELEC.GEN.WWW-MI-99.Q","c":{"2015Q4":329.78448,"2015Q3":382.7483,"2015Q2":331.44046,"2015Q1":402.66655,"2014Q4":441.1625,"2014Q3":429.67372,"2014Q2":414.29188,"2014Q1":466.00059,