{"p":"MN","c":[{"p":"ELEC.GEN.NUC-MN-99.Q","c":{"2015Q4":2820.612,"2015Q3":3759.542,"2015Q2":2283.373,"2015Q1":3175.079,"2014Q4":2461.863,"2014Q3":3504.263,"2014Q2":3462.697,"2014Q1":3278.343,"2013Q4":2482.376,"2013Q3":2874.965,"2013Q2":2230.465,"2013Q1":3119.911,"2012Q4":2740.771,"2012Q3":3306.581,"2012Q2":2767.096,"2012Q1":3129.342,"2011Q4":3077.131,"2011Q3":3522.628,"2011Q2":2108.763,"2011Q1":3250.003,"2010Q4":3380.784,"2010Q3":3503.687,"2010Q2":2997.413,"2010Q1":3596.162,"2009Q4":2933.896,"2009Q3":3313.486,"2009Q2":2847.833,"2009Q1":3298.21,"2008Q4":3231.43,"2008Q3":3124.07,"2008Q2":3555.355,"2008Q1":3085.983,"2007Q4":3646.272,"2007Q3":3568.884,"2007Q2":2869.556,"2007Q1":3018.288,"2006Q4":3267.413,"2006Q3":3523.507,"2006Q2":3019.323,"2006Q1":3373.175,"2005Q4":3702.209,"2005Q3":3562.296,"2005Q2":2611.949,"2005Q1":2958.765,"2004Q4":2926.277,"2004Q3":3258.77,"2004Q2":3460.61,"2004Q1":3649.845,"2003Q4":3510.054,"2003Q3":3312.648,"2003Q2":2983.511,"2003Q1":3607.615,"2002Q4":3407.136,"2002Q3":3570.881,"2002Q2":3562.126,"2002Q1":3144.681,"2001Q4":2993.918,"2001Q3":3031.344,"2001Q2":3166.425,"2001Q1":2597.34}},{"p":"ELEC.GEN.OOG-MN-99.Q","c":{"2011Q4":0,"2011Q3":0,"2011Q2":0,"2011Q1":0,"2010Q4":0,"2010Q3":0,"2010Q2":0,"2010Q1":0,"2009Q4":6.15039,"2009Q3":6.83778,"2009Q2":6.08024,"2009Q1":5.04368,"2008Q4":9.98853,"2008Q3":6.29544,"2008Q2":3.18897,"2008Q1":7.04686,"2007Q4":6.24803,"2007Q3":7.23054,"2007Q2":7.03389,"2007Q1":5.33105}},{"p":"ELEC.GEN.AOR-MN-99.Q","c":{"2015Q4":3372.05565,"2015Q3":2199.6033,"2015Q2":2836.5333,"2015Q1":3192.2974,"2014Q4":3223.2209,"2014Q3":2033.86556,"2014Q2":2804.53161,"2014Q1":3395.22195,"2013Q4":2690.88452,"2013Q3":1938.08049,"2013Q2":2504.56398,"2013Q1":2737.758,"2012Q4":2632.92068,"2012Q3":1752.10318,"2012Q2":2512.12646,"2012Q1":2556.72019,"2011Q4":2691.82277,"2011Q3":1334.38747,"2011Q2":2243.51823,"2011Q1":2136.38304,"2010Q4":1943.87102,"2010Q3":1422.45684,"2010Q2":1649.6965,"2010Q1":1623.60849,"2009Q4":1736.12788,"2009Q3":1305.61154,"2009Q2":1754.9242,"2009Q1":1939.99377,"2008Q4":1790.85814,"2008Q3":1240.13483,"2008Q2":1446.02825,"2008Q1":1373.86129,"2007Q4":1116.38635,"2007Q3":795.15007,"2007Q2":974.62265,"2007Q1":1046.47881,"2006Q4":863.79703,"2006Q3":619.14803,"2006Q2":754.26683,"2006Q1":821.67196,"2005Q4":751.16003,"2005Q3":601.95767,"2005Q2":692.85085,"2005Q1":606.13941,"2004Q4":492.19732,"2004Q3":408.26409,"2004Q2":442.90033,"2004Q1":453.68847,"2003Q4":587.51694,"2003Q3":484.77237,"2003Q2":501.72373,"2003Q1":546.61557,"2002Q4":429.94643,"2002Q3":362.76892,"2002Q2":462.29761,"2002Q1":531.67217,"2001Q4":560.6796,"2001Q3":424.23807,"2001Q2":505.26075,"2001Q1":486.93418}},{"p":"ELEC.GEN.HYC-MN-99.Q","c":{"2015Q4":113.8997,"2015Q3":null,"2015Q2":131.16214,"2015Q1":158.26467,"2014Q4":89.89557,"2014Q3":119.68665,"2014Q2":225.77581,"2014Q1":113.13017,"2013Q4":84.61434,"2013Q3":102.81349,"2013Q2":285.39612,"2013Q1":38.28812,"2012Q4":44.4965,"2012Q3":55.70616,"2012Q2":307.98379,"2012Q1":152.8351,"2011Q4":88.92688,"2011Q3":188.09198,"2011Q2":266.17379,"2011Q1":202.95538,"2010Q4":243.51304,"2010Q3":212.92234,"2010Q2":193.13231,"2010Q1":190.8421,"2009Q4":207.80704,"2009Q3":126.85219,"2009Q2":293.16395,"2009Q1":181.2644,"2008Q4":168.82768,"2008Q3":116.45039,"2008Q2":266.00002,"2008Q1":175.78253,"2007Q4":257.6934,"2007Q3":81.33228,"2007Q2":220.22862,"2007Q1":94.56754,"2006Q4":119.12958,"2006Q3":140.10327,"2006Q2":154.36406,"2006Q1":158.13334,"2005Q4":159.82915,"2005Q3":187.57849,"2005Q2":214.95329,"2005Q1":212.36768,"2004Q4":215.76795,"2004Q3":203.70034,"2004Q2":211.28632,"2004Q1":107.55668,"2003Q4":184.562,"2003Q3":292.373,"2003Q2":205.446,"2003Q1":132.192,"2002Q4":179.203,"2002Q3":256.993,"2002Q2":216.336,"2002Q1":156.552,"2001Q4":203.345,"2001Q3":153.657,"2001Q2":297.201,"2001Q1":177.413}},{"p":"ELEC.GEN.SUN-MN-99.Q","c":{"2015Q4":null,"2015Q3":null,"2015Q2":null,"2015Q1":null,"2014Q4":0.60398,"2014Q3":0.82424,"2014Q2":0.78531,"2014Q1":0.43949,"2013Q4":0.79086,"2013Q3":0.81214,"2013Q2":0.69217,"2013Q1":0.41083,"2012Q4":0,"2012Q3":0,"2012Q2":0,"2012Q1":0}},{"p":"ELEC.GEN.WND-MN-99.Q","c":{"2015Q4":2919.79669,"2015Q3":1722.75097,"2015Q2":2387.57411,"2015Q1":2766.76861,"2014Q4":2775.79215,"2014Q3":1558.03532,"2014Q2":2387.29428,"2014Q1":2969.89736,"2013Q4":2302.28918,"2013Q3":1486.003,"2013Q2":2139.16649,"2013Q1":2331.29209,"2012Q4":2154.0154,"2012Q3":1270.64143,"2012Q2":2088.80805,"2012Q1":2101.94312,"2011Q4":2272.53732,"2011Q3":921.32541,"2011Q2":1832.60244,"2011Q1":1699.23027,"2010Q4":1471.80703,"2010Q3":940.56581,"2010Q2":1216.10288,"2010Q1":1163.2472,"2009Q4":1288.67218,"2009Q3":843.47973,"2009Q2":1352.20605,"2009Q1":1568.66438,"2008Q4":1436.47921,"2008Q3":818.66217,"2008Q2":1075.1974,"2008Q1":1024.28118,"2007Q4":739.57879,"2007Q3":458.29111,"2007Q2":681.81481,"2007Q1":759.12729,"2006Q4":614.81788,"2006Q3":354.96871,"2006Q2":517.25007,"2006Q1":567.91034,"2005Q4":470.659,"2005Q3":324.20334,"2005Q2":432.43096,"2005Q1":355.18371,"2004Q4":249.21118,"2004Q3":154.24987,"2004Q2":202.77224,"2004Q1":206.13761,"2003Q4":291.542,"2003Q3":194.846,"2003Q2":217.115,"2003Q1":274.256,"2002Q4":224.687,"2002Q3":165.681,"2002Q2":255.784,"2002Q1":259.686,"2001Q4":280.726,"2001Q3":160.488,"2001Q2":228.961,"2001Q1":226.843}},{"p":"ELEC.GEN.SPV-MN-99.Q","c":{"2015Q4":null,"2015Q3":null,"2015Q2":null,"2015Q1":null,"2014Q4":0.60398,"2014Q3":0.82424,"2014Q2":0.78531,"2014Q1":0.43949,"2013Q4":0.79086,"2013Q3":0.81214,"2013Q2":0.69217,"2013Q1":0.41083,"2012Q4":0,"2012Q3":0,"2012Q2":0,"2012Q1":0}},{"p":"ELEC.GEN.WAS-MN-99.Q","c":{"2015Q4":165.03684,"2015Q3":166.07624,"2015Q2":166.31499,"2015Q1":145.36842,"2014Q4":151.22616,"2014Q3":153.28052,"2014Q2":160.67313,"2014Q1":149.06129,"2013Q4":143.78145,"2013Q3":160.56147,"2013Q2":138.06212,"2013Q1":131.8405,"2012Q4":250.16239,"2012Q3":260.28743,"2012Q2":245.30844,"2012Q1":243.45859,"2011Q4":239.09529,"2011Q3":240.84566,"2011Q2":232.48403,"2011Q1":219.78042,"2010Q4":244.93764,"2010Q3":242.3793,"2010Q2":215.46462,"2010Q1":212.57061,"2009Q4":214.79892,"2009Q3":249.31208,"2009Q2":238.42736,"2009Q1":184.76545,"2008Q4":185.7499,"2008Q3":224.28694,"2008Q2":196.04717,"2008Q1":164.95832,"2007Q4":193.00533,"2007Q3":153.57853,"2007Q2":112.58839,"2007Q1":107.199,"2006Q4":104.07951,"2006Q3":106.32238,"2006Q2":103.57701,"2006Q1":100.2875,"2005Q4":102.65416,"2005Q3":109.05267,"2005Q2":105.36161,"2005Q1":96.21299,"2004Q4":83.31524,"2004Q3":82.99301,"2004Q2":83.08313,"2004Q1":82.88657,"2003Q4":128.07194,"2003Q3":123.54237,"2003Q2":123.89173,"2003Q1":110.80957,"2002Q4":131.15843,"2002Q3":134.44892,"2002Q2":122.99061,"2002Q1":114.85717,"2001Q4":125.8616,"2001Q3":128.25307,"2001Q2":138.08075,"2001Q1":113.18818}},{"p":"ELEC.GEN.WWW-MN-99.Q","c":{"2015Q4":286.2569,"2015Q3":309.8047,"2015Q2":281.63906,"2015Q1":279.49159,"2014Q4":295.59862,"2014Q3":321.72549,"2014Q2":255.77891,"2014Q1":275.82381,"2013Q4":244.02304,"2013Q3":290.70386,"2013Q2":226.6432,"2013Q1":274.21459,"2012Q4":228.74288,"2012Q3":221.17432,"2012Q2":178.00998,"2012Q1":211.31849,"2011Q4":180.19016,"2011Q3":172.21639,"2011Q2":178.43177,"2011Q1":217.37235,"2010Q4":227.12635,"2010Q3":239.51173,"2010Q2":218.129,"2010Q1":247.79067,"2009Q4":232.65678,"2009Q3":212.81975,"2009Q2":164.2908,"2009Q1":186.56396,"2008Q4":168.62903,"2008Q3":197.18573,"2008Q2":174.78368,"2008Q1":184.6218,"2007Q4":183.80223,"2007Q3":183.28044,"2007Q2":180.21946,"2007Q1":180.15252,"2006Q4":144.89963,"2006Q3":157.85695,"2006Q2":133.43975,"2006Q1":153.47413,"2005Q4":177.84686,"2005Q3":168.70166,"2005Q2":155.0583,"2005Q1":154.74272,"2004Q4":159.6709,"2004Q3":171.02122,"2004Q2":157.04495,"2004Q1":164.6643,"2003Q4":167.904,"2003Q3":166.384,"2003Q2":160.718,"2003Q1":161.548,"2002Q4":74.101,"2002Q3":62.639,"2002Q2":83.523,"2002Q1":157.129,"2001Q4":154.092,"2001Q3":135.497,"2001Q2":138.219,"2001Q1":146.903}},{"p":"ELEC.GEN.TSN-MN-99.Q","c":{"2015Q4":null,"2015Q3":null,"2015Q2":null,"2015Q1":null,"2014Q4":4.29252,"2014Q3":7.15098,"2014Q2":6.44001,"2014Q1":3.36971}},{"p":"ELEC.GEN.DPV-MN-99.Q",