{"p":"MN","c":[{"p":"ELEC.GEN.NUC-MN-99.Q","v":{"_2015Q4":2820.612,"_2015Q3":3759.542,"_2015Q2":2283.373,"_2015Q1":3175.079,"_2014Q4":2461.863,"_2014Q3":3504.263,"_2014Q2":3462.697,"_2014Q1":3278.343,"_2013Q4":2482.376,"_2013Q3":2874.965,"_2013Q2":2230.465,"_2013Q1":3119.911,"_2012Q4":2740.771,"_2012Q3":3306.581,"_2012Q2":2767.096,"_2012Q1":3129.342,"_2011Q4":3077.131,"_2011Q3":3522.628,"_2011Q2":2108.763,"_2011Q1":3250.003,"_2010Q4":3380.784,"_2010Q3":3503.687,"_2010Q2":2997.413,"_2010Q1":3596.162,"_2009Q4":2933.896,"_2009Q3":3313.486,"_2009Q2":2847.833,"_2009Q1":3298.21,"_2008Q4":3231.43,"_2008Q3":3124.07,"_2008Q2":3555.355,"_2008Q1":3085.983,"_2007Q4":3646.272,"_2007Q3":3568.884,"_2007Q2":2869.556,"_2007Q1":3018.288,"_2006Q4":3267.413,"_2006Q3":3523.507,"_2006Q2":3019.323,"_2006Q1":3373.175,"_2005Q4":3702.209,"_2005Q3":3562.296,"_2005Q2":2611.949,"_2005Q1":2958.765,"_2004Q4":2926.277,"_2004Q3":3258.77,"_2004Q2":3460.61,"_2004Q1":3649.845,"_2003Q4":3510.054,"_2003Q3":3312.648,"_2003Q2":2983.511,"_2003Q1":3607.615,"_2002Q4":3407.136,"_2002Q3":3570.881,"_2002Q2":3562.126,"_2002Q1":3144.681,"_2001Q4":2993.918,"_2001Q3":3031.344,"_2001Q2":3166.425,"_2001Q1":2597.34}},{"p":"ELEC.GEN.OOG-MN-99.Q","v":{"_2011Q4":0,"_2011Q3":0,"_2011Q2":0,"_2011Q1":0,"_2010Q4":0,"_2010Q3":0,"_2010Q2":0,"_2010Q1":0,"_2009Q4":6.15039,"_2009Q3":6.83778,"_2009Q2":6.08024,"_2009Q1":5.04368,"_2008Q4":9.98853,"_2008Q3":6.29544,"_2008Q2":3.18897,"_2008Q1":7.04686,"_2007Q4":6.24803,"_2007Q3":7.23054,"_2007Q2":7.03389,"_2007Q1":5.33105}},{"p":"ELEC.GEN.AOR-MN-99.Q","v":{"_2015Q4":3372.05565,"_2015Q3":2199.6033,"_2015Q2":2836.5333,"_2015Q1":3192.2974,"_2014Q4":3223.2209,"_2014Q3":2033.86556,"_2014Q2":2804.53161,"_2014Q1":3395.22195,"_2013Q4":2690.88452,"_2013Q3":1938.08049,"_2013Q2":2504.56398,"_2013Q1":2737.758,"_2012Q4":2632.92068,"_2012Q3":1752.10318,"_2012Q2":2512.12646,"_2012Q1":2556.72019,"_2011Q4":2691.82277,"_2011Q3":1334.38747,"_2011Q2":2243.51823,"_2011Q1":2136.38304,"_2010Q4":1943.87102,"_2010Q3":1422.45684,"_2010Q2":1649.6965,"_2010Q1":1623.60849,"_2009Q4":1736.12788,"_2009Q3":1305.61154,"_2009Q2":1754.9242,"_2009Q1":1939.99377,"_2008Q4":1790.85814,"_2008Q3":1240.13483,"_2008Q2":1446.02825,"_2008Q1":1373.86129,"_2007Q4":1116.38635,"_2007Q3":795.15007,"_2007Q2":974.62265,"_2007Q1":1046.47881,"_2006Q4":863.79703,"_2006Q3":619.14803,"_2006Q2":754.26683,"_2006Q1":821.67196,"_2005Q4":751.16003,"_2005Q3":601.95767,"_2005Q2":692.85085,"_2005Q1":606.13941,"_2004Q4":492.19732,"_2004Q3":408.26409,"_2004Q2":442.90033,"_2004Q1":453.68847,"_2003Q4":587.51694,"_2003Q3":484.77237,"_2003Q2":501.72373,"_2003Q1":546.61557,"_2002Q4":429.94643,"_2002Q3":362.76892,"_2002Q2":462.29761,"_2002Q1":531.67217,"_2001Q4":560.6796,"_2001Q3":424.23807,"_2001Q2":505.26075,"_2001Q1":486.93418}},{"p":"ELEC.GEN.HYC-MN-99.Q","v":{"_2015Q4":113.8997,"_2015Q3":null,"_2015Q2":131.16214,"_2015Q1":158.26467,"_2014Q4":89.89557,"_2014Q3":119.68665,"_2014Q2":225.77581,"_2014Q1":113.13017,"_2013Q4":84.61434,"_2013Q3":102.81349,"_2013Q2":285.39612,"_2013Q1":38.28812,"_2012Q4":44.4965,"_2012Q3":55.70616,"_2012Q2":307.98379,"_2012Q1":152.8351,"_2011Q4":88.92688,"_2011Q3":188.09198,"_2011Q2":266.17379,"_2011Q1":202.95538,"_2010Q4":243.51304,"_2010Q3":212.92234,"_2010Q2":193.13231,"_2010Q1":190.8421,"_2009Q4":207.80704,"_2009Q3":126.85219,"_2009Q2":293.16395,"_2009Q1":181.2644,"_2008Q4":168.82768,"_2008Q3":116.45039,"_2008Q2":266.00002,"_2008Q1":175.78253,"_2007Q4":257.6934,"_2007Q3":81.33228,"_2007Q2":220.22862,"_2007Q1":94.56754,"_2006Q4":119.12958,"_2006Q3":140.10327,"_2006Q2":154.36406,"_2006Q1":158.13334,"_2005Q4":159.82915,"_2005Q3":187.57849,"_2005Q2":214.95329,"_2005Q1":212.36768,"_2004Q4":215.76795,"_2004Q3":203.70034,"_2004Q2":211.28632,"_2004Q1":107.55668,"_2003Q4":184.562,"_2003Q3":292.373,"_2003Q2":205.446,"_2003Q1":132.192,"_2002Q4":179.203,"_2002Q3":256.993,"_2002Q2":216.336,"_2002Q1":156.552,"_2001Q4":203.345,"_2001Q3":153.657,"_2001Q2":297.201,"_2001Q1":177.413}},{"p":"ELEC.GEN.SUN-MN-99.Q","v":{"_2015Q4":null,"_2015Q3":null,"_2015Q2":null,"_2015Q1":null,"_2014Q4":0.60398,"_2014Q3":0.82424,"_2014Q2":0.78531,"_2014Q1":0.43949,"_2013Q4":0.79086,"_2013Q3":0.81214,"_2013Q2":0.69217,"_2013Q1":0.41083,"_2012Q4":0,"_2012Q3":0,"_2012Q2":0,"_2012Q1":0}},{"p":"ELEC.GEN.WND-MN-99.Q","v":{"_2015Q4":2919.79669,"_2015Q3":1722.75097,"_2015Q2":2387.57411,"_2015Q1":2766.76861,"_2014Q4":2775.79215,"_2014Q3":1558.03532,"_2014Q2":2387.29428,"_2014Q1":2969.89736,"_2013Q4":2302.28918,"_2013Q3":1486.003,"_2013Q2":2139.16649,"_2013Q1":2331.29209,"_2012Q4":2154.0154,"_2012Q3":1270.64143,"_2012Q2":2088.80805,"_2012Q1":2101.94312,"_2011Q4":2272.53732,"_2011Q3":921.32541,"_2011Q2":1832.60244,"_2011Q1":1699.23027,"_2010Q4":1471.80703,"_2010Q3":940.56581,"_2010Q2":1216.10288,"_2010Q1":1163.2472,"_2009Q4":1288.67218,"_2009Q3":843.47973,"_2009Q2":1352.20605,"_2009Q1":1568.66438,"_2008Q4":1436.47921,"_2008Q3":818.66217,"_2008Q2":1075.1974,"_2008Q1":1024.28118,"_2007Q4":739.57879,"_2007Q3":458.29111,"_2007Q2":681.81481,"_2007Q1":759.12729,"_2006Q4":614.81788,"_2006Q3":354.96871,"_2006Q2":517.25007,"_2006Q1":567.91034,"_2005Q4":470.659,"_2005Q3":324.20334,"_2005Q2":432.43096,"_2005Q1":355.18371,"_2004Q4":249.21118,"_2004Q3":154.24987,"_2004Q2":202.77224,"_2004Q1":206.13761,"_2003Q4":291.542,"_2003Q3":194.846,"_2003Q2":217.115,"_2003Q1":274.256,"_2002Q4":224.687,"_2002Q3":165.681,"_2002Q2":255.784,"_2002Q1":259.686,"_2001Q4":280.726,"_2001Q3":160.488,"_2001Q2":228.961,"_2001Q1":226.843}},{"p":"ELEC.GEN.SPV-MN-99.Q","v":{"_2015Q4":null,"_2015Q3":null,"_2015Q2":null,"_2015Q1":null,"_2014Q4":0.60398,"_2014Q3":0.82424,"_2014Q2":0.78531,"_2014Q1":0.43949,"_2013Q4":0.79086,"_2013Q3":0.81214,"_2013Q2":0.69217,"_2013Q1":0.41083,"_2012Q4":0,"_2012Q3":0,"_2012Q2":0,"_2012Q1":0}},{"p":"ELEC.GEN.WAS-MN-99.Q","v":{"_2015Q4":165.03684,"_2015Q3":166.07624,"_2015Q2":166.31499,"_2015Q1":145.36842,"_2014Q4":151.22616,"_2014Q3":153.28052,"_2014Q2":160.67313,"_2014Q1":149.06129,"_2013Q4":143.78145,"_2013Q3":160.56147,"_2013Q2":138.06212,"_2013Q1":131.8405,"_2012Q4":250.16239,"_2012Q3":260.28743,"_2012Q2":245.30844,"_2012Q1":243.45859,"_2011Q4":239.09529,"_2011Q3":240.84566,"_2011Q2":232.48403,"_2011Q1":219.78042,"_2010Q4":244.93764,"_2010Q3":242.3793,"_2010Q2":215.46462,"_2010Q1":212.57061,"_2009Q4":214.79892,"_2009Q3":249.31208,"_2009Q2":238.42736,"_2009Q1":184.76545,"_2008Q4":185.7499,"_2008Q3":224.28694,"_2008Q2":196.04717,"_2008Q1":164.95832,"_2007Q4":193.00533,"_2007Q3":153.57853,"_2007Q2":112.58839,"_2007Q1":107.199,"_2006Q4":104.07951,"_2006Q3":106.32238,"_2006Q2":103.57701,"_2006Q1":100.2875,"_2005Q4":102.65416,"_2005Q3":109.05267,"_2005Q2":105.36161,"_2005Q1":96.21299,"_2004Q4":83.31524,"_2004Q3":82.99301,"_2004Q2":83.08313,"_2004Q1":82.88657,"_2003Q4":128.07194,"_2003Q3":123.54237,"_2003Q2":123.89173,"_2003Q1":110.80957,"_2002Q4":131.15843,"_2002Q3":134.44892,"_2002Q2":122.99061,"_2002Q1":114.85717,"_2001Q4":125.8616,"_2001Q3":128.25307,"_2001Q2":138.08075,"_2001Q1":113.18818}},{"p":"ELEC.GEN.WWW-MN-99.Q","v":{"_2015Q4":286.2569,"_2015Q3":309.8047,"_2015Q2":281.63906,"_2015Q1":279.49159,"_2014Q4":295.59862,"_2014Q3":321.72549,"_2014Q2":255.77891,"_2014Q1":275.82381,"_2013Q4":244.02304,"_2013Q3":290.70386,"_2013Q2":226.6432,"_2013Q1":274.21459,"_2012Q4":228.74288,"_2012Q3":221.17432,"_2012Q2":178.00998,"_2012Q1":211.31849,"_2011Q4":180.19016,"_2011Q3":172.21639,"_2011Q2":178.43177,"_2011Q1":217.37235,"_2010Q4":227.12635,"_2010Q3":239.51173,"_2010Q2":218.129,"_2010Q1":247.79067,"_2009Q4":232.65678,"_2009Q3":212.81975,"_2009Q2":164.2908,"_2009Q1":186.56396,"_2008Q4":168.62903,"_2008Q3":197.18573,"_2008Q2":174.78368,"_2008Q1":184.6218,"_2007Q4":183.80223,"_2007Q3":183.28044,"_2007Q2":180.21946,"_2007Q1":180.15252,"_2006Q4":144.89963,"_2006Q3":157.85695,"_2006Q2":133.43975,"_2006Q1":153.47413,"_2005Q4":177.84686,"_2005Q3":168.70166,"_2005Q2":155.0583,"_2005Q1":154.74272,"_2004Q4":159.6709,"_2004Q3":171.02122,"_2004Q2":157.04495,"_2004Q1":164.6643,