{"p":"MO","c":[{"p":"ELEC.GEN.NUC-MO-99.Q","v":{"_2015Q4":2719.38,"_2015Q3":2493.453,"_2015Q2":2647.936,"_2015Q1":2579.313,"_2014Q4":1293.933,"_2014Q3":2652.25,"_2014Q2":2651.805,"_2014Q1":2678.368,"_2013Q4":2728.256,"_2013Q3":1911.986,"_2013Q2":1076.923,"_2013Q1":2649.938,"_2012Q4":2721.855,"_2012Q3":2658.139,"_2012Q2":2643.622,"_2012Q1":2694.713,"_2011Q4":1442.786,"_2011Q3":2632.729,"_2011Q2":2653.975,"_2011Q1":2641.833,"_2010Q4":2720.213,"_2010Q3":2653.242,"_2010Q2":939.643,"_2010Q1":2682.935,"_2009Q4":2736.9,"_2009Q3":2676.662,"_2009Q2":2542.626,"_2009Q1":2290.928,"_2008Q4":1415.918,"_2008Q3":2637.8,"_2008Q2":2646.26,"_2008Q1":2678.651,"_2007Q4":2715.008,"_2007Q3":2653.088,"_2007Q2":1476.984,"_2007Q1":2526.875,"_2006Q4":2716.376,"_2006Q3":2658.105,"_2006Q2":2077.19,"_2006Q1":2664.989,"_2005Q4":1204.496,"_2005Q3":2142.739,"_2005Q2":2395.313,"_2005Q1":2288.029,"_2004Q4":2582.401,"_2004Q3":2556.127,"_2004Q2":627.353,"_2004Q1":2064.812,"_2003Q4":2457.344,"_2003Q3":2531.466,"_2003Q2":2468.255,"_2003Q1":2242.524,"_2002Q4":1397.039,"_2002Q3":2498.51,"_2002Q2":2467.608,"_2002Q1":2026.472,"_2001Q4":2433.182,"_2001Q3":2508.938,"_2001Q2":1100.704,"_2001Q1":2341.416}},{"p":"ELEC.GEN.OOG-MO-99.Q","v":{"_2010Q4":1.4602,"_2010Q3":1.65067,"_2010Q2":2.01028,"_2010Q1":1.86857,"_2009Q4":1.65997,"_2009Q3":1.84868,"_2009Q2":1.64488,"_2009Q1":1.3784,"_2008Q4":0.95988,"_2008Q3":0.62053,"_2008Q2":0.31099,"_2008Q1":0.69535,"_2007Q4":0.63579,"_2007Q3":0.98613,"_2007Q2":0.99583,"_2007Q1":0.78229,"_2006Q4":1.51,"_2006Q3":1.427,"_2006Q2":1.225,"_2006Q1":0.929,"_2005Q4":0.775,"_2005Q3":0.657,"_2005Q2":0.459,"_2005Q1":0.492,"_2004Q4":0.856,"_2004Q3":0.777,"_2004Q2":0.142,"_2004Q1":0.625,"_2003Q4":0.477,"_2003Q3":0.284,"_2003Q2":0.444,"_2003Q1":0.447}},{"p":"ELEC.GEN.AOR-MO-99.Q","v":{"_2015Q4":361.80354,"_2015Q3":208.29299,"_2015Q2":267.04896,"_2015Q1":320.82773,"_2014Q4":346.09592,"_2014Q3":205.89792,"_2014Q2":325.90791,"_2014Q1":377.54482,"_2013Q4":336.40915,"_2013Q3":204.64554,"_2013Q2":322.04115,"_2013Q1":377.78121,"_2012Q4":354.36745,"_2012Q3":206.22041,"_2012Q2":342.32899,"_2012Q1":395.66205,"_2011Q4":357.4761,"_2011Q3":191.04541,"_2011Q2":372.00578,"_2011Q1":319.8776,"_2010Q4":330.03941,"_2010Q3":226.73829,"_2010Q2":244.44191,"_2010Q1":186.37764,"_2009Q4":220.29395,"_2009Q3":107.14344,"_2009Q2":144.22234,"_2009Q1":103.14492,"_2008Q4":86.08853,"_2008Q3":59.34065,"_2008Q2":60.31054,"_2008Q1":40.286,"_2007Q4":7.35258,"_2007Q3":7.4365,"_2007Q2":6.88385,"_2007Q1":7.63647,"_2006Q4":8.17445,"_2006Q3":7.75157,"_2006Q2":5.62428,"_2006Q1":2.42057,"_2005Q4":2.20392,"_2005Q3":2.25602,"_2005Q2":2.18068,"_2005Q1":1.95696,"_2004Q4":2.33936,"_2004Q3":2.46414,"_2004Q2":2.63975,"_2004Q1":2.19114,"_2003Q4":2.039,"_2003Q3":2.31712,"_2003Q2":1.878,"_2003Q1":2.24305,"_2002Q4":1.913,"_2002Q3":2.36,"_2002Q2":2.271,"_2002Q1":2.159,"_2001Q4":1.79855,"_2001Q3":2.16761,"_2001Q2":2.41167,"_2001Q1":2.42007}},{"p":"ELEC.GEN.HYC-MO-99.Q","v":{"_2015Q4":363.7546,"_2015Q3":508.01219,"_2015Q2":521.17723,"_2015Q1":185.94895,"_2014Q4":162.54876,"_2014Q3":146.06341,"_2014Q2":196.39993,"_2014Q1":192.32392,"_2013Q4":129.35898,"_2013Q3":263.88825,"_2013Q2":605.84641,"_2013Q1":137.33337,"_2012Q4":44.59219,"_2012Q3":61.09291,"_2012Q2":304.06569,"_2012Q1":304.5182,"_2011Q4":135.6124,"_2011Q3":157.62195,"_2011Q2":568.14201,"_2011Q1":323.76765,"_2010Q4":131.78767,"_2010Q3":324.58914,"_2010Q2":541.13552,"_2010Q1":541.83467,"_2009Q4":588.14109,"_2009Q3":197.13064,"_2009Q2":738.66064,"_2009Q1":292.76063,"_2008Q4":212.25318,"_2008Q3":624.23543,"_2008Q2":772.8172,"_2008Q1":437.4672,"_2007Q4":62.26556,"_2007Q3":378.22883,"_2007Q2":480.83643,"_2007Q1":282.99518,"_2006Q4":21.83221,"_2006Q3":79.16479,"_2006Q2":68.48509,"_2006Q1":29.73191,"_2005Q4":67.05497,"_2005Q3":199.04242,"_2005Q2":269.39554,"_2005Q1":623.83307,"_2004Q4":392.91105,"_2004Q3":269.47874,"_2004Q2":460.24652,"_2004Q1":357.27759,"_2003Q4":128.419,"_2003Q3":191.341,"_2003Q2":200.589,"_2003Q1":132.128,"_2002Q4":87.471,"_2002Q3":188.093,"_2002Q2":780.602,"_2002Q1":300.761,"_2001Q4":134.265,"_2001Q3":308.189,"_2001Q2":337.833,"_2001Q1":323.847}},{"p":"ELEC.GEN.SUN-MO-99.Q","v":{"_2015Q4":null,"_2015Q3":null,"_2015Q2":null,"_2015Q1":null,"_2014Q4":2.64797,"_2014Q3":3.61363,"_2014Q2":2.10683,"_2014Q1":0.33858}},{"p":"ELEC.GEN.WND-MO-99.Q","v":{"_2015Q4":332.81391,"_2015Q3":173.78263,"_2015Q2":237.63631,"_2015Q1":289.716,"_2014Q4":316.16086,"_2014Q3":170.44386,"_2014Q2":293.56769,"_2014Q1":350.93259,"_2013Q4":314.20337,"_2013Q3":189.04469,"_2013Q2":304.89057,"_2013Q1":358.72337,"_2012Q4":341.05457,"_2012Q3":191.80551,"_2012Q2":329.72687,"_2012Q1":382.19107,"_2011Q4":342.96149,"_2011Q3":174.27535,"_2011Q2":353.65313,"_2011Q1":307.32202,"_2010Q4":319.61818,"_2010Q3":211.2567,"_2010Q2":232.788,"_2010Q1":161.82713,"_2009Q4":200.84507,"_2009Q3":88.86259,"_2009Q2":123.52153,"_2009Q1":86.14783,"_2008Q4":72.39971,"_2008Q3":47.51306,"_2008Q2":52.03875,"_2008Q1":31.36149}},{"p":"ELEC.GEN.SPV-MO-99.Q","v":{"_2015Q4":null,"_2015Q3":null,"_2015Q2":null,"_2015Q1":null,"_2014Q4":2.64797,"_2014Q3":3.61363,"_2014Q2":2.10683,"_2014Q1":0.33858}},{"p":"ELEC.GEN.HPS-MO-99.Q","v":{"_2015Q4":65.469,"_2015Q3":120.335,"_2015Q2":163.614,"_2015Q1":-1.669,"_2014Q4":29.218,"_2014Q3":-10.86,"_2014Q2":2.121,"_2014Q1":-1.626,"_2013Q4":9.613,"_2013Q3":32.814,"_2013Q2":226.21,"_2013Q1":27.438,"_2012Q4":-19.429,"_2012Q3":-49.737,"_2012Q2":63.212,"_2012Q1":39.398,"_2011Q4":-14.15,"_2011Q3":-23.186,"_2011Q2":106.055,"_2011Q1":45.535,"_2010Q4":133.449,"_2010Q3":279.358,"_2010Q2":315.061,"_2010Q1":159.818,"_2009Q4":169.049,"_2009Q3":49.716,"_2009Q2":273.3,"_2009Q1":74.648,"_2008Q4":65.973,"_2008Q3":200.036,"_2008Q2":184.524,"_2008Q1":94.822,"_2007Q4":10.911,"_2007Q3":151.346,"_2007Q2":173.881,"_2007Q1":47.335,"_2006Q4":-0.743,"_2006Q3":8.342,"_2006Q2":37.035,"_2006Q1":2.918,"_2005Q4":-42.44221,"_2005Q3":-35.4581,"_2005Q2":24.82155,"_2005Q1":139.01075,"_2004Q4":55.608,"_2004Q3":-13.264,"_2004Q2":38.379,"_2004Q1":34.602,"_2003Q4":-47.549,"_2003Q3":-76.019,"_2003Q2":-55.04,"_2003Q1":-75.383,"_2002Q4":-42.102,"_2002Q3":-57.162,"_2002Q2":-26.164,"_2002Q1":-33.577,"_2001Q4":-56.138,"_2001Q3":-84.966,"_2001Q2":-62.868,"_2001Q1":-61.888}},{"p":"ELEC.GEN.WAS-MO-99.Q","v":{"_2015Q4":18.65388,"_2015Q3":18.53988,"_2015Q2":16.96267,"_2015Q1":17.7373,"_2014Q4":23.55994,"_2014Q3":22.43803,"_2014Q2":21.02427,"_2014Q1":16.20351,"_2013Q4":14.54076,"_2013Q3":15.5869,"_2013Q2":17.15058,"_2013Q1":19.05784,"_2012Q4":13.31288,"_2012Q3":14.41491,"_2012Q2":12.60214,"_2012Q1":13.47098,"_2011Q4":14.46852,"_2011Q3":16.77005,"_2011Q2":18.35266,"_2011Q1":12.55558,"_2010Q4":10.32929,"_2010Q3":15.48158,"_2010Q2":11.65391,"_2010Q1":24.52347,"_2009Q4":19.44696,"_2009Q3":17.75425,"_2009Q2":20.14168,"_2009Q1":15.99515,"_2008Q4":12.62769,"_2008Q3":11.70101,"_2008Q2":8.10344,"_2008Q1":8.66742,"_2007Q4":7.35258,"_2007Q3":7.4365,"_2007Q2":6.88385,"_2007Q1":7.5165,"_2006Q4":8.07845,"_2006Q3":7.75157,"_2006Q2":5.62428,"_2006Q1":2.42057,"_2005Q4":2.20392,"_2005Q3":2.25602,"_2005Q2":2.18068,"_2005Q1":1.95696,"_2004Q4":2.33936,"_2004Q3":2.27214,"_2004Q2":2.63975,"_2004Q1":2.19114,"_2003Q4":2.039,"_2003Q3":2.31712,"_2003Q2":1.878,"_2003Q1":2.06405,"_2002Q4":1.77,"_2002Q3":2.36,"_2002Q2":2.271,"_2002Q1":2.159,"_2001Q4":1.79855,"_2001Q3":2.16761,"_2001Q2":2.41167,"_2001Q1":2.42007}},{"p":"ELEC.GEN.WWW-MO-99.Q","v":{"_2015Q4":5.11833,"_2015Q3":8.3104,"_2015Q2":6.07826,"_2015Q1":9.55374,"_2014Q4":3.72715,"_2014Q3":9.40241,"_2014Q2":9.20914,"_2014Q1":10.07015,"_2013Q4":7.66503,"_2013Q3":0.01395,"_2013Q2":0,"_2013Q1":0,"_2012Q4":0,"_2012Q3":0,"_2012Q2":0,"_2012Q1":0,"_2011Q4":0.04609,"_2011Q3":0,"_2011Q2":0,"_2011Q1":0,"_2010Q4":0.09195,"_2010Q3":0,"_2010Q2":0,"_2010Q1":0.02705,"_2009Q4":0.00194,"_2009Q3":0.5266,"_2009Q2":0.55913,"_2009Q1":1.00197,"_2008Q4":1.06114,"_2008Q3":0.12658,"_2008Q2":0.16835,"_2008Q1":0.2571,"_2007Q4":0,"_2007Q3":0,"_2007Q2":0,"_2007Q1":0.11998,"_2006Q4":0.096,"_2006Q3":0,"_2006Q2":0,"_2006Q1":0,"_2005Q4":0,"_2005Q3":0,