{"p":"MS","c":[{"p":"ELEC.GEN.NUC-MS-99.Q","v":{"_2015Q4":3045.485,"_2015Q3":3002.035,"_2015Q2":2993.746,"_2015Q1":2673.322,"_2014Q4":3136.475,"_2014Q3":2926.937,"_2014Q2":2749.146,"_2014Q1":1439.625,"_2013Q4":2600.998,"_2013Q3":2847.257,"_2013Q2":3080.364,"_2013Q1":2335.89,"_2012Q4":2744.7,"_2012Q3":2871.287,"_2012Q2":254.108,"_2012Q1":1426.039,"_2011Q4":2504.309,"_2011Q3":2637.993,"_2011Q2":2560.579,"_2011Q1":2633.908,"_2010Q4":2767.834,"_2010Q3":2745.345,"_2010Q2":1644.187,"_2010Q1":2485.875,"_2009Q4":2775.441,"_2009Q3":2742.762,"_2009Q2":2736.041,"_2009Q1":2744.271,"_2008Q4":1846.594,"_2008Q3":2483.289,"_2008Q2":2753.965,"_2008Q1":2312.942,"_2007Q4":2807.175,"_2007Q3":2150.511,"_2007Q2":2127.351,"_2007Q1":2273.747,"_2006Q4":2812.539,"_2006Q3":2642.425,"_2006Q2":2283.371,"_2006Q1":2680.251,"_2005Q4":2215.349,"_2005Q3":2385.277,"_2005Q2":2789.609,"_2005Q1":2687.611,"_2004Q4":2841.393,"_2004Q3":2809.958,"_2004Q2":2791.824,"_2004Q1":1789.591,"_2003Q4":2825.196,"_2003Q3":2794.853,"_2003Q2":2575.549,"_2003Q1":2706.858,"_2002Q4":2599.145,"_2002Q3":2135.498,"_2002Q2":2593.649,"_2002Q1":2731.167,"_2001Q4":2785.108,"_2001Q3":2392.223,"_2001Q2":2029.169,"_2001Q1":2717.382}},{"p":"ELEC.GEN.OOG-MS-99.Q","v":{"_2013Q1":0,"_2010Q4":0.09299,"_2010Q3":0.09695,"_2010Q2":0.58224,"_2010Q1":0.8625,"_2009Q4":8.06053,"_2009Q3":7.33034,"_2009Q2":4.29037,"_2009Q1":5.05374,"_2008Q4":10.2959,"_2008Q3":10.42864,"_2008Q2":9.28113,"_2008Q1":10.43963,"_2007Q4":15.04023,"_2007Q3":5.26949,"_2007Q2":9.11822,"_2007Q1":12.89686,"_2006Q4":11.03745,"_2006Q3":10.76493,"_2006Q2":11.09499,"_2006Q1":10.8258,"_2005Q4":4.37409,"_2005Q3":5.33864,"_2005Q2":5.50574,"_2005Q1":4.94793,"_2004Q4":9.85219,"_2004Q3":10.30642,"_2004Q2":10.4508,"_2004Q1":10.13879,"_2003Q4":7.583,"_2003Q3":9.302,"_2003Q2":7.935,"_2003Q1":6.979,"_2002Q4":5.864,"_2002Q3":14.855,"_2002Q2":10.068,"_2002Q1":7.129,"_2001Q4":0}},{"p":"ELEC.GEN.AOR-MS-99.Q","v":{"_2015Q4":368.94731,"_2015Q3":395.53274,"_2015Q2":362.8536,"_2015Q1":344.73132,"_2014Q4":369.91384,"_2014Q3":407.06132,"_2014Q2":353.39596,"_2014Q1":377.57745,"_2013Q4":344.28649,"_2013Q3":397.18384,"_2013Q2":376.17801,"_2013Q1":330.73878,"_2012Q4":359.21806,"_2012Q3":386.65174,"_2012Q2":367.83359,"_2012Q1":395.48654,"_2011Q4":385.5996,"_2011Q3":408.42938,"_2011Q2":339.68123,"_2011Q1":372.36629,"_2010Q4":403.55569,"_2010Q3":391.79282,"_2010Q2":340.40013,"_2010Q1":368.52141,"_2009Q4":387.9869,"_2009Q3":382.23971,"_2009Q2":323.8219,"_2009Q1":330.23052,"_2008Q4":337.19048,"_2008Q3":352.81399,"_2008Q2":304.4524,"_2008Q1":396.8688,"_2007Q4":380.43667,"_2007Q3":387.77536,"_2007Q2":383.53351,"_2007Q1":341.61907,"_2006Q4":392.53737,"_2006Q3":415.42351,"_2006Q2":389.46115,"_2006Q1":343.65998,"_2005Q4":388.6219,"_2005Q3":397.09167,"_2005Q2":387.45989,"_2005Q1":348.52357,"_2004Q4":391.28482,"_2004Q3":417.24112,"_2004Q2":366.00699,"_2004Q1":339.91294,"_2003Q4":269.71679,"_2003Q3":267.77436,"_2003Q2":234.76608,"_2003Q1":249.91876,"_2002Q4":188.97,"_2002Q3":241.886,"_2002Q2":215.213,"_2002Q1":290.524,"_2001Q4":420.261,"_2001Q3":413.072,"_2001Q2":314.29628,"_2001Q1":284.48725}},{"p":"ELEC.GEN.WAS-MS-99.Q","v":{"_2015Q4":null,"_2015Q3":null,"_2015Q2":null,"_2015Q1":null,"_2014Q4":2.62006,"_2014Q3":7.07834,"_2014Q2":4.60135,"_2014Q1":3.04552,"_2013Q4":3.26284,"_2013Q3":6.13678,"_2013Q2":3.08296,"_2013Q1":2.6908,"_2012Q4":5.70327,"_2012Q3":3.85419,"_2012Q2":3.95863,"_2012Q1":2.92536,"_2011Q4":0.52297,"_2011Q3":0.48015,"_2011Q2":0.72138,"_2011Q1":1.57293,"_2010Q4":0.4381,"_2010Q3":0.41854,"_2010Q2":0.06854,"_2010Q1":0.06584,"_2009Q4":0.97346,"_2009Q3":1.34125,"_2009Q2":2.00819,"_2009Q1":2.63752,"_2008Q4":0.47063,"_2008Q3":0,"_2008Q2":0.16826,"_2008Q1":4.41201,"_2007Q4":1.00418,"_2007Q3":1.19281,"_2007Q2":1.71238,"_2007Q1":1.10731,"_2006Q4":1.57667,"_2006Q3":1.86574,"_2006Q2":1.30851,"_2006Q1":1.72884,"_2005Q4":1.24059,"_2005Q3":1.10514,"_2005Q2":1.18608,"_2005Q1":1.8124,"_2004Q4":0.97916,"_2004Q3":0.84727,"_2004Q2":0.88649,"_2004Q1":0.3762,"_2003Q4":1.73779,"_2003Q3":1.98336,"_2003Q2":0.93608,"_2003Q1":2.42176,"_2002Q4":0,"_2002Q3":0,"_2002Q2":0,"_2002Q1":0,"_2001Q2":0.00028,"_2001Q1":0.00025}},{"p":"ELEC.GEN.WWW-MS-99.Q","v":{"_2015Q4":364.76666,"_2015Q3":391.61203,"_2015Q2":358.88932,"_2015Q1":340.73545,"_2014Q4":367.29378,"_2014Q3":399.98299,"_2014Q2":348.79461,"_2014Q1":374.53193,"_2013Q4":341.02365,"_2013Q3":391.04705,"_2013Q2":373.09505,"_2013Q1":328.04799,"_2012Q4":353.5148,"_2012Q3":382.79755,"_2012Q2":363.87496,"_2012Q1":392.56119,"_2011Q4":385.07664,"_2011Q3":407.94923,"_2011Q2":338.95984,"_2011Q1":370.79337,"_2010Q4":403.1176,"_2010Q3":391.37428,"_2010Q2":340.33159,"_2010Q1":368.45557,"_2009Q4":387.01346,"_2009Q3":380.89846,"_2009Q2":321.81371,"_2009Q1":327.59301,"_2008Q4":336.71985,"_2008Q3":352.81399,"_2008Q2":304.28414,"_2008Q1":392.4568,"_2007Q4":379.4325,"_2007Q3":386.58255,"_2007Q2":381.82113,"_2007Q1":340.51176,"_2006Q4":390.9607,"_2006Q3":413.55777,"_2006Q2":388.15265,"_2006Q1":341.93114,"_2005Q4":387.3813,"_2005Q3":395.98654,"_2005Q2":386.27383,"_2005Q1":346.71116,"_2004Q4":390.30565,"_2004Q3":416.39384,"_2004Q2":365.12048,"_2004Q1":339.53673,"_2003Q4":267.979,"_2003Q3":265.79,"_2003Q2":233.829,"_2003Q1":247.497,"_2002Q4":188.97,"_2002Q3":241.886,"_2002Q2":215.213,"_2002Q1":290.524,"_2001Q4":420.261,"_2001Q3":413.072,"_2001Q2":314.296,"_2001Q1":284.487}},{"p":"ELEC.GEN.TSN-MS-99.Q","v":{"_2015Q4":0.511,"_2015Q3":0.65438,"_2015Q2":0.69704,"_2015Q1":0.50236,"_2014Q4":0.48954,"_2014Q3":0.65428,"_2014Q2":0.69717,"_2014Q1":0.50455}},{"p":"ELEC.GEN.DPV-MS-99.Q","v":{"_2015Q4":0.511,"_2015Q3":0.65438,"_2015Q2":0.69704,"_2015Q1":0.50236,"_2014Q4":0.48954,"_2014Q3":0.65428,"_2014Q2":0.69717,"_2014Q1":0.50455}},{"p":"ELEC.GEN.ALL-MS-99.Q","v":{"_2015Q4":14376.29694,"_2015Q3":18046.74536,"_2015Q2":15762.59516,"_2015Q1":16627.31812,"_2014Q4":13318.08018,"_2014Q3":15830.20974,"_2014Q2":13538.47383,"_2014Q1":12440.32792,"_2013Q4":12147.4085,"_2013Q3":15092.49572,"_2013Q2":13131.32171,"_2013Q1":12439.03797,"_2012Q4":11885.56856,"_2012Q3":16558.7247,"_2012Q2":13563.50897,"_2012Q1":12576.49276,"_2011Q4":11526.57906,"_2011Q3":15812.71291,"_2011Q2":12877.64384,"_2011Q1":11354.00685,"_2010Q4":12304.47841,"_2010Q3":17223.95339,"_2010Q2":12340.66531,"_2010Q1":12618.16293,"_2009Q4":11276.35675,"_2009Q3":14344.88746,"_2009Q2":12218.60199,"_2009Q1":10861.63791,"_2008Q4":9766.5445,"_2008Q3":13679.48359,"_2008Q2":12540.21727,"_2008Q1":12219.46568,"_2007Q4":10752.71282,"_2007Q3":15653.93209,"_2007Q2":12395.12211,"_2007Q1":11241.91894,"_2006Q4":11198.90715,"_2006Q3":15054.6703,"_2006Q2":11158.62892,"_2006Q1":8816.641,"_2005Q4":9101.08194,"_2005Q3":14364.12433,"_2005Q2":11494.56414,"_2005Q1":10107.68288,"_2004Q4":9730.63034,"_2004Q3":12900.30798,"_2004Q2":11477.94882,"_2004Q1":9553.72604,"_2003Q4":9577.917,"_2003Q3":11733.819,"_2003Q2":9999.643,"_2003Q1":8836.899,"_2002Q4":9522.346,"_2002Q3":12961.331,"_2002Q2":11161.52,"_2002Q1":9245.665,"_2001Q4":14982.984,"_2001Q3":16454.748,"_2001Q2":12059.182,"_2001Q1":9949.534}},{"p":"ELEC.GEN.COW-MS-99.Q","v":{"_2015Q4":700.28586,"_2015Q3":2168.75299,"_2015Q2":1655.59584,"_2015Q1":1874.97054,"_2014Q4":1630.09371,"_2014Q3":3390.68926,"_2014Q2":2977.29611,"_2014Q1":2744.48676,"_2013Q4":1905.04028,"_2013Q3":2798.92893,"_2013Q2":2283.3132,"_2013Q1":1714.01268,"_2012Q4":1385.99306,"_2012Q3":2511.70012,"_2012Q2":1852.54099,"_2012Q1":1461.73869,"_2011Q4":1765.57431,"_2011Q3":3043.9717,"_2011Q2":2815.71716,"_2011Q1":2097.84763,"_2010Q4":2982.66358,"_2010Q3":4243.5246,"_2010Q2":3260.861,"_2010Q1":3141.94779,"_2009Q4":3167.20499,"_2009Q3":3998.24626,"_2009Q2":3230.93517,"_2009Q1":2561.27572,"_2008Q4":3132.12756,"_2008Q3":4548.74572,"_2008Q2":4673.36605,"_2008Q1":4329.16306,"_2007Q4":3773.8356,"_2007Q3":4691.28,"_2007Q2":4577.33512,"_2007Q1":4364.87392,"_2006Q4":4911.74096,"_2006Q3":4955.78373,"_2006Q2":4101.13326,"_2006Q1":4136.67517,"_2005Q4":3564.42965,"_2005Q3":4212.43905,"_2005Q2":4450.80016,"_2005Q1":4408.21481,"_2004Q4":4123.8224,"_2004Q3":4941.38054,