{"p":"MT","c":[{"p":"ELEC.GEN.OOG-MT-99.Q","v":{"_2015Q4":4.41529,"_2015Q3":3.81936,"_2015Q2":5.0517,"_2015Q1":3.76886,"_2014Q4":0.00325,"_2014Q3":0.00259,"_2014Q2":0.00274,"_2014Q1":0.00123,"_2013Q4":0.00449,"_2013Q3":0.00368,"_2013Q2":0.00317,"_2013Q1":0.00473,"_2012Q4":0.0041,"_2012Q3":0.00276,"_2012Q2":0.00186,"_2012Q1":0.00499,"_2011Q4":0.00733,"_2011Q3":0.00282,"_2011Q2":0.00528,"_2011Q1":0.00416,"_2010Q4":0.49773,"_2010Q3":0.41438,"_2010Q2":0.4166,"_2010Q1":0.57069,"_2009Q4":0.42352,"_2009Q3":0.31548,"_2009Q2":0.31875,"_2009Q1":0.38973,"_2008Q4":1.45706,"_2008Q3":1.10173,"_2008Q2":1.32517,"_2008Q1":1.88757,"_2007Q4":4.80432,"_2007Q3":4.08463,"_2007Q2":5.85697,"_2007Q1":4.26511,"_2006Q4":1.89992,"_2006Q3":2.25891,"_2006Q2":3.06123,"_2006Q1":3.98694,"_2005Q4":3.0747,"_2005Q3":3.18259,"_2005Q2":4.45607,"_2005Q1":3.95126,"_2004Q4":6.09451,"_2004Q3":5.47301,"_2004Q2":5.70441,"_2004Q1":5.70037,"_2003Q4":3.059,"_2003Q3":5.201,"_2003Q2":5.207,"_2003Q1":6.053,"_2002Q4":5.136,"_2002Q3":2.699,"_2002Q2":6.105,"_2002Q1":5.22}},{"p":"ELEC.GEN.AOR-MT-99.Q","v":{"_2015Q4":584.05817,"_2015Q3":390.86619,"_2015Q2":344.24788,"_2015Q1":655.70481,"_2014Q4":650.26286,"_2014Q3":312.82266,"_2014Q2":415.31048,"_2014Q1":608.4071,"_2013Q4":588.38232,"_2013Q3":230.52927,"_2013Q2":405.72822,"_2013Q1":535.12173,"_2012Q4":411.09397,"_2012Q3":168.49136,"_2012Q2":301.7386,"_2012Q1":380.4283,"_2011Q4":415.59347,"_2011Q3":208.52893,"_2011Q2":298.377,"_2011Q1":342.66822,"_2010Q4":286.6261,"_2010Q3":207.83992,"_2010Q2":280.86458,"_2010Q1":251.82674,"_2009Q4":318.0998,"_2009Q3":133.14679,"_2009Q2":195.63253,"_2009Q1":268.6868,"_2008Q4":212.27304,"_2008Q3":115.75832,"_2008Q2":155.09773,"_2008Q1":220.96687,"_2007Q4":176.46408,"_2007Q3":111.79131,"_2007Q2":121.06929,"_2007Q1":197.39606,"_2006Q4":147.90124,"_2006Q3":108.54414,"_2006Q2":123.39032,"_2006Q1":150.54908,"_2005Q4":17.56129,"_2005Q3":19.40936,"_2005Q2":17.03731,"_2005Q1":17.60375,"_2004Q4":15.61152,"_2004Q3":15.61152,"_2004Q2":15.61152,"_2004Q1":15.61152,"_2003Q4":19.252,"_2003Q3":15.661,"_2003Q2":18.168,"_2003Q1":18.087,"_2002Q4":17.905,"_2002Q3":14.321,"_2002Q2":15.919,"_2002Q1":15.324,"_2001Q4":13.393,"_2001Q3":17.442,"_2001Q2":17.925,"_2001Q1":16.665}},{"p":"ELEC.GEN.HYC-MT-99.Q","v":{"_2015Q4":2008.85464,"_2015Q3":1782.2695,"_2015Q2":3241.79588,"_2015Q1":2674.73153,"_2014Q4":2487.34475,"_2014Q3":2684.45943,"_2014Q2":4373.23771,"_2014Q1":1937.7091,"_2013Q4":2027.11188,"_2013Q3":2179.0686,"_2013Q2":3600.17745,"_2013Q1":1831.90186,"_2012Q4":2444.8037,"_2012Q3":2819.3919,"_2012Q2":4061.46672,"_2012Q1":1957.80268,"_2011Q4":2385.62344,"_2011Q3":3340.78855,"_2011Q2":4061.7183,"_2011Q1":2807.75106,"_2010Q4":2193.88506,"_2010Q3":2643.91503,"_2010Q2":2966.58562,"_2010Q1":1610.27629,"_2009Q4":2125.03449,"_2009Q3":2173.96742,"_2009Q2":3422.63504,"_2009Q1":1784.30306,"_2008Q4":2097.8262,"_2008Q3":2893.98461,"_2008Q2":3367.89306,"_2008Q1":1639.85314,"_2007Q4":1779.60333,"_2007Q3":2222.81087,"_2007Q2":3344.18423,"_2007Q1":2017.73759,"_2006Q4":1965.28571,"_2006Q3":2405.59684,"_2006Q2":3662.86565,"_2006Q1":2096.41281,"_2005Q4":2204.21505,"_2005Q3":2661.09161,"_2005Q2":3182.93754,"_2005Q1":1539.10481,"_2004Q4":2139.67406,"_2004Q3":2544.78355,"_2004Q2":2525.37623,"_2004Q1":1646.19713,"_2003Q4":1877.239,"_2003Q3":2326.306,"_2003Q2":2925.724,"_2003Q1":1572.503,"_2002Q4":1944.125,"_2002Q3":2828.148,"_2002Q2":2937.754,"_2002Q1":1856.884,"_2001Q4":1523.226,"_2001Q3":1541.07,"_2001Q2":1814.377,"_2001Q1":1734.804}},{"p":"ELEC.GEN.WND-MT-99.Q","v":{"_2015Q4":580.9752,"_2015Q3":387.43753,"_2015Q2":341.22067,"_2015Q1":652.69675,"_2014Q4":647.2834,"_2014Q3":309.26549,"_2014Q2":412.06638,"_2014Q1":605.17881,"_2013Q4":583.26532,"_2013Q3":230.52927,"_2013Q2":405.72822,"_2013Q1":535.12173,"_2012Q4":411.09397,"_2012Q3":168.49136,"_2012Q2":301.7386,"_2012Q1":380.4283,"_2011Q4":415.59347,"_2011Q3":208.52893,"_2011Q2":298.377,"_2011Q1":342.66822,"_2010Q4":262.42171,"_2010Q3":182.50121,"_2010Q2":257.13053,"_2010Q1":228.17987,"_2009Q4":287.38208,"_2009Q3":105.5969,"_2009Q2":180.86342,"_2009Q1":247.08132,"_2008Q4":182.38958,"_2008Q3":91.63783,"_2008Q2":127.79089,"_2008Q1":191.31969,"_2007Q4":149.97172,"_2007Q3":81.60113,"_2007Q2":94.88631,"_2007Q1":169.31685,"_2006Q4":123.57649,"_2006Q3":83.70277,"_2006Q2":101.30304,"_2006Q1":127.38769}},{"p":"ELEC.GEN.WWW-MT-99.Q","v":{"_2015Q4":null,"_2015Q3":null,"_2015Q2":null,"_2015Q1":null,"_2014Q4":2.97946,"_2014Q3":3.55715,"_2014Q2":3.2441,"_2014Q1":3.22829,"_2013Q4":5.117,"_2013Q3":0,"_2013Q2":0,"_2013Q1":0,"_2010Q4":24.2044,"_2010Q3":25.3387,"_2010Q2":23.73405,"_2010Q1":23.64687,"_2009Q4":30.71771,"_2009Q3":27.54989,"_2009Q2":14.76911,"_2009Q1":21.60548,"_2008Q4":29.88345,"_2008Q3":24.12049,"_2008Q2":27.30684,"_2008Q1":29.64717,"_2007Q4":26.49236,"_2007Q3":30.19018,"_2007Q2":26.18298,"_2007Q1":28.07921,"_2006Q4":24.32474,"_2006Q3":24.84138,"_2006Q2":22.08728,"_2006Q1":23.16137,"_2005Q4":17.56129,"_2005Q3":19.40936,"_2005Q2":17.03731,"_2005Q1":17.60375,"_2004Q4":15.61152,"_2004Q3":15.61152,"_2004Q2":15.61152,"_2004Q1":15.61152,"_2003Q4":19.252,"_2003Q3":15.661,"_2003Q2":18.168,"_2003Q1":18.087,"_2002Q4":17.905,"_2002Q3":14.321,"_2002Q2":15.919,"_2002Q1":15.324,"_2001Q4":13.393,"_2001Q3":17.442,"_2001Q2":17.925,"_2001Q1":16.665}},{"p":"ELEC.GEN.TSN-MT-99.Q","v":{"_2015Q4":1.53298,"_2015Q3":2.76607,"_2015Q2":2.45416,"_2015Q1":1.42183,"_2014Q4":2.1441,"_2014Q3":3.79803,"_2014Q2":3.42091,"_2014Q1":1.98946}},{"p":"ELEC.GEN.DPV-MT-99.Q","v":{"_2015Q4":1.53298,"_2015Q3":2.76607,"_2015Q2":2.45416,"_2015Q1":1.42183,"_2014Q4":2.1441,"_2014Q3":3.79803,"_2014Q2":3.42091,"_2014Q1":1.98946}},{"p":"ELEC.GEN.ALL-MT-99.Q","v":{"_2015Q4":7395.37018,"_2015Q3":7121.42837,"_2015Q2":7496.55638,"_2015Q1":7532.31992,"_2014Q4":8005.37251,"_2014Q3":7901.28551,"_2014Q2":7513.81985,"_2014Q1":6837.1382,"_2013Q4":6326.13345,"_2013Q3":6162.7024,"_2013Q2":7589.30349,"_2013Q1":7609.18696,"_2012Q4":7920.728,"_2012Q3":7131.00817,"_2012Q2":5965.43515,"_2012Q1":6787.61231,"_2011Q4":8099.91726,"_2011Q3":8104.4099,"_2011Q2":6452.91769,"_2011Q1":7471.29774,"_2010Q4":7500.20563,"_2010Q3":7958.77567,"_2010Q2":7381.00871,"_2010Q1":6951.19056,"_2009Q4":7108.94691,"_2009Q3":6045.8694,"_2009Q2":6356.98643,"_2009Q1":7200.93253,"_2008Q4":7511.5823,"_2008Q3":7651.93475,"_2008Q2":7432.68507,"_2008Q1":7040.93488,"_2007Q4":6963.24705,"_2007Q3":7425.39328,"_2007Q2":7477.2621,"_2007Q1":7065.59061,"_2006Q4":6915.2407,"_2006Q3":7213.57974,"_2006Q2":7207.28419,"_2006Q1":6907.43178,"_2005Q4":6933.57449,"_2005Q3":7388.4603,"_2005Q2":7505.40321,"_2005Q1":6111.33975,"_2004Q4":7022.11002,"_2004Q3":7073.75824,"_2004Q2":6088.70447,"_2004Q1":6604.19492,"_2003Q4":6530.412,"_2003Q3":7171.5,"_2003Q2":6521.003,"_2003Q1":6045.811,"_2002Q4":6052.557,"_2002Q3":6886.393,"_2002Q2":6557.661,"_2002Q1":5977.095,"_2001Q4":6388.494,"_2001Q3":6328.141,"_2001Q2":5189.139,"_2001Q1":6326.713}},{"p":"ELEC.GEN.COW-MT-99.Q","v":{"_2015Q4":4390.01904,"_2015Q3":4489.51539,"_2015Q2":3547.95757,"_2015Q1":3852.23643,"_2014Q4":4528.92107,"_2014Q3":4657.29031,"_2014Q2":2485.82868,"_2014Q1":3907.37539,"_2013Q4":3361.76972,"_2013Q3":3389.83342,"_2013Q2":3257.65703,"_2013Q1":4871.03533,"_2012Q4":4755.8639,"_2012Q3":3781.66039,"_2012Q2":1308.3024,"_2012Q1":4141.56506,"_2011Q4":4975.00294,"_2011Q3":4181.0705,"_2011Q2":1800.98089,"_2011Q1":4098.668,"_2010Q4":4774.4266,"_2010Q3":4962.78039,"_2010Q2":3943.59878,"_2010Q1":4919.82845,"_2009Q4":4500.36422,"_2009Q3":3564.14401,"_2009Q2":2579.22921,"_2009Q1":4967.54166,"_2008Q4":5025.8385,"_2008Q3":4554.73303,"_2008Q2":3728.90513,"_2008Q1":5022.05583,"_2007Q4":4846.73919,"_2007Q3":4960.34625,"_2007Q2":3858.32195,"_2007Q1":4691.36715,"_2006Q4":4664.63869,"_2006Q3":4580.91694,"_2006Q2":3301.31549,"_2006Q1":4538.20888,"_2005Q4":4589.14478,"_2005Q3":4612.13279,"_2005Q2":4191.54135,"_2005Q1":4430.52008,"_2004Q4":4747.71812,"_2004Q3":4388.27243,"_2004Q2":3426.09654,"_2004Q1":4818.1409,"_2003Q4":4579.145,"_2003Q3":4695.904,"_2003Q2":3447.175,"_2003Q1":4326.411,