{"p":"NC","c":[{"p":"ELEC.GEN.NUC-NC-99.Q","v":{"_2015Q4":11071.651,"_2015Q3":10652.773,"_2015Q2":10154.196,"_2015Q1":10218.141,"_2014Q4":10084.507,"_2014Q3":10763.978,"_2014Q2":10057.795,"_2014Q1":10060.74,"_2013Q4":10518.643,"_2013Q3":11101.818,"_2013Q2":8791.556,"_2013Q1":9829.72,"_2012Q4":9402.664,"_2012Q3":10456.831,"_2012Q2":9204.567,"_2012Q1":10321.53,"_2011Q4":10208.946,"_2011Q3":10699.663,"_2011Q2":10404.592,"_2011Q1":9213.633,"_2010Q4":10337.723,"_2010Q3":11125.686,"_2010Q2":9650.259,"_2010Q1":9625.861,"_2009Q4":10828.521,"_2009Q3":9889.772,"_2009Q2":9765.356,"_2009Q1":10364.062,"_2008Q4":9678.38,"_2008Q3":10426.295,"_2008Q2":9804.853,"_2008Q1":9866.752,"_2007Q4":10748.15,"_2007Q3":10652.41,"_2007Q2":8841.639,"_2007Q1":9802.506,"_2006Q4":9563.874,"_2006Q3":10253.582,"_2006Q2":9694.401,"_2006Q1":10451.327,"_2005Q4":10519.623,"_2005Q3":10181.851,"_2005Q2":9837.003,"_2005Q1":9443.262,"_2004Q4":9696.873,"_2004Q3":10743.435,"_2004Q2":10118.389,"_2004Q1":9531.926,"_2003Q4":10771.894,"_2003Q3":9934.783,"_2003Q2":10048.931,"_2003Q1":10151.292,"_2002Q4":10579.603,"_2002Q3":9831.494,"_2002Q2":10439.772,"_2002Q1":8775.98,"_2001Q4":8704.809,"_2001Q3":10149.211,"_2001Q2":9952.599,"_2001Q1":8968.406}},{"p":"ELEC.GEN.OOG-NC-99.Q","v":{"_2010Q4":0,"_2010Q3":0,"_2010Q2":0,"_2010Q1":0,"_2009Q4":0,"_2009Q3":0,"_2009Q2":0,"_2009Q1":0,"_2008Q4":0,"_2008Q3":0,"_2008Q2":0,"_2008Q1":0,"_2007Q4":0,"_2007Q3":0,"_2007Q2":0,"_2007Q1":0,"_2006Q4":0,"_2006Q3":0,"_2006Q2":0,"_2006Q1":0,"_2005Q4":0,"_2005Q3":0,"_2005Q2":0,"_2005Q1":0,"_2004Q4":0,"_2004Q3":0,"_2004Q2":0,"_2004Q1":0,"_2003Q4":0,"_2003Q3":0,"_2003Q2":0.002,"_2003Q1":0.015,"_2002Q4":0.094,"_2002Q3":0.306,"_2002Q2":0.251,"_2002Q1":0.212,"_2001Q4":0.213,"_2001Q3":0.347,"_2001Q2":0.274,"_2001Q1":0.157}},{"p":"ELEC.GEN.AOR-NC-99.Q","v":{"_2015Q4":1080.79168,"_2015Q3":1181.79704,"_2015Q2":1079.55322,"_2015Q1":896.85348,"_2014Q4":726.75533,"_2014Q3":923.95065,"_2014Q2":804.62797,"_2014Q1":820.49733,"_2013Q4":708.94941,"_2013Q3":777.60154,"_2013Q2":744.10733,"_2013Q1":724.19196,"_2012Q4":757.3921,"_2012Q3":696.27193,"_2012Q2":626.72675,"_2012Q1":623.52855,"_2011Q4":581.97525,"_2011Q3":658.04549,"_2011Q2":545.15357,"_2011Q1":560.31016,"_2010Q4":553.86181,"_2010Q3":568.77372,"_2010Q2":503.39271,"_2010Q1":457.11358,"_2009Q4":428.782,"_2009Q3":473.64986,"_2009Q2":506.82721,"_2009Q1":484.14484,"_2008Q4":509.16302,"_2008Q3":465.08424,"_2008Q2":444.306,"_2008Q1":503.65925,"_2007Q4":440.2232,"_2007Q3":418.18635,"_2007Q2":416.01579,"_2007Q1":397.79339,"_2006Q4":463.64562,"_2006Q3":469.87028,"_2006Q2":424.98508,"_2006Q1":469.80441,"_2005Q4":461.25231,"_2005Q3":476.34917,"_2005Q2":431.19025,"_2005Q1":438.35651,"_2004Q4":425.0633,"_2004Q3":405.82378,"_2004Q2":468.90656,"_2004Q1":433.00817,"_2003Q4":502.28714,"_2003Q3":491.72656,"_2003Q2":473.34746,"_2003Q1":508.35425,"_2002Q4":447.60326,"_2002Q3":413.69129,"_2002Q2":445.8735,"_2002Q1":479.08497,"_2001Q4":472.1948,"_2001Q3":449.79685,"_2001Q2":408.72705,"_2001Q1":420.57101}},{"p":"ELEC.GEN.HYC-NC-99.Q","v":{"_2015Q4":1835.1546,"_2015Q3":928.79671,"_2015Q2":1021.58563,"_2015Q1":1151.84198,"_2014Q4":970.51073,"_2014Q3":987.70895,"_2014Q2":1058.53217,"_2014Q1":1739.33138,"_2013Q4":1428.4129,"_2013Q3":1751.17542,"_2013Q2":1747.61518,"_2013Q1":1973.329,"_2012Q4":890.2683,"_2012Q3":789.98021,"_2012Q2":847.98273,"_2012Q1":1199.70684,"_2011Q4":1077.80231,"_2011Q3":747.49968,"_2011Q2":988.43784,"_2011Q1":1079.65619,"_2010Q4":1000.55871,"_2010Q3":767.44833,"_2010Q2":986.63552,"_2010Q1":2001.90648,"_2009Q4":1883.44659,"_2009Q3":924.02591,"_2009Q2":1304.07582,"_2009Q1":1059.70823,"_2008Q4":716.83566,"_2008Q3":725.77576,"_2008Q2":741.41798,"_2008Q1":849.61305,"_2007Q4":293.02896,"_2007Q3":569.03524,"_2007Q2":764.85818,"_2007Q1":1357.23616,"_2006Q4":1173.70272,"_2006Q3":885.76147,"_2006Q2":649.10653,"_2006Q1":1130.4413,"_2005Q4":1176.12482,"_2005Q3":1391.86114,"_2005Q2":1329.51545,"_2005Q1":1499.00061,"_2004Q4":1997.95109,"_2004Q3":1433.49489,"_2004Q2":725.61956,"_2004Q1":1278.1338,"_2003Q4":1533.741,"_2003Q3":1889.63,"_2003Q2":2082.506,"_2003Q1":1695.066,"_2002Q4":1408.439,"_2002Q3":727.299,"_2002Q2":626.938,"_2002Q1":729.372,"_2001Q4":648.353,"_2001Q3":777.84,"_2001Q2":610.194,"_2001Q1":559.319}},{"p":"ELEC.GEN.SUN-NC-99.Q","v":{"_2015Q4":460.22251,"_2015Q3":548.46819,"_2015Q2":507.6583,"_2015Q1":317.17461,"_2014Q4":190.98041,"_2014Q3":212.26079,"_2014Q2":198.24709,"_2014Q1":127.64219,"_2013Q4":105.55728,"_2013Q3":101.13849,"_2013Q2":86.42635,"_2013Q1":51.54067,"_2012Q4":88.17921,"_2012Q3":25.006,"_2012Q2":17.66097,"_2012Q1":8.64458,"_2011Q4":3.33432,"_2011Q3":3.84984,"_2011Q2":4.29314,"_2011Q1":5.90316,"_2010Q4":3.30752,"_2010Q3":3.32835,"_2010Q2":3.43048,"_2010Q1":1.2737,"_2009Q4":0.6449,"_2009Q3":1.70443,"_2009Q2":1.62671,"_2009Q1":0.58723,"_2008Q4":1.801,"_2008Q3":0,"_2008Q2":0,"_2008Q1":0}},{"p":"ELEC.GEN.SPV-NC-99.Q","v":{"_2015Q4":460.22251,"_2015Q3":548.46819,"_2015Q2":507.6583,"_2015Q1":317.17461,"_2014Q4":190.98041,"_2014Q3":212.26079,"_2014Q2":198.24709,"_2014Q1":127.64219,"_2013Q4":105.55728,"_2013Q3":101.13849,"_2013Q2":86.42635,"_2013Q1":51.54067,"_2012Q4":88.17921,"_2012Q3":25.006,"_2012Q2":17.66097,"_2012Q1":8.64458,"_2011Q4":3.33432,"_2011Q3":3.84984,"_2011Q2":4.29314,"_2011Q1":5.90316,"_2010Q4":3.30752,"_2010Q3":3.32835,"_2010Q2":3.43048,"_2010Q1":1.2737,"_2009Q4":0.6449,"_2009Q3":1.70443,"_2009Q2":1.62671,"_2009Q1":0.58723,"_2008Q4":1.801,"_2008Q3":0,"_2008Q2":0,"_2008Q1":0}},{"p":"ELEC.GEN.HPS-NC-99.Q","v":{"_2015Q4":0.002,"_2015Q3":0.07,"_2015Q2":0.003,"_2015Q1":0.019,"_2014Q4":78.009,"_2014Q3":0,"_2014Q2":0,"_2014Q1":0,"_2013Q4":0,"_2013Q3":0,"_2013Q2":0,"_2013Q1":0,"_2012Q4":0,"_2012Q3":0,"_2012Q2":0,"_2012Q1":0,"_2011Q4":0,"_2011Q3":0,"_2011Q2":0,"_2011Q1":0,"_2010Q4":0,"_2010Q3":0,"_2010Q2":0,"_2010Q1":0,"_2009Q4":0,"_2009Q3":0,"_2009Q2":0,"_2009Q1":43.077,"_2008Q4":-34.785,"_2008Q3":-42.679,"_2008Q2":-42.226,"_2008Q1":-1.374,"_2007Q4":7.191,"_2007Q3":44.386,"_2007Q2":25.93,"_2007Q1":59.489,"_2006Q4":80.669,"_2006Q3":25.512,"_2006Q2":-7.018,"_2006Q1":32.179,"_2005Q4":33.498,"_2005Q3":50.223,"_2005Q2":11.333,"_2005Q1":51.451,"_2004Q4":62.799,"_2004Q3":23.883,"_2004Q2":-23.813,"_2004Q1":15.382,"_2003Q4":44.853,"_2003Q3":17.872,"_2003Q2":25.767,"_2003Q1":30.781,"_2002Q4":25.216,"_2002Q3":-0.379,"_2002Q2":-11.363,"_2002Q1":11.701,"_2001Q4":0,"_2001Q3":0,"_2001Q2":0,"_2001Q1":0}},{"p":"ELEC.GEN.WAS-NC-99.Q","v":{"_2015Q4":129.41079,"_2015Q3":127.34786,"_2015Q2":123.26587,"_2015Q1":114.20964,"_2014Q4":31.91467,"_2014Q3":222.15719,"_2014Q2":81.06197,"_2014Q1":184.79744,"_2013Q4":29.93654,"_2013Q3":128.06823,"_2013Q2":156.21012,"_2013Q1":96.07931,"_2012Q4":113.62994,"_2012Q3":98.57864,"_2012Q2":39.09455,"_2012Q1":51.03872,"_2011Q4":119.12276,"_2011Q3":136.68217,"_2011Q2":65.68504,"_2011Q1":53.72331,"_2010Q4":70.79042,"_2010Q3":63.06745,"_2010Q2":36.24933,"_2010Q1":25.20233,"_2009Q4":24.56882,"_2009Q3":24.04252,"_2009Q2":31.85505,"_2009Q1":51.02455,"_2008Q4":17.2662,"_2008Q3":23.51799,"_2008Q2":18.64786,"_2008Q1":61.04973,"_2007Q4":27.03713,"_2007Q3":23.30879,"_2007Q2":18.61415,"_2007Q1":17.88448,"_2006Q4":22.78722,"_2006Q3":22.52263,"_2006Q2":21.11935,"_2006Q1":25.3111,"_2005Q4":24.39423,"_2005Q3":25.49894,"_2005Q2":24.28654,"_2005Q1":24.26209,"_2004Q4":25.50887,"_2004Q3":26.42615,"_2004Q2":30.14737,"_2004Q1":30.08356,"_2003Q4":28.54214,"_2003Q3":29.06056,"_2003Q2":26.68946,"_2003Q1":29.76225,"_2002Q4":24.61926,"_2002Q3":27.95129,"_2002Q2":24.5755,"_2002Q1":26.30297,"_2001Q4":25.1058,"_2001Q3":27.95685,"_2001Q2":20.72105,"_2001Q1":35.17701}},{"p":"ELEC.GEN.WWW-NC-99.Q","v":{"_2015Q4":491.15839,"_2015Q3":505.98098,"_2015Q2":448.62905,"_2015Q1":465.46922,"_2014Q4":503.86026,"_2014Q3":489.53267,"_2014Q2":525.31891,"_2014Q1":508.05771,"_2013Q4":573.45558,"_2013Q3":548.39483,"_2013Q2":501.47085,"_2013Q1":576.57198,"_2012Q4":555.58296,"_2012Q3":572.68729,"_2012Q2":569.97123,"_2012Q1":563.84527,"_2011Q4":459.51817,"_2011Q3":517.51349,"_2011Q2":475.17537,"_2011Q1":500.68369,