{"p":"ND","c":[{"p":"ELEC.GEN.OOG-ND-99.Q","v":{"_2015Q4":null,"_2015Q3":null,"_2015Q2":null,"_2015Q1":null,"_2014Q4":10.2662,"_2014Q3":11.06624,"_2014Q2":7.39763,"_2014Q1":11.41317,"_2013Q4":10.82412,"_2013Q3":9.67457,"_2013Q2":10.8404,"_2013Q1":10.26997,"_2012Q4":3.15436,"_2012Q3":8.88113,"_2012Q2":14.8842,"_2012Q1":7.97078,"_2011Q4":11.3694,"_2011Q3":13.60707,"_2011Q2":7.09976,"_2011Q1":7.08357,"_2010Q4":7.39992,"_2010Q3":8.39654,"_2010Q2":10.2173,"_2010Q1":9.52222,"_2009Q4":11.10242,"_2009Q3":12.34326,"_2009Q2":10.97579,"_2009Q1":9.10462,"_2008Q4":0,"_2008Q3":0,"_2008Q2":0,"_2008Q1":0,"_2007Q4":12.88592,"_2007Q3":14.65645,"_2007Q2":14.22345,"_2007Q1":10.749,"_2006Q4":14.38313,"_2006Q3":17.07102,"_2006Q2":14.83397,"_2006Q1":12.65089,"_2005Q4":15.54811,"_2005Q3":16.28595,"_2005Q2":14.50172,"_2005Q1":13.08572,"_2004Q4":12.22256,"_2004Q3":16.00435,"_2004Q2":15.61394,"_2004Q1":14.57628,"_2003Q4":12.874,"_2003Q3":13.012,"_2003Q2":10.955,"_2003Q1":13.256,"_2002Q4":22.477,"_2002Q3":2.708,"_2002Q2":9.015,"_2002Q1":20.942,"_2001Q4":16.834,"_2001Q3":17.334,"_2001Q2":16.819,"_2001Q1":13.747}},{"p":"ELEC.GEN.AOR-ND-99.Q","v":{"_2015Q4":1816.23903,"_2015Q3":1294.23883,"_2015Q2":1577.00755,"_2015Q1":1850.22577,"_2014Q4":1674.47024,"_2014Q3":1118.85789,"_2014Q2":1495.23247,"_2014Q1":1916.50341,"_2013Q4":1645.81646,"_2013Q3":1012.73919,"_2013Q2":1447.86929,"_2013Q1":1418.01405,"_2012Q4":1345.3766,"_2012Q3":980.94686,"_2012Q2":1442.59869,"_2012Q1":1511.12983,"_2011Q4":1565.14534,"_2011Q3":931.11954,"_2011Q2":1352.45551,"_2011Q1":1396.73163,"_2010Q4":1185.56089,"_2010Q3":1021.6381,"_2010Q2":1068.3826,"_2010Q1":832.44621,"_2009Q4":865.53283,"_2009Q3":619.00286,"_2009Q2":697.10571,"_2009Q1":827.46059,"_2008Q4":723.72679,"_2008Q3":444.65024,"_2008Q2":363.16849,"_2008Q1":174.83935,"_2007Q4":187.54529,"_2007Q3":136.42081,"_2007Q2":148.73034,"_2007Q1":161.58244,"_2006Q4":111.16262,"_2006Q3":73.90445,"_2006Q2":95.32839,"_2006Q1":92.63394,"_2005Q4":68.78207,"_2005Q3":45.93072,"_2005Q2":63.5229,"_2005Q1":52.09838,"_2004Q4":63.17167,"_2004Q3":44.77567,"_2004Q2":51.63367,"_2004Q1":60.54467,"_2003Q4":54.122,"_2003Q3":1.391,"_2003Q2":1.836,"_2003Q1":2.131,"_2002Q4":0,"_2002Q3":0.177,"_2002Q2":0.048,"_2002Q1":0.186,"_2001Q4":2.066,"_2001Q3":1.807,"_2001Q2":1.881,"_2001Q1":1.911}},{"p":"ELEC.GEN.HYC-ND-99.Q","v":{"_2015Q4":378.761,"_2015Q3":548.708,"_2015Q2":602.462,"_2015Q1":564.237,"_2014Q4":552.094,"_2014Q3":790.196,"_2014Q2":738.515,"_2014Q1":450.555,"_2013Q4":329.732,"_2013Q3":501.606,"_2013Q2":506.419,"_2013Q1":514.664,"_2012Q4":524.189,"_2012Q3":650.975,"_2012Q2":713.1,"_2012Q1":588.966,"_2011Q4":683.262,"_2011Q3":621.204,"_2011Q2":635.818,"_2011Q1":639.758,"_2010Q4":711.648,"_2010Q3":561.082,"_2010Q2":357.809,"_2010Q1":411.579,"_2009Q4":375.705,"_2009Q3":435.462,"_2009Q2":329.456,"_2009Q1":334.628,"_2008Q4":303.416,"_2008Q3":337.232,"_2008Q2":295.651,"_2008Q1":316.491,"_2007Q4":281.501,"_2007Q3":373.414,"_2007Q2":321.156,"_2007Q1":329.322,"_2006Q4":305.589,"_2006Q3":479.618,"_2006Q2":380.899,"_2006Q1":354.928,"_2005Q4":321.911,"_2005Q3":361.371,"_2005Q2":365.242,"_2005Q1":293.3,"_2004Q4":304.494,"_2004Q3":397.663,"_2004Q2":391.726,"_2004Q1":451.981,"_2003Q4":303.982,"_2003Q3":494.742,"_2003Q2":474.711,"_2003Q1":450.469,"_2002Q4":421.885,"_2002Q3":502.482,"_2002Q2":361.391,"_2002Q1":306.858,"_2001Q4":278.546,"_2001Q3":335.524,"_2001Q2":321.681,"_2001Q1":396.325}},{"p":"ELEC.GEN.WND-ND-99.Q","v":{"_2015Q4":1812.71036,"_2015Q3":1294.23883,"_2015Q2":1577.00755,"_2015Q1":1846.17029,"_2014Q4":1673.83878,"_2014Q3":1118.18588,"_2014Q2":1494.53452,"_2014Q1":1915.8528,"_2013Q4":1644.41813,"_2013Q3":1011.16992,"_2013Q2":1446.59002,"_2013Q1":1416.77994,"_2012Q4":1344.00445,"_2012Q3":979.50403,"_2012Q2":1441.23961,"_2012Q1":1509.76093,"_2011Q4":1562.65828,"_2011Q3":928.58695,"_2011Q2":1349.97564,"_2011Q1":1394.36913,"_2010Q4":1182.34315,"_2010Q3":1018.32492,"_2010Q2":1065.41327,"_2010Q1":829.55947,"_2009Q4":862.69003,"_2009Q3":615.74433,"_2009Q2":694.03319,"_2009Q1":825.06244,"_2008Q4":720.57971,"_2008Q3":440.95701,"_2008Q2":359.92218,"_2008Q1":171.99896,"_2007Q4":183.99576,"_2007Q3":132.80023,"_2007Q2":145.80319,"_2007Q1":158.17271,"_2006Q4":110.213,"_2006Q3":73.09,"_2006Q2":94.537,"_2006Q1":91.645,"_2005Q4":66.225,"_2005Q3":43.304,"_2005Q2":60.991,"_2005Q1":49.825,"_2004Q4":61.771,"_2004Q3":43.375,"_2004Q2":50.233,"_2004Q1":59.144,"_2003Q4":53.969,"_2003Q3":1.237,"_2003Q2":1.682,"_2003Q1":1.99}},{"p":"ELEC.GEN.WAS-ND-99.Q","v":{"_2015Q4":null,"_2015Q3":0,"_2015Q2":0,"_2015Q1":null,"_2014Q4":0.63146,"_2014Q3":0.67199,"_2014Q2":0.69795,"_2014Q1":0.65061,"_2013Q4":1.39834,"_2013Q3":1.56927,"_2013Q2":1.27927,"_2013Q1":1.23412,"_2012Q4":1.37216,"_2012Q3":1.44285,"_2012Q2":1.35909,"_2012Q1":1.36892,"_2011Q4":2.48707,"_2011Q3":2.53258,"_2011Q2":2.47988,"_2011Q1":2.36248,"_2010Q4":3.21774,"_2010Q3":3.31321,"_2010Q2":2.96933,"_2010Q1":2.88674,"_2009Q4":2.8428,"_2009Q3":3.25852,"_2009Q2":3.07253,"_2009Q1":2.39815,"_2008Q4":3.14708,"_2008Q3":3.69322,"_2008Q2":3.24631,"_2008Q1":2.84038,"_2007Q4":3.54952,"_2007Q3":3.6206,"_2007Q2":2.92715,"_2007Q1":3.40973,"_2006Q4":0.94962,"_2006Q3":0.81445,"_2006Q2":0.79139,"_2006Q1":0.98894,"_2005Q4":2.55707,"_2005Q3":2.62672,"_2005Q2":2.5319,"_2005Q1":2.27338,"_2004Q4":1.40067,"_2004Q3":1.40067,"_2004Q2":1.40067,"_2004Q1":1.40067,"_2003Q4":0.153,"_2003Q3":0.154,"_2003Q2":0.154,"_2003Q1":0.141,"_2002Q4":0,"_2002Q3":0.177,"_2002Q2":0.048,"_2002Q1":0.186,"_2001Q4":2.066,"_2001Q3":1.807,"_2001Q2":1.881,"_2001Q1":1.911}},{"p":"ELEC.GEN.TSN-ND-99.Q","v":{"_2015Q4":0.04897,"_2015Q3":0.10205,"_2015Q2":0.10367,"_2015Q1":0.05608,"_2014Q4":0.05586,"_2014Q3":0.11047,"_2014Q2":0.10679,"_2014Q1":0.0542}},{"p":"ELEC.GEN.DPV-ND-99.Q","v":{"_2015Q4":0.04897,"_2015Q3":0.10205,"_2015Q2":0.10367,"_2015Q1":0.05608,"_2014Q4":0.05586,"_2014Q3":0.11047,"_2014Q2":0.10679,"_2014Q1":0.0542}},{"p":"ELEC.GEN.ALL-ND-99.Q","v":{"_2015Q4":8969.88019,"_2015Q3":9321.1943,"_2015Q2":8809.43215,"_2015Q1":9817.48514,"_2014Q4":9548.15261,"_2014Q3":8989.50995,"_2014Q2":7980.56508,"_2014Q1":9944.28004,"_2013Q4":8874.14707,"_2013Q3":8761.23206,"_2013Q2":8113.30114,"_2013Q1":9272.99248,"_2012Q4":8865.45454,"_2012Q3":9099.16165,"_2012Q2":8599.0573,"_2012Q1":9561.48539,"_2011Q4":9258.42081,"_2011Q3":8314.53576,"_2011Q2":7675.62773,"_2011Q1":9831.31582,"_2010Q4":8823.12441,"_2010Q3":8840.80947,"_2010Q2":8007.7881,"_2010Q1":9067.81969,"_2009Q4":8870.40544,"_2009Q3":8243.5382,"_2009Q2":8116.21509,"_2009Q1":8966.30795,"_2008Q4":8953.97985,"_2008Q3":8565.20637,"_2008Q2":7148.1505,"_2008Q1":8067.24245,"_2007Q4":7800.14035,"_2007Q3":8149.72723,"_2007Q2":7289.02621,"_2007Q1":7985.21124,"_2006Q4":7279.29713,"_2006Q3":8552.54571,"_2006Q2":7027.56414,"_2006Q1":8021.72982,"_2005Q4":8403.51558,"_2005Q3":8439.75474,"_2005Q2":7100.67415,"_2005Q1":7988.67095,"_2004Q4":7571.33091,"_2004Q3":7570.94437,"_2004Q2":6980.44182,"_2004Q1":7813.38901,"_2003Q4":8049.459,"_2003Q3":8135.606,"_2003Q2":6849.17,"_2003Q1":8287.892,"_2002Q4":8305.342,"_2002Q3":7976.01,"_2002Q2":7036.411,"_2002Q1":7988.543,"_2001Q4":7670.674,"_2001Q3":7821.187,"_2001Q2":6885.435,"_2001Q1":7954.776}},{"p":"ELEC.GEN.COW-ND-99.Q","v":{"_2015Q4":6655.2013,"_2015Q3":7311.20466,"_2015Q2":6522.99563,"_2015Q1":7308.00342,"_2014Q4":7229.19003,"_2014Q3":6984.70012,"_2014Q2":5672.74393,"_2014Q1":7507.43409,"_2013Q4":6833.54372,"_2013Q3":7204.60509,"_2013Q2":6128.22068,"_2013Q1":7311.45283,"_2012Q4":6964.89146,"_2012Q3":7426.54806,"_2012Q2":6394.8728,"_2012Q1":7428.05184,"_2011Q4":6972.36098,"_2011Q3":6715.72142,"_2011Q2":5654.34514,"_2011Q1":7766.49867,"_2010Q4":6898.09262,"_2010Q3":7224.6968,"_2010Q2":6547.9664,"_2010Q1":7791.28463,"_2009Q4":7601.60062,"_2009Q3":7162.06476,"_2009Q2":7064.69862,"_2009Q1":7778.6016,"_2008Q4":7903.70988,"_2008Q3":7759.37379,"_2008Q2":6462.20813,"_2008Q1":7546.93849,"_2007Q4":7298.81423,"_2007Q3":7612.69837,"_2007Q2":6789.60306,"_2007Q1":7462.43757,"_2006Q4":6832.36577,"_2006Q3":7974.66487,"_2006Q2":6525.50439,"_2006Q1":7546.45613,