{"p":"ND","c":[{"p":"ELEC.GEN.OOG-ND-99.Q","c":{"2015Q4":null,"2015Q3":null,"2015Q2":null,"2015Q1":null,"2014Q4":10.2662,"2014Q3":11.06624,"2014Q2":7.39763,"2014Q1":11.41317,"2013Q4":10.82412,"2013Q3":9.67457,"2013Q2":10.8404,"2013Q1":10.26997,"2012Q4":3.15436,"2012Q3":8.88113,"2012Q2":14.8842,"2012Q1":7.97078,"2011Q4":11.3694,"2011Q3":13.60707,"2011Q2":7.09976,"2011Q1":7.08357,"2010Q4":7.39992,"2010Q3":8.39654,"2010Q2":10.2173,"2010Q1":9.52222,"2009Q4":11.10242,"2009Q3":12.34326,"2009Q2":10.97579,"2009Q1":9.10462,"2008Q4":0,"2008Q3":0,"2008Q2":0,"2008Q1":0,"2007Q4":12.88592,"2007Q3":14.65645,"2007Q2":14.22345,"2007Q1":10.749,"2006Q4":14.38313,"2006Q3":17.07102,"2006Q2":14.83397,"2006Q1":12.65089,"2005Q4":15.54811,"2005Q3":16.28595,"2005Q2":14.50172,"2005Q1":13.08572,"2004Q4":12.22256,"2004Q3":16.00435,"2004Q2":15.61394,"2004Q1":14.57628,"2003Q4":12.874,"2003Q3":13.012,"2003Q2":10.955,"2003Q1":13.256,"2002Q4":22.477,"2002Q3":2.708,"2002Q2":9.015,"2002Q1":20.942,"2001Q4":16.834,"2001Q3":17.334,"2001Q2":16.819,"2001Q1":13.747}},{"p":"ELEC.GEN.AOR-ND-99.Q","c":{"2015Q4":1816.23903,"2015Q3":1294.23883,"2015Q2":1577.00755,"2015Q1":1850.22577,"2014Q4":1674.47024,"2014Q3":1118.85789,"2014Q2":1495.23247,"2014Q1":1916.50341,"2013Q4":1645.81646,"2013Q3":1012.73919,"2013Q2":1447.86929,"2013Q1":1418.01405,"2012Q4":1345.3766,"2012Q3":980.94686,"2012Q2":1442.59869,"2012Q1":1511.12983,"2011Q4":1565.14534,"2011Q3":931.11954,"2011Q2":1352.45551,"2011Q1":1396.73163,"2010Q4":1185.56089,"2010Q3":1021.6381,"2010Q2":1068.3826,"2010Q1":832.44621,"2009Q4":865.53283,"2009Q3":619.00286,"2009Q2":697.10571,"2009Q1":827.46059,"2008Q4":723.72679,"2008Q3":444.65024,"2008Q2":363.16849,"2008Q1":174.83935,"2007Q4":187.54529,"2007Q3":136.42081,"2007Q2":148.73034,"2007Q1":161.58244,"2006Q4":111.16262,"2006Q3":73.90445,"2006Q2":95.32839,"2006Q1":92.63394,"2005Q4":68.78207,"2005Q3":45.93072,"2005Q2":63.5229,"2005Q1":52.09838,"2004Q4":63.17167,"2004Q3":44.77567,"2004Q2":51.63367,"2004Q1":60.54467,"2003Q4":54.122,"2003Q3":1.391,"2003Q2":1.836,"2003Q1":2.131,"2002Q4":0,"2002Q3":0.177,"2002Q2":0.048,"2002Q1":0.186,"2001Q4":2.066,"2001Q3":1.807,"2001Q2":1.881,"2001Q1":1.911}},{"p":"ELEC.GEN.HYC-ND-99.Q","c":{"2015Q4":378.761,"2015Q3":548.708,"2015Q2":602.462,"2015Q1":564.237,"2014Q4":552.094,"2014Q3":790.196,"2014Q2":738.515,"2014Q1":450.555,"2013Q4":329.732,"2013Q3":501.606,"2013Q2":506.419,"2013Q1":514.664,"2012Q4":524.189,"2012Q3":650.975,"2012Q2":713.1,"2012Q1":588.966,"2011Q4":683.262,"2011Q3":621.204,"2011Q2":635.818,"2011Q1":639.758,"2010Q4":711.648,"2010Q3":561.082,"2010Q2":357.809,"2010Q1":411.579,"2009Q4":375.705,"2009Q3":435.462,"2009Q2":329.456,"2009Q1":334.628,"2008Q4":303.416,"2008Q3":337.232,"2008Q2":295.651,"2008Q1":316.491,"2007Q4":281.501,"2007Q3":373.414,"2007Q2":321.156,"2007Q1":329.322,"2006Q4":305.589,"2006Q3":479.618,"2006Q2":380.899,"2006Q1":354.928,"2005Q4":321.911,"2005Q3":361.371,"2005Q2":365.242,"2005Q1":293.3,"2004Q4":304.494,"2004Q3":397.663,"2004Q2":391.726,"2004Q1":451.981,"2003Q4":303.982,"2003Q3":494.742,"2003Q2":474.711,"2003Q1":450.469,"2002Q4":421.885,"2002Q3":502.482,"2002Q2":361.391,"2002Q1":306.858,"2001Q4":278.546,"2001Q3":335.524,"2001Q2":321.681,"2001Q1":396.325}},{"p":"ELEC.GEN.WND-ND-99.Q","c":{"2015Q4":1812.71036,"2015Q3":1294.23883,"2015Q2":1577.00755,"2015Q1":1846.17029,"2014Q4":1673.83878,"2014Q3":1118.18588,"2014Q2":1494.53452,"2014Q1":1915.8528,"2013Q4":1644.41813,"2013Q3":1011.16992,"2013Q2":1446.59002,"2013Q1":1416.77994,"2012Q4":1344.00445,"2012Q3":979.50403,"2012Q2":1441.23961,"2012Q1":1509.76093,"2011Q4":1562.65828,"2011Q3":928.58695,"2011Q2":1349.97564,"2011Q1":1394.36913,"2010Q4":1182.34315,"2010Q3":1018.32492,"2010Q2":1065.41327,"2010Q1":829.55947,"2009Q4":862.69003,"2009Q3":615.74433,"2009Q2":694.03319,"2009Q1":825.06244,"2008Q4":720.57971,"2008Q3":440.95701,"2008Q2":359.92218,"2008Q1":171.99896,"2007Q4":183.99576,"2007Q3":132.80023,"2007Q2":145.80319,"2007Q1":158.17271,"2006Q4":110.213,"2006Q3":73.09,"2006Q2":94.537,"2006Q1":91.645,"2005Q4":66.225,"2005Q3":43.304,"2005Q2":60.991,"2005Q1":49.825,"2004Q4":61.771,"2004Q3":43.375,"2004Q2":50.233,"2004Q1":59.144,"2003Q4":53.969,"2003Q3":1.237,"2003Q2":1.682,"2003Q1":1.99}},{"p":"ELEC.GEN.WAS-ND-99.Q","c":{"2015Q4":null,"2015Q3":0,"2015Q2":0,"2015Q1":null,"2014Q4":0.63146,"2014Q3":0.67199,"2014Q2":0.69795,"2014Q1":0.65061,"2013Q4":1.39834,"2013Q3":1.56927,"2013Q2":1.27927,"2013Q1":1.23412,"2012Q4":1.37216,"2012Q3":1.44285,"2012Q2":1.35909,"2012Q1":1.36892,"2011Q4":2.48707,"2011Q3":2.53258,"2011Q2":2.47988,"2011Q1":2.36248,"2010Q4":3.21774,"2010Q3":3.31321,"2010Q2":2.96933,"2010Q1":2.88674,"2009Q4":2.8428,"2009Q3":3.25852,"2009Q2":3.07253,"2009Q1":2.39815,"2008Q4":3.14708,"2008Q3":3.69322,"2008Q2":3.24631,"2008Q1":2.84038,"2007Q4":3.54952,"2007Q3":3.6206,"2007Q2":2.92715,"2007Q1":3.40973,"2006Q4":0.94962,"2006Q3":0.81445,"2006Q2":0.79139,"2006Q1":0.98894,"2005Q4":2.55707,"2005Q3":2.62672,"2005Q2":2.5319,"2005Q1":2.27338,"2004Q4":1.40067,"2004Q3":1.40067,"2004Q2":1.40067,"2004Q1":1.40067,"2003Q4":0.153,"2003Q3":0.154,"2003Q2":0.154,"2003Q1":0.141,"2002Q4":0,"2002Q3":0.177,"2002Q2":0.048,"2002Q1":0.186,"2001Q4":2.066,"2001Q3":1.807,"2001Q2":1.881,"2001Q1":1.911}},{"p":"ELEC.GEN.TSN-ND-99.Q","c":{"2015Q4":0.04897,"2015Q3":0.10205,"2015Q2":0.10367,"2015Q1":0.05608,"2014Q4":0.05586,"2014Q3":0.11047,"2014Q2":0.10679,"2014Q1":0.0542}},{"p":"ELEC.GEN.DPV-ND-99.Q","c":{"2015Q4":0.04897,"2015Q3":0.10205,"2015Q2":0.10367,"2015Q1":0.05608,"2014Q4":0.05586,"2014Q3":0.11047,"2014Q2":0.10679,"2014Q1":0.0542}},{"p":"ELEC.GEN.ALL-ND-99.Q","c":{"2015Q4":8969.88019,"2015Q3":9321.1943,"2015Q2":8809.43215,"2015Q1":9817.48514,"2014Q4":9548.15261,"2014Q3":8989.50995,"2014Q2":7980.56508,"2014Q1":9944.28004,"2013Q4":8874.14707,"2013Q3":8761.23206,"2013Q2":8113.30114,"2013Q1":9272.99248,"2012Q4":8865.45454,"2012Q3":9099.16165,"2012Q2":8599.0573,"2012Q1":9561.48539,"2011Q4":9258.42081,"2011Q3":8314.53576,"2011Q2":7675.62773,"2011Q1":9831.31582,"2010Q4":8823.12441,"2010Q3":8840.80947,"2010Q2":8007.7881,"2010Q1":9067.81969,"2009Q4":8870.40544,"2009Q3":8243.5382,"2009Q2":8116.21509,"2009Q1":8966.30795,"2008Q4":8953.97985,"2008Q3":8565.20637,"2008Q2":7148.1505,"2008Q1":8067.24245,"2007Q4":7800.14035,"2007Q3":8149.72723,"2007Q2":7289.02621,"2007Q1":7985.21124,"2006Q4":7279.29713,"2006Q3":8552.54571,"2006Q2":7027.56414,"2006Q1":8021.72982,"2005Q4":8403.51558,"2005Q3":8439.75474,"2005Q2":7100.67415,"2005Q1":7988.67095,"2004Q4":7571.33091,"2004Q3":7570.94437,"2004Q2":6980.44182,"2004Q1":7813.38901,"2003Q4":8049.459,"2003Q3":8135.606,"2003Q2":6849.17,"2003Q1":8287.892,"2002Q4":8305.342,"2002Q3":7976.01,"2002Q2":7036.411,"2002Q1":7988.543,"2001Q4":7670.674,"2001Q3":7821.187,"2001Q2":6885.435,"2001Q1":7954.776}},{"p":"ELEC.GEN.COW-ND-99.Q","c":{"2015Q4":6655.2013,"2015Q3":7311.20466,"2015Q2":6522.99563,"2015Q1":7308.00342,"2014Q4":7229.19003,"2014Q3":6984.70012,"2014Q2":5672.74393,"2014Q1":7507.43409,"2013Q4":6833.54372,"2013Q3":7204.60509,"2013Q2":6128.22068,"2013Q1":7311.45283,"2012Q4":6964.89146,"2012Q3":7426.54806,"2012Q2":6394.8728,"2012Q1":7428.05184,"2011Q4":6972.36098,"2011Q3":6715.72142,"2011Q2":5654.34514,"2011Q1":7766.49867,"2010Q4":6898.09262,"2010Q3":7224.6968,"2010Q2":6547.9664,"2010Q1":7791.28463,"2009Q4":7601.60062,"2009Q3":7162.06476,"2009Q2":7064.69862,"2009Q1":7778.6016,"2008Q4":7903.70988,"2008Q3":7759.37379,"2008Q2":6462.20813,"2008Q1":7546.93849,"2007Q4":7298.81423,"2007Q3":7612.69837,"2007Q2":6789.60306,"2007Q1":7462.43757,"2006Q4":6832.36577,"2006Q3":7974.66487,"2006Q2":6525.50439,"2006Q1":7546.45613,"2005Q4":7989.54146,"2005Q3":8005.08929,"2005Q2":6645.29173,"2005Q1":7618.83656,"2004Q4":7174.9617,"2004Q3":7104.62044,"2004Q2":6511.06744,"2004Q1":7273.57474,"2003Q4":7657.902,"2003Q3":7612.598,"2003Q2":6348.765,"2003Q1":7808.044,"2002Q4":7846.906,"2002Q3":7460.859,"2002Q2":6654.717,"2002Q1":7649.041,"2001Q4":7361.541,"2001Q3":7455.382,"2001Q2":6531.895,"2001Q1":7528.357}},{"p":"ELEC.GEN.PEL-ND-99.Q",