{"p":"NE","c":[{"p":"ELEC.GEN.NUC-NE-99.Q","c":{"2015Q4":2863.052,"2015Q3":2682.902,"2015Q2":1976.245,"2015Q1":2802.529,"2014Q4":2174.352,"2014Q3":2682.884,"2014Q2":2601.695,"2014Q1":2642.907,"2013Q4":1830.611,"2013Q3":1658.404,"2013Q2":1682.73,"2013Q1":1693.622,"2012Q4":773.407,"2012Q3":1649.499,"2012Q2":1680.094,"2012Q1":1698.578,"2011Q4":1752.71,"2011Q3":1699.623,"2011Q2":1072.626,"2011Q1":2408.215,"2010Q4":2830.572,"2010Q3":2789.733,"2010Q2":2678.386,"2010Q1":2755.646,"2009Q4":1359.108,"2009Q3":2662.56,"2009Q2":2797.64,"2009Q1":2615.834,"2008Q4":2866.813,"2008Q3":2702.57,"2008Q2":1283.435,"2008Q1":2626.221,"2007Q4":2838.639,"2007Q3":2753.165,"2007Q2":2691.475,"2007Q1":2758.253,"2006Q4":1338.633,"2006Q3":2449.076,"2006Q2":2556.36,"2006Q1":2658.587,"2005Q4":2784.144,"2005Q3":2632.343,"2005Q2":1763.148,"2005Q1":1622.206,"2004Q4":2321.859,"2004Q3":2684.754,"2004Q2":2573.741,"2004Q1":2660.9,"2003Q4":2112.391,"2003Q3":2342.313,"2003Q2":1622.281,"2003Q1":1919.917,"2002Q4":2719.003,"2002Q3":2691.056,"2002Q2":2092.917,"2002Q1":2619.266,"2001Q4":1668.914,"2001Q3":2673.801,"2001Q2":2304.827,"2001Q1":2078.571}},{"p":"ELEC.GEN.OOG-NE-99.Q","c":{"2008Q4":0,"2008Q3":0,"2008Q2":0,"2008Q1":0,"2007Q4":0,"2007Q3":0,"2007Q2":0,"2007Q1":0,"2006Q4":0,"2006Q3":0,"2006Q2":0,"2006Q1":0,"2005Q4":0,"2005Q3":0,"2005Q2":0,"2005Q1":0.006,"2004Q4":0,"2004Q3":0.02,"2004Q2":0,"2004Q1":0.122,"2003Q4":0.029,"2003Q3":0.021,"2003Q2":0.01,"2003Q1":0.146,"2002Q4":0.101,"2002Q3":0,"2002Q2":0,"2002Q1":0}},{"p":"ELEC.GEN.AOR-NE-99.Q","c":{"2015Q4":892.15689,"2015Q3":671.08654,"2015Q2":746.8674,"2015Q1":911.8348,"2014Q4":964.13118,"2014Q3":552.23537,"2014Q2":664.98992,"2014Q1":619.7678,"2013Q4":576.55543,"2013Q3":376.78443,"2013Q2":446.13501,"2013Q1":469.56388,"2012Q4":391.10423,"2012Q3":262.04792,"2012Q2":326.41652,"2012Q1":367.19311,"2011Q4":359.46063,"2011Q3":191.34096,"2011Q2":304.533,"2011Q1":260.9699,"2010Q4":141.62261,"2010Q3":106.54356,"2010Q2":122.47295,"2010Q1":122.51399,"2009Q4":129.52121,"2009Q3":106.61735,"2009Q2":118.87506,"2009Q1":93.81582,"2008Q4":76.45589,"2008Q3":59.1842,"2008Q2":68.52332,"2008Q1":70.94927,"2007Q4":71.73547,"2007Q3":57.05854,"2007Q2":66.77405,"2007Q1":82.45621,"2006Q4":86.14555,"2006Q3":69.80999,"2006Q2":73.25419,"2006Q1":84.05087,"2005Q4":86.91527,"2005Q3":18.16125,"2005Q2":19.58214,"2005Q1":14.59518,"2004Q4":19.48714,"2004Q3":19.48717,"2004Q2":19.48716,"2004Q1":19.48714,"2003Q4":24.344,"2003Q3":25.417,"2003Q2":21.081,"2003Q1":23.82,"2002Q4":4.767,"2002Q3":5.084,"2002Q2":5.579,"2002Q1":5.642,"2001Q4":4.67,"2001Q3":4.167,"2001Q2":5.411,"2001Q1":5.045}},{"p":"ELEC.GEN.HYC-NE-99.Q","c":{"2015Q4":232.20333,"2015Q3":null,"2015Q2":275.42194,"2015Q1":347.99915,"2014Q4":308.44451,"2014Q3":350.93255,"2014Q2":294.29785,"2014Q1":204.10609,"2013Q4":224.60736,"2013Q3":340.85415,"2013Q2":317.38173,"2013Q1":241.07177,"2012Q4":252.67275,"2012Q3":370.08352,"2012Q2":340.15471,"2012Q1":294.14301,"2011Q4":358.7788,"2011Q3":478.69343,"2011Q2":478.61697,"2011Q1":301.1388,"2010Q4":379.0306,"2010Q3":413.78369,"2010Q2":277.98843,"2010Q1":243.05329,"2009Q4":109.25576,"2009Q3":129.05035,"2009Q2":119.23833,"2009Q1":76.14558,"2008Q4":67.42002,"2008Q3":104.89911,"2008Q2":92.73837,"2008Q1":81.39851,"2007Q4":67.55303,"2007Q3":111.17421,"2007Q2":86.80001,"2007Q1":81.91676,"2006Q4":167.91886,"2006Q3":300.70514,"2006Q2":240.14017,"2006Q1":184.62185,"2005Q4":167.12657,"2005Q3":271.06712,"2005Q2":242.36644,"2005Q1":190.91289,"2004Q4":150.46319,"2004Q3":297.00239,"2004Q2":294.90626,"2004Q1":170.64917,"2003Q4":216.02,"2003Q3":331.226,"2003Q2":291.615,"2003Q1":141.249,"2002Q4":245.927,"2002Q3":359.016,"2002Q2":297.218,"2002Q1":195.32,"2001Q4":295.26,"2001Q3":347.374,"2001Q2":255.032,"2001Q1":226.456}},{"p":"ELEC.GEN.WND-NE-99.Q","c":{"2015Q4":869.85859,"2015Q3":656.00854,"2015Q2":731.77833,"2015Q1":896.50898,"2014Q4":948.84841,"2014Q3":535.97131,"2014Q2":648.09808,"2014Q1":604.02142,"2013Q4":559.39092,"2013Q3":357.52174,"2013Q2":430.43202,"2013Q1":454.4152,"2012Q4":375.47597,"2012Q3":245.61465,"2012Q2":310.93708,"2012Q1":351.60188,"2011Q4":342.96271,"2011Q3":174.54111,"2011Q2":288.0828,"2011Q1":245.29839,"2010Q4":123.04716,"2010Q3":87.417,"2010Q2":105.33148,"2010Q1":105.84937,"2009Q4":113.25946,"2009Q3":87.97759,"2009Q2":101.2993,"2009Q1":80.09766,"2008Q4":61.62283,"2008Q3":41.77696,"2008Q2":53.22252,"2008Q1":57.56169,"2007Q4":55.97739,"2007Q3":41.57129,"2007Q2":51.80426,"2007Q1":67.41207,"2006Q4":70.2233,"2006Q3":55.30495,"2006Q2":62.39117,"2006Q1":73.32759,"2005Q4":75.53307,"2005Q3":6.61096,"2005Q2":8.37052,"2005Q1":6.09346,"2004Q4":9.60774,"2004Q3":9.60774,"2004Q2":9.60774,"2004Q1":9.60774,"2003Q4":9.954,"2003Q3":10.475,"2003Q2":8.099,"2003Q1":9.694,"2002Q4":1.988,"2002Q3":1.974,"2002Q2":2.13,"2002Q1":1.987,"2001Q4":0.873,"2001Q3":0.367,"2001Q2":0.82,"2001Q1":0.57}},{"p":"ELEC.GEN.WAS-NE-99.Q","c":{"2015Q4":22.2983,"2015Q3":15.07801,"2015Q2":15.08909,"2015Q1":15.32582,"2014Q4":15.28277,"2014Q3":16.26405,"2014Q2":16.89185,"2014Q1":15.74638,"2013Q4":17.16452,"2013Q3":19.2627,"2013Q2":15.70299,"2013Q1":15.14868,"2012Q4":15.62826,"2012Q3":16.43328,"2012Q2":15.47945,"2012Q1":15.59123,"2011Q4":16.49792,"2011Q3":16.79986,"2011Q2":16.45021,"2011Q1":15.6715,"2010Q4":18.57545,"2010Q3":19.12656,"2010Q2":17.14148,"2010Q1":16.66462,"2009Q4":16.26175,"2009Q3":18.63977,"2009Q2":17.57579,"2009Q1":13.71815,"2008Q4":14.83305,"2008Q3":17.40724,"2008Q2":15.3008,"2008Q1":13.38757,"2007Q4":15.75809,"2007Q3":15.48725,"2007Q2":14.96979,"2007Q1":15.04414,"2006Q4":15.92225,"2006Q3":14.50506,"2006Q2":10.86303,"2006Q1":10.72327,"2005Q4":11.38219,"2005Q3":11.55028,"2005Q2":11.21163,"2005Q1":8.50172,"2004Q4":9.87939,"2004Q3":9.87941,"2004Q2":9.87941,"2004Q1":9.87939,"2003Q4":14.39,"2003Q3":14.944,"2003Q2":12.983,"2003Q1":14.126,"2002Q4":2.779,"2002Q3":3.11,"2002Q2":3.449,"2002Q1":3.655,"2001Q4":3.797,"2001Q3":3.8,"2001Q2":4.591,"2001Q1":4.475}},{"p":"ELEC.GEN.TSN-NE-99.Q","c":{"2015Q4":0.3119,"2015Q3":0.45141,"2015Q2":0.41227,"2015Q1":0.27407,"2014Q4":0.22999,"2014Q3":0.33161,"2014Q2":0.29529,"2014Q1":0.18894}},{"p":"ELEC.GEN.DPV-NE-99.Q","c":{"2015Q4":0.3119,"2015Q3":0.45141,"2015Q2":0.41227,"2015Q1":0.27407,"2014Q4":0.22999,"2014Q3":0.33161,"2014Q2":0.29529,"2014Q1":0.18894}},{"p":"ELEC.GEN.ALL-NE-99.Q","c":{"2015Q4":9629.67409,"2015Q3":10909.51051,"2015Q2":9035.34804,"2015Q1":9716.39661,"2014Q4":9607.08998,"2014Q3":10565.87637,"2014Q2":9151.32091,"2014Q1":10107.00347,"2013Q4":9644.37405,"2013Q3":10073.15415,"2013Q2":8121.29675,"2013Q1":9265.80281,"2012Q4":8091.25671,"2012Q3":9680.22581,"2012Q2":7825.62806,"2012Q1":8620.18199,"2011Q4":8956.78157,"2011Q3":9990.07049,"2011Q2":7972.38744,"2011Q1":9175.8115,"2010Q4":8891.80768,"2010Q3":9898.39721,"2010Q2":8268.16774,"2010Q1":9571.63357,"2009Q4":8609.81775,"2009Q3":9250.06341,"2009Q2":8161.64933,"2009Q1":7980.36166,"2008Q4":8046.83977,"2008Q3":8924.40207,"2008Q2":7033.21243,"2008Q1":8369.06798,"2007Q4":8544.51598,"2007Q3":9169.6579,"2007Q2":7222.13511,"2007Q1":7506.38981,"2006Q4":7257.88368,"2006Q3":8911.9342,"2006Q2":7663.33485,"2006Q1":7836.81613,"2005Q4":8721.59448,"2005Q3":8945.89476,"2005Q2":6673.08671,"2005Q1":7124.15768,"2004Q4":8193.98972,"2004Q3":8646.38519,"2004Q2":7159.69662,"2004Q1":8008.63733,"2003Q4":7895.59,"2003Q3":8592.497,"2003Q2":6358.168,"2003Q1":7609.728,"2002Q4":8052.53,"2002Q3":8584.054,"2002Q2":7271.874,"2002Q1":7710.031,"2001Q4":7001.099,"2001Q3":8661.786,"2001Q2":7249.428,"2001Q1":7572.9}},{"p":"ELEC.GEN.COW-NE-99.Q","c":{"2015Q4":5596.68986,"2015Q3":7036.24029,"2015Q2":5915.92817,"2015Q1":5603.53054,"2014Q4":6066.60626,"2014Q3":6835.69119,"2014Q2":5423.15631,"2014Q1":6596.72116,"2013Q4":6936.15116,"2013Q3":7407.96948,"2013Q2":5582.89014,"2013Q1":6840.09042,"2012Q4":6642.97296,"2012Q3":6903.34751,"2012Q2":5234.59299,"2012Q1":6238.3022,"2011Q4":6456.43238,"2011Q3":7314.0333,"2011Q2":6043.56092,"2011Q1":6151.2163,"2010Q4":5500.79828,"2010Q3":6345.55143,"2010Q2":5107.38614,"2010Q1":6409.04006,"2009Q4":6952.91205,"2009Q3":6195.73228,