{"p":"NE","c":[{"p":"ELEC.GEN.NUC-NE-99.Q","v":{"_2015Q4":2863.052,"_2015Q3":2682.902,"_2015Q2":1976.245,"_2015Q1":2802.529,"_2014Q4":2174.352,"_2014Q3":2682.884,"_2014Q2":2601.695,"_2014Q1":2642.907,"_2013Q4":1830.611,"_2013Q3":1658.404,"_2013Q2":1682.73,"_2013Q1":1693.622,"_2012Q4":773.407,"_2012Q3":1649.499,"_2012Q2":1680.094,"_2012Q1":1698.578,"_2011Q4":1752.71,"_2011Q3":1699.623,"_2011Q2":1072.626,"_2011Q1":2408.215,"_2010Q4":2830.572,"_2010Q3":2789.733,"_2010Q2":2678.386,"_2010Q1":2755.646,"_2009Q4":1359.108,"_2009Q3":2662.56,"_2009Q2":2797.64,"_2009Q1":2615.834,"_2008Q4":2866.813,"_2008Q3":2702.57,"_2008Q2":1283.435,"_2008Q1":2626.221,"_2007Q4":2838.639,"_2007Q3":2753.165,"_2007Q2":2691.475,"_2007Q1":2758.253,"_2006Q4":1338.633,"_2006Q3":2449.076,"_2006Q2":2556.36,"_2006Q1":2658.587,"_2005Q4":2784.144,"_2005Q3":2632.343,"_2005Q2":1763.148,"_2005Q1":1622.206,"_2004Q4":2321.859,"_2004Q3":2684.754,"_2004Q2":2573.741,"_2004Q1":2660.9,"_2003Q4":2112.391,"_2003Q3":2342.313,"_2003Q2":1622.281,"_2003Q1":1919.917,"_2002Q4":2719.003,"_2002Q3":2691.056,"_2002Q2":2092.917,"_2002Q1":2619.266,"_2001Q4":1668.914,"_2001Q3":2673.801,"_2001Q2":2304.827,"_2001Q1":2078.571}},{"p":"ELEC.GEN.OOG-NE-99.Q","v":{"_2008Q4":0,"_2008Q3":0,"_2008Q2":0,"_2008Q1":0,"_2007Q4":0,"_2007Q3":0,"_2007Q2":0,"_2007Q1":0,"_2006Q4":0,"_2006Q3":0,"_2006Q2":0,"_2006Q1":0,"_2005Q4":0,"_2005Q3":0,"_2005Q2":0,"_2005Q1":0.006,"_2004Q4":0,"_2004Q3":0.02,"_2004Q2":0,"_2004Q1":0.122,"_2003Q4":0.029,"_2003Q3":0.021,"_2003Q2":0.01,"_2003Q1":0.146,"_2002Q4":0.101,"_2002Q3":0,"_2002Q2":0,"_2002Q1":0}},{"p":"ELEC.GEN.AOR-NE-99.Q","v":{"_2015Q4":892.15689,"_2015Q3":671.08654,"_2015Q2":746.8674,"_2015Q1":911.8348,"_2014Q4":964.13118,"_2014Q3":552.23537,"_2014Q2":664.98992,"_2014Q1":619.7678,"_2013Q4":576.55543,"_2013Q3":376.78443,"_2013Q2":446.13501,"_2013Q1":469.56388,"_2012Q4":391.10423,"_2012Q3":262.04792,"_2012Q2":326.41652,"_2012Q1":367.19311,"_2011Q4":359.46063,"_2011Q3":191.34096,"_2011Q2":304.533,"_2011Q1":260.9699,"_2010Q4":141.62261,"_2010Q3":106.54356,"_2010Q2":122.47295,"_2010Q1":122.51399,"_2009Q4":129.52121,"_2009Q3":106.61735,"_2009Q2":118.87506,"_2009Q1":93.81582,"_2008Q4":76.45589,"_2008Q3":59.1842,"_2008Q2":68.52332,"_2008Q1":70.94927,"_2007Q4":71.73547,"_2007Q3":57.05854,"_2007Q2":66.77405,"_2007Q1":82.45621,"_2006Q4":86.14555,"_2006Q3":69.80999,"_2006Q2":73.25419,"_2006Q1":84.05087,"_2005Q4":86.91527,"_2005Q3":18.16125,"_2005Q2":19.58214,"_2005Q1":14.59518,"_2004Q4":19.48714,"_2004Q3":19.48717,"_2004Q2":19.48716,"_2004Q1":19.48714,"_2003Q4":24.344,"_2003Q3":25.417,"_2003Q2":21.081,"_2003Q1":23.82,"_2002Q4":4.767,"_2002Q3":5.084,"_2002Q2":5.579,"_2002Q1":5.642,"_2001Q4":4.67,"_2001Q3":4.167,"_2001Q2":5.411,"_2001Q1":5.045}},{"p":"ELEC.GEN.HYC-NE-99.Q","v":{"_2015Q4":232.20333,"_2015Q3":null,"_2015Q2":275.42194,"_2015Q1":347.99915,"_2014Q4":308.44451,"_2014Q3":350.93255,"_2014Q2":294.29785,"_2014Q1":204.10609,"_2013Q4":224.60736,"_2013Q3":340.85415,"_2013Q2":317.38173,"_2013Q1":241.07177,"_2012Q4":252.67275,"_2012Q3":370.08352,"_2012Q2":340.15471,"_2012Q1":294.14301,"_2011Q4":358.7788,"_2011Q3":478.69343,"_2011Q2":478.61697,"_2011Q1":301.1388,"_2010Q4":379.0306,"_2010Q3":413.78369,"_2010Q2":277.98843,"_2010Q1":243.05329,"_2009Q4":109.25576,"_2009Q3":129.05035,"_2009Q2":119.23833,"_2009Q1":76.14558,"_2008Q4":67.42002,"_2008Q3":104.89911,"_2008Q2":92.73837,"_2008Q1":81.39851,"_2007Q4":67.55303,"_2007Q3":111.17421,"_2007Q2":86.80001,"_2007Q1":81.91676,"_2006Q4":167.91886,"_2006Q3":300.70514,"_2006Q2":240.14017,"_2006Q1":184.62185,"_2005Q4":167.12657,"_2005Q3":271.06712,"_2005Q2":242.36644,"_2005Q1":190.91289,"_2004Q4":150.46319,"_2004Q3":297.00239,"_2004Q2":294.90626,"_2004Q1":170.64917,"_2003Q4":216.02,"_2003Q3":331.226,"_2003Q2":291.615,"_2003Q1":141.249,"_2002Q4":245.927,"_2002Q3":359.016,"_2002Q2":297.218,"_2002Q1":195.32,"_2001Q4":295.26,"_2001Q3":347.374,"_2001Q2":255.032,"_2001Q1":226.456}},{"p":"ELEC.GEN.WND-NE-99.Q","v":{"_2015Q4":869.85859,"_2015Q3":656.00854,"_2015Q2":731.77833,"_2015Q1":896.50898,"_2014Q4":948.84841,"_2014Q3":535.97131,"_2014Q2":648.09808,"_2014Q1":604.02142,"_2013Q4":559.39092,"_2013Q3":357.52174,"_2013Q2":430.43202,"_2013Q1":454.4152,"_2012Q4":375.47597,"_2012Q3":245.61465,"_2012Q2":310.93708,"_2012Q1":351.60188,"_2011Q4":342.96271,"_2011Q3":174.54111,"_2011Q2":288.0828,"_2011Q1":245.29839,"_2010Q4":123.04716,"_2010Q3":87.417,"_2010Q2":105.33148,"_2010Q1":105.84937,"_2009Q4":113.25946,"_2009Q3":87.97759,"_2009Q2":101.2993,"_2009Q1":80.09766,"_2008Q4":61.62283,"_2008Q3":41.77696,"_2008Q2":53.22252,"_2008Q1":57.56169,"_2007Q4":55.97739,"_2007Q3":41.57129,"_2007Q2":51.80426,"_2007Q1":67.41207,"_2006Q4":70.2233,"_2006Q3":55.30495,"_2006Q2":62.39117,"_2006Q1":73.32759,"_2005Q4":75.53307,"_2005Q3":6.61096,"_2005Q2":8.37052,"_2005Q1":6.09346,"_2004Q4":9.60774,"_2004Q3":9.60774,"_2004Q2":9.60774,"_2004Q1":9.60774,"_2003Q4":9.954,"_2003Q3":10.475,"_2003Q2":8.099,"_2003Q1":9.694,"_2002Q4":1.988,"_2002Q3":1.974,"_2002Q2":2.13,"_2002Q1":1.987,"_2001Q4":0.873,"_2001Q3":0.367,"_2001Q2":0.82,"_2001Q1":0.57}},{"p":"ELEC.GEN.WAS-NE-99.Q","v":{"_2015Q4":22.2983,"_2015Q3":15.07801,"_2015Q2":15.08909,"_2015Q1":15.32582,"_2014Q4":15.28277,"_2014Q3":16.26405,"_2014Q2":16.89185,"_2014Q1":15.74638,"_2013Q4":17.16452,"_2013Q3":19.2627,"_2013Q2":15.70299,"_2013Q1":15.14868,"_2012Q4":15.62826,"_2012Q3":16.43328,"_2012Q2":15.47945,"_2012Q1":15.59123,"_2011Q4":16.49792,"_2011Q3":16.79986,"_2011Q2":16.45021,"_2011Q1":15.6715,"_2010Q4":18.57545,"_2010Q3":19.12656,"_2010Q2":17.14148,"_2010Q1":16.66462,"_2009Q4":16.26175,"_2009Q3":18.63977,"_2009Q2":17.57579,"_2009Q1":13.71815,"_2008Q4":14.83305,"_2008Q3":17.40724,"_2008Q2":15.3008,"_2008Q1":13.38757,"_2007Q4":15.75809,"_2007Q3":15.48725,"_2007Q2":14.96979,"_2007Q1":15.04414,"_2006Q4":15.92225,"_2006Q3":14.50506,"_2006Q2":10.86303,"_2006Q1":10.72327,"_2005Q4":11.38219,"_2005Q3":11.55028,"_2005Q2":11.21163,"_2005Q1":8.50172,"_2004Q4":9.87939,"_2004Q3":9.87941,"_2004Q2":9.87941,"_2004Q1":9.87939,"_2003Q4":14.39,"_2003Q3":14.944,"_2003Q2":12.983,"_2003Q1":14.126,"_2002Q4":2.779,"_2002Q3":3.11,"_2002Q2":3.449,"_2002Q1":3.655,"_2001Q4":3.797,"_2001Q3":3.8,"_2001Q2":4.591,"_2001Q1":4.475}},{"p":"ELEC.GEN.TSN-NE-99.Q","v":{"_2015Q4":0.3119,"_2015Q3":0.45141,"_2015Q2":0.41227,"_2015Q1":0.27407,"_2014Q4":0.22999,"_2014Q3":0.33161,"_2014Q2":0.29529,"_2014Q1":0.18894}},{"p":"ELEC.GEN.DPV-NE-99.Q","v":{"_2015Q4":0.3119,"_2015Q3":0.45141,"_2015Q2":0.41227,"_2015Q1":0.27407,"_2014Q4":0.22999,"_2014Q3":0.33161,"_2014Q2":0.29529,"_2014Q1":0.18894}},{"p":"ELEC.GEN.ALL-NE-99.Q","v":{"_2015Q4":9629.67409,"_2015Q3":10909.51051,"_2015Q2":9035.34804,"_2015Q1":9716.39661,"_2014Q4":9607.08998,"_2014Q3":10565.87637,"_2014Q2":9151.32091,"_2014Q1":10107.00347,"_2013Q4":9644.37405,"_2013Q3":10073.15415,"_2013Q2":8121.29675,"_2013Q1":9265.80281,"_2012Q4":8091.25671,"_2012Q3":9680.22581,"_2012Q2":7825.62806,"_2012Q1":8620.18199,"_2011Q4":8956.78157,"_2011Q3":9990.07049,"_2011Q2":7972.38744,"_2011Q1":9175.8115,"_2010Q4":8891.80768,"_2010Q3":9898.39721,"_2010Q2":8268.16774,"_2010Q1":9571.63357,"_2009Q4":8609.81775,"_2009Q3":9250.06341,"_2009Q2":8161.64933,"_2009Q1":7980.36166,"_2008Q4":8046.83977,"_2008Q3":8924.40207,"_2008Q2":7033.21243,"_2008Q1":8369.06798,"_2007Q4":8544.51598,"_2007Q3":9169.6579,"_2007Q2":7222.13511,"_2007Q1":7506.38981,"_2006Q4":7257.88368,"_2006Q3":8911.9342,"_2006Q2":7663.33485,"_2006Q1":7836.81613,"_2005Q4":8721.59448,"_2005Q3":8945.89476,"_2005Q2":6673.08671,"_2005Q1":7124.15768,"_2004Q4":8193.98972,"_2004Q3":8646.38519,"_2004Q2":7159.69662,"_2004Q1":8008.63733,"_2003Q4":7895.59,"_2003Q3":8592.497,"_2003Q2":6358.168,"_2003Q1":7609.728,"_2002Q4":8052.53,"_2002Q3":8584.054,"_2002Q2":7271.874,"_2002Q1":7710.031,"_2001Q4":7001.099,"_2001Q3":8661.786,"_2001Q2":7249.428,"_2001Q1":7572.9}},{"p":"ELEC.GEN.COW-NE-99.Q","v":{"_2015Q4":5596.68986,"_2015Q3":7036.24029,"_2015Q2":5915.92817,"_2015Q1":5603.53054,"_2014Q4":6066.60626,"_2014Q3":6835.69119,