{"p":"NEW","c":[{"p":"ELEC.GEN.NUC-NEW-99.Q","v":{"_2015Q4":6681.012,"_2015Q3":8703.978,"_2015Q2":8072.833,"_2015Q1":8432.104,"_2014Q4":8881.676,"_2014Q3":9976.754,"_2014Q2":8015.92,"_2014Q1":9964.27,"_2013Q4":9989.883,"_2013Q3":9692.223,"_2013Q2":8166.464,"_2013Q1":9334.707,"_2012Q4":8248.939,"_2012Q3":8978.714,"_2012Q2":9369.285,"_2012Q1":9519.008,"_2011Q4":7375.84,"_2011Q3":9731.416,"_2011Q2":7213.58,"_2011Q1":9962.383,"_2010Q4":10065.428,"_2010Q3":10060.251,"_2010Q2":8397.929,"_2010Q1":9837.037,"_2009Q4":6911.851,"_2009Q3":9704.736,"_2009Q2":9576.346,"_2009Q1":10037.751,"_2008Q4":8472.868,"_2008Q3":9849.562,"_2008Q2":7616.223,"_2008Q1":9608.299,"_2007Q4":10016.207,"_2007Q3":9717.113,"_2007Q2":7716.124,"_2007Q1":9524.099,"_2006Q4":7885.87,"_2006Q3":9862.583,"_2006Q2":9712.974,"_2006Q1":9462.056,"_2005Q4":8638.986,"_2005Q3":9643.445,"_2005Q2":6911.72,"_2005Q1":9370.46,"_2004Q4":9656.029,"_2004Q3":9514.764,"_2004Q2":7925.434,"_2004Q1":9417.063,"_2003Q4":7526.496,"_2003Q3":9488.339,"_2003Q2":8953.077,"_2003Q1":8808.578,"_2002Q4":8857.962,"_2002Q3":8589.159,"_2002Q2":8119.172,"_2002Q1":8377.978,"_2001Q4":9269.31,"_2001Q3":9323.722,"_2001Q2":8409.082,"_2001Q1":6433.549}},{"p":"ELEC.GEN.OOG-NEW-99.Q","v":{"_2010Q4":9.33964,"_2010Q3":4.10456,"_2010Q2":0.4219,"_2010Q1":0.06975,"_2009Q4":0,"_2009Q3":0,"_2009Q2":0,"_2009Q1":0,"_2008Q4":0,"_2008Q3":0,"_2008Q2":0,"_2008Q1":0,"_2007Q4":0.69881,"_2007Q3":0.39439,"_2007Q2":0.46466,"_2007Q1":0.63776,"_2006Q4":0.411,"_2006Q3":0.538,"_2006Q2":0.254,"_2006Q1":0.444,"_2005Q4":0.37649,"_2005Q3":0.43144,"_2005Q2":0.38995,"_2005Q1":0.42212,"_2004Q4":0.00931,"_2004Q3":0.0103,"_2004Q2":0.00986,"_2004Q1":0.009,"_2003Q4":0.004,"_2003Q3":0.01,"_2003Q2":0.013,"_2003Q1":0.007,"_2002Q4":0.022,"_2002Q3":0.008,"_2002Q2":0.008,"_2002Q1":8.844,"_2001Q4":0.368,"_2001Q3":0.301,"_2001Q2":0.322,"_2001Q1":0.507}},{"p":"ELEC.GEN.AOR-NEW-99.Q","v":{"_2015Q4":2726.11707,"_2015Q3":2543.19977,"_2015Q2":2453.56287,"_2015Q1":2815.79886,"_2014Q4":2653.30364,"_2014Q3":2410.67335,"_2014Q2":2283.36723,"_2014Q1":2609.52405,"_2013Q4":2528.05803,"_2013Q3":2380.32986,"_2013Q2":2169.66673,"_2013Q1":2408.49535,"_2012Q4":2307.45432,"_2012Q3":2170.57344,"_2012Q2":1928.78457,"_2012Q1":2150.27558,"_2011Q4":2094.81116,"_2011Q3":2094.59547,"_2011Q2":1785.70761,"_2011Q1":2040.09722,"_2010Q4":2012.65258,"_2010Q3":2012.522,"_2010Q2":1955.8376,"_2010Q1":2039.29497,"_2009Q4":1999.10791,"_2009Q3":1977.03623,"_2009Q2":1791.66905,"_2009Q1":1930.00033,"_2008Q4":1950.51442,"_2008Q3":1987.5693,"_2008Q2":1864.27437,"_2008Q1":2003.24736,"_2007Q4":2024.58743,"_2007Q3":2091.9985,"_2007Q2":1863.14425,"_2007Q1":1938.88982,"_2006Q4":1889.41184,"_2006Q3":1895.75819,"_2006Q2":1680.82971,"_2006Q1":1889.00291,"_2005Q4":1875.91382,"_2005Q3":1991.80823,"_2005Q2":1757.76823,"_2005Q1":1818.22238,"_2004Q4":1799.93238,"_2004Q3":1765.56414,"_2004Q2":1654.47842,"_2004Q1":1754.63674,"_2003Q4":1708.51743,"_2003Q3":1866.79189,"_2003Q2":1641.78685,"_2003Q1":1710.69835,"_2002Q4":1860.3193,"_2002Q3":1922.79391,"_2002Q2":1806.69945,"_2002Q1":1875.88667,"_2001Q4":1804.80853,"_2001Q3":1950.94768,"_2001Q2":1865.99978,"_2001Q1":1937.45765}},{"p":"ELEC.GEN.HYC-NEW-99.Q","v":{"_2015Q4":1989.28167,"_2015Q3":1680.32737,"_2015Q2":2078.38265,"_2015Q1":1890.16148,"_2014Q4":1713.21298,"_2014Q3":1521.84672,"_2014Q2":2512.44786,"_2014Q1":1772.42517,"_2013Q4":1550.02344,"_2013Q3":1718.77698,"_2013Q2":2414.57236,"_2013Q1":1988.07164,"_2012Q4":1956.49508,"_2012Q3":1202.10564,"_2012Q2":2104.18818,"_2012Q1":2097.29548,"_2011Q4":2275.08344,"_2011Q3":1535.32593,"_2011Q2":2754.40675,"_2011Q1":2167.32074,"_2010Q4":2340.58078,"_2010Q3":1204.68068,"_2010Q2":2255.85786,"_2010Q1":2224.444,"_2009Q4":2090.97616,"_2009Q3":2082.46727,"_2009Q2":2528.40377,"_2009Q1":2391.50653,"_2008Q4":2165.58638,"_2008Q3":2139.41118,"_2008Q2":2495.83619,"_2008Q1":2499.66527,"_2007Q4":1774.41799,"_2007Q3":1133.64723,"_2007Q2":2127.64301,"_2007Q1":1779.39977,"_2006Q4":2079.8008,"_2006Q3":2224.2233,"_2006Q2":2581.27891,"_2006Q1":2502.84956,"_2005Q4":2451.49671,"_2005Q3":1531.42011,"_2005Q2":2485.10242,"_2005Q1":2159.5043,"_2004Q4":1485.19208,"_2004Q3":1665.77374,"_2004Q2":2009.96089,"_2004Q1":2238.68976,"_2003Q4":2404.507,"_2003Q3":1488.587,"_2003Q2":1976.926,"_2003Q1":1433.526,"_2002Q4":1476.083,"_2002Q3":1189.52,"_2002Q2":2225.378,"_2002Q1":1346.576,"_2001Q4":956.333,"_2001Q3":1016.083,"_2001Q2":1894.767,"_2001Q1":1644.753}},{"p":"ELEC.GEN.SUN-NEW-99.Q","v":{"_2015Q4":160.52586,"_2015Q3":234.41404,"_2015Q2":240.70705,"_2015Q1":156.47501,"_2014Q4":93.3754,"_2014Q3":121.8308,"_2014Q2":94.24306,"_2014Q1":41.91732,"_2013Q4":43.32796,"_2013Q3":37.31116,"_2013Q2":28.97752,"_2013Q1":16.13997,"_2012Q4":10.00263,"_2012Q3":13.43139,"_2012Q2":9.08264,"_2012Q1":2.16167,"_2011Q4":1.35129,"_2011Q3":2.3133,"_2011Q2":2.24446,"_2011Q1":0.67042,"_2010Q4":0.25829,"_2010Q3":0.41673,"_2010Q2":0.22485,"_2010Q1":0.02772,"_2009Q4":0.00602,"_2009Q3":0.0159,"_2009Q2":0.01518,"_2009Q1":0.00549,"_2008Q4":0.00958,"_2008Q3":0.02892,"_2008Q2":0.02993,"_2008Q1":0.01174}},{"p":"ELEC.GEN.WND-NEW-99.Q","v":{"_2015Q4":707.25421,"_2015Q3":349.75155,"_2015Q2":522.71824,"_2015Q1":669.66865,"_2014Q4":590.26795,"_2014Q3":362.78304,"_2014Q2":464.01932,"_2014Q1":638.03774,"_2013Q4":551.25609,"_2013Q3":360.85402,"_2013Q2":440.14581,"_2013Q1":528.11984,"_2012Q4":392.33748,"_2012Q3":234.63817,"_2012Q2":282.14072,"_2012Q1":384.45055,"_2011Q4":316.94861,"_2011Q3":146.8806,"_2011Q2":166.78984,"_2011Q1":239.59426,"_2010Q4":240.8913,"_2010Q3":null,"_2010Q2":null,"_2010Q1":149.60988,"_2009Q4":122.2081,"_2009Q3":68.37483,"_2009Q2":92.24999,"_2009Q1":95.81196,"_2008Q4":55.10008,"_2008Q3":25.93641,"_2008Q2":29.66134,"_2008Q1":45.14918,"_2007Q4":43.954,"_2007Q3":29.156,"_2007Q2":32.927,"_2007Q1":3.545,"_2006Q4":3.359,"_2006Q3":2.251,"_2006Q2":2.134,"_2006Q1":2.944,"_2005Q4":3.569,"_2005Q3":2.062,"_2005Q2":2.232,"_2005Q1":3.623,"_2004Q4":3.737,"_2004Q3":1.67,"_2004Q2":2.856,"_2004Q1":3.101,"_2003Q4":3.64,"_2003Q3":2.138,"_2003Q2":1.879,"_2003Q1":3.172,"_2002Q4":3.342,"_2002Q3":1.792,"_2002Q2":2.603,"_2002Q1":2.635,"_2001Q4":3.482,"_2001Q3":1.745,"_2001Q2":2.65,"_2001Q1":4.256}},{"p":"ELEC.GEN.SPV-NEW-99.Q","v":{"_2015Q4":160.52586,"_2015Q3":234.41404,"_2015Q2":240.70705,"_2015Q1":156.47501,"_2014Q4":92.99157,"_2014Q3":121.307,"_2014Q2":93.744,"_2014Q1":41.63803,"_2013Q4":42.77705,"_2013Q3":36.74542,"_2013Q2":28.49536,"_2013Q1":15.85379,"_2012Q4":10.00263,"_2012Q3":13.43139,"_2012Q2":9.08264,"_2012Q1":2.16167,"_2011Q4":1.35129,"_2011Q3":2.3133,"_2011Q2":2.24446,"_2011Q1":0.67042,"_2010Q4":0.25829,"_2010Q3":0.41673,"_2010Q2":0.22485,"_2010Q1":0.02772,"_2009Q4":0.00602,"_2009Q3":0.0159,"_2009Q2":0.01518,"_2009Q1":0.00549,"_2008Q4":0.00958,"_2008Q3":0.02892,"_2008Q2":0.02993,"_2008Q1":0.01174}},{"p":"ELEC.GEN.STH-NEW-99.Q","v":{"_2014Q4":0.38383,"_2014Q3":0.52381,"_2014Q2":0.49907,"_2014Q1":0.27931,"_2013Q4":0.55091,"_2013Q3":0.56573,"_2013Q2":0.48216,"_2013Q1":0.28619}},{"p":"ELEC.GEN.HPS-NEW-99.Q","v":{"_2015Q4":-105.962,"_2015Q3":-142.934,"_2015Q2":-108.837,"_2015Q1":-119.855,"_2014Q4":-110.471,"_2014Q3":-120.749,"_2014Q2":-109.602,"_2014Q1":-110.554,"_2013Q4":-106.894,"_2013Q3":-80.87,"_2013Q2":-91.527,"_2013Q1":-89.666,"_2012Q4":-67.279,"_2012Q3":-117.779,"_2012Q2":-62.787,"_2012Q1":-56.984,"_2011Q4":-99.689,"_2011Q3":-133.248,"_2011Q2":-85.683,"_2011Q1":-116.007,"_2010Q4":-67.338,"_2010Q3":-35.941,"_2010Q2":-77.285,"_2010Q1":-147.013,"_2009Q4":-145.76,"_2009Q3":-173.69,"_2009Q2":-112.996,"_2009Q1":-95.805,"_2008Q4":-123.389,"_2008Q3":-356.079,"_2008Q2":-166.732,"_2008Q1":-145.409,"_2007Q4":-341.161,"_2007Q3":-217.107,"_2007Q2":-144.428,"_2007Q1":-143.206,"_2006Q4":-145.257,"_2006Q3":-161.634,"_2006Q2":-147.517,"_2006Q1":-124.49,"_2005Q4":-128.467,"_2005Q3":-138.343,"_2005Q2":-113.99,"_2005Q1":-82.496,"_2004Q4":-124.703,"_2004Q3":-120.13,"_2004Q2":-122.744,"_2004Q1":-123.034,"_2003Q4":-125.968,"_2003Q3":-134.075,"_2003Q2":-124.497,"_2003Q1":-126.407,"_2002Q4":-248.401,"_2002Q3":-270.064,