{"p":"NEW","c":[{"p":"ELEC.GEN.NUC-NEW-99.Q","c":{"2015Q4":6681.012,"2015Q3":8703.978,"2015Q2":8072.833,"2015Q1":8432.104,"2014Q4":8881.676,"2014Q3":9976.754,"2014Q2":8015.92,"2014Q1":9964.27,"2013Q4":9989.883,"2013Q3":9692.223,"2013Q2":8166.464,"2013Q1":9334.707,"2012Q4":8248.939,"2012Q3":8978.714,"2012Q2":9369.285,"2012Q1":9519.008,"2011Q4":7375.84,"2011Q3":9731.416,"2011Q2":7213.58,"2011Q1":9962.383,"2010Q4":10065.428,"2010Q3":10060.251,"2010Q2":8397.929,"2010Q1":9837.037,"2009Q4":6911.851,"2009Q3":9704.736,"2009Q2":9576.346,"2009Q1":10037.751,"2008Q4":8472.868,"2008Q3":9849.562,"2008Q2":7616.223,"2008Q1":9608.299,"2007Q4":10016.207,"2007Q3":9717.113,"2007Q2":7716.124,"2007Q1":9524.099,"2006Q4":7885.87,"2006Q3":9862.583,"2006Q2":9712.974,"2006Q1":9462.056,"2005Q4":8638.986,"2005Q3":9643.445,"2005Q2":6911.72,"2005Q1":9370.46,"2004Q4":9656.029,"2004Q3":9514.764,"2004Q2":7925.434,"2004Q1":9417.063,"2003Q4":7526.496,"2003Q3":9488.339,"2003Q2":8953.077,"2003Q1":8808.578,"2002Q4":8857.962,"2002Q3":8589.159,"2002Q2":8119.172,"2002Q1":8377.978,"2001Q4":9269.31,"2001Q3":9323.722,"2001Q2":8409.082,"2001Q1":6433.549}},{"p":"ELEC.GEN.OOG-NEW-99.Q","c":{"2010Q4":9.33964,"2010Q3":4.10456,"2010Q2":0.4219,"2010Q1":0.06975,"2009Q4":0,"2009Q3":0,"2009Q2":0,"2009Q1":0,"2008Q4":0,"2008Q3":0,"2008Q2":0,"2008Q1":0,"2007Q4":0.69881,"2007Q3":0.39439,"2007Q2":0.46466,"2007Q1":0.63776,"2006Q4":0.411,"2006Q3":0.538,"2006Q2":0.254,"2006Q1":0.444,"2005Q4":0.37649,"2005Q3":0.43144,"2005Q2":0.38995,"2005Q1":0.42212,"2004Q4":0.00931,"2004Q3":0.0103,"2004Q2":0.00986,"2004Q1":0.009,"2003Q4":0.004,"2003Q3":0.01,"2003Q2":0.013,"2003Q1":0.007,"2002Q4":0.022,"2002Q3":0.008,"2002Q2":0.008,"2002Q1":8.844,"2001Q4":0.368,"2001Q3":0.301,"2001Q2":0.322,"2001Q1":0.507}},{"p":"ELEC.GEN.AOR-NEW-99.Q","c":{"2015Q4":2726.11707,"2015Q3":2543.19977,"2015Q2":2453.56287,"2015Q1":2815.79886,"2014Q4":2653.30364,"2014Q3":2410.67335,"2014Q2":2283.36723,"2014Q1":2609.52405,"2013Q4":2528.05803,"2013Q3":2380.32986,"2013Q2":2169.66673,"2013Q1":2408.49535,"2012Q4":2307.45432,"2012Q3":2170.57344,"2012Q2":1928.78457,"2012Q1":2150.27558,"2011Q4":2094.81116,"2011Q3":2094.59547,"2011Q2":1785.70761,"2011Q1":2040.09722,"2010Q4":2012.65258,"2010Q3":2012.522,"2010Q2":1955.8376,"2010Q1":2039.29497,"2009Q4":1999.10791,"2009Q3":1977.03623,"2009Q2":1791.66905,"2009Q1":1930.00033,"2008Q4":1950.51442,"2008Q3":1987.5693,"2008Q2":1864.27437,"2008Q1":2003.24736,"2007Q4":2024.58743,"2007Q3":2091.9985,"2007Q2":1863.14425,"2007Q1":1938.88982,"2006Q4":1889.41184,"2006Q3":1895.75819,"2006Q2":1680.82971,"2006Q1":1889.00291,"2005Q4":1875.91382,"2005Q3":1991.80823,"2005Q2":1757.76823,"2005Q1":1818.22238,"2004Q4":1799.93238,"2004Q3":1765.56414,"2004Q2":1654.47842,"2004Q1":1754.63674,"2003Q4":1708.51743,"2003Q3":1866.79189,"2003Q2":1641.78685,"2003Q1":1710.69835,"2002Q4":1860.3193,"2002Q3":1922.79391,"2002Q2":1806.69945,"2002Q1":1875.88667,"2001Q4":1804.80853,"2001Q3":1950.94768,"2001Q2":1865.99978,"2001Q1":1937.45765}},{"p":"ELEC.GEN.HYC-NEW-99.Q","c":{"2015Q4":1989.28167,"2015Q3":1680.32737,"2015Q2":2078.38265,"2015Q1":1890.16148,"2014Q4":1713.21298,"2014Q3":1521.84672,"2014Q2":2512.44786,"2014Q1":1772.42517,"2013Q4":1550.02344,"2013Q3":1718.77698,"2013Q2":2414.57236,"2013Q1":1988.07164,"2012Q4":1956.49508,"2012Q3":1202.10564,"2012Q2":2104.18818,"2012Q1":2097.29548,"2011Q4":2275.08344,"2011Q3":1535.32593,"2011Q2":2754.40675,"2011Q1":2167.32074,"2010Q4":2340.58078,"2010Q3":1204.68068,"2010Q2":2255.85786,"2010Q1":2224.444,"2009Q4":2090.97616,"2009Q3":2082.46727,"2009Q2":2528.40377,"2009Q1":2391.50653,"2008Q4":2165.58638,"2008Q3":2139.41118,"2008Q2":2495.83619,"2008Q1":2499.66527,"2007Q4":1774.41799,"2007Q3":1133.64723,"2007Q2":2127.64301,"2007Q1":1779.39977,"2006Q4":2079.8008,"2006Q3":2224.2233,"2006Q2":2581.27891,"2006Q1":2502.84956,"2005Q4":2451.49671,"2005Q3":1531.42011,"2005Q2":2485.10242,"2005Q1":2159.5043,"2004Q4":1485.19208,"2004Q3":1665.77374,"2004Q2":2009.96089,"2004Q1":2238.68976,"2003Q4":2404.507,"2003Q3":1488.587,"2003Q2":1976.926,"2003Q1":1433.526,"2002Q4":1476.083,"2002Q3":1189.52,"2002Q2":2225.378,"2002Q1":1346.576,"2001Q4":956.333,"2001Q3":1016.083,"2001Q2":1894.767,"2001Q1":1644.753}},{"p":"ELEC.GEN.SUN-NEW-99.Q","c":{"2015Q4":160.52586,"2015Q3":234.41404,"2015Q2":240.70705,"2015Q1":156.47501,"2014Q4":93.3754,"2014Q3":121.8308,"2014Q2":94.24306,"2014Q1":41.91732,"2013Q4":43.32796,"2013Q3":37.31116,"2013Q2":28.97752,"2013Q1":16.13997,"2012Q4":10.00263,"2012Q3":13.43139,"2012Q2":9.08264,"2012Q1":2.16167,"2011Q4":1.35129,"2011Q3":2.3133,"2011Q2":2.24446,"2011Q1":0.67042,"2010Q4":0.25829,"2010Q3":0.41673,"2010Q2":0.22485,"2010Q1":0.02772,"2009Q4":0.00602,"2009Q3":0.0159,"2009Q2":0.01518,"2009Q1":0.00549,"2008Q4":0.00958,"2008Q3":0.02892,"2008Q2":0.02993,"2008Q1":0.01174}},{"p":"ELEC.GEN.WND-NEW-99.Q","c":{"2015Q4":707.25421,"2015Q3":349.75155,"2015Q2":522.71824,"2015Q1":669.66865,"2014Q4":590.26795,"2014Q3":362.78304,"2014Q2":464.01932,"2014Q1":638.03774,"2013Q4":551.25609,"2013Q3":360.85402,"2013Q2":440.14581,"2013Q1":528.11984,"2012Q4":392.33748,"2012Q3":234.63817,"2012Q2":282.14072,"2012Q1":384.45055,"2011Q4":316.94861,"2011Q3":146.8806,"2011Q2":166.78984,"2011Q1":239.59426,"2010Q4":240.8913,"2010Q3":null,"2010Q2":null,"2010Q1":149.60988,"2009Q4":122.2081,"2009Q3":68.37483,"2009Q2":92.24999,"2009Q1":95.81196,"2008Q4":55.10008,"2008Q3":25.93641,"2008Q2":29.66134,"2008Q1":45.14918,"2007Q4":43.954,"2007Q3":29.156,"2007Q2":32.927,"2007Q1":3.545,"2006Q4":3.359,"2006Q3":2.251,"2006Q2":2.134,"2006Q1":2.944,"2005Q4":3.569,"2005Q3":2.062,"2005Q2":2.232,"2005Q1":3.623,"2004Q4":3.737,"2004Q3":1.67,"2004Q2":2.856,"2004Q1":3.101,"2003Q4":3.64,"2003Q3":2.138,"2003Q2":1.879,"2003Q1":3.172,"2002Q4":3.342,"2002Q3":1.792,"2002Q2":2.603,"2002Q1":2.635,"2001Q4":3.482,"2001Q3":1.745,"2001Q2":2.65,"2001Q1":4.256}},{"p":"ELEC.GEN.SPV-NEW-99.Q","c":{"2015Q4":160.52586,"2015Q3":234.41404,"2015Q2":240.70705,"2015Q1":156.47501,"2014Q4":92.99157,"2014Q3":121.307,"2014Q2":93.744,"2014Q1":41.63803,"2013Q4":42.77705,"2013Q3":36.74542,"2013Q2":28.49536,"2013Q1":15.85379,"2012Q4":10.00263,"2012Q3":13.43139,"2012Q2":9.08264,"2012Q1":2.16167,"2011Q4":1.35129,"2011Q3":2.3133,"2011Q2":2.24446,"2011Q1":0.67042,"2010Q4":0.25829,"2010Q3":0.41673,"2010Q2":0.22485,"2010Q1":0.02772,"2009Q4":0.00602,"2009Q3":0.0159,"2009Q2":0.01518,"2009Q1":0.00549,"2008Q4":0.00958,"2008Q3":0.02892,"2008Q2":0.02993,"2008Q1":0.01174}},{"p":"ELEC.GEN.STH-NEW-99.Q","c":{"2014Q4":0.38383,"2014Q3":0.52381,"2014Q2":0.49907,"2014Q1":0.27931,"2013Q4":0.55091,"2013Q3":0.56573,"2013Q2":0.48216,"2013Q1":0.28619}},{"p":"ELEC.GEN.HPS-NEW-99.Q","c":{"2015Q4":-105.962,"2015Q3":-142.934,"2015Q2":-108.837,"2015Q1":-119.855,"2014Q4":-110.471,"2014Q3":-120.749,"2014Q2":-109.602,"2014Q1":-110.554,"2013Q4":-106.894,"2013Q3":-80.87,"2013Q2":-91.527,"2013Q1":-89.666,"2012Q4":-67.279,"2012Q3":-117.779,"2012Q2":-62.787,"2012Q1":-56.984,"2011Q4":-99.689,"2011Q3":-133.248,"2011Q2":-85.683,"2011Q1":-116.007,"2010Q4":-67.338,"2010Q3":-35.941,"2010Q2":-77.285,"2010Q1":-147.013,"2009Q4":-145.76,"2009Q3":-173.69,"2009Q2":-112.996,"2009Q1":-95.805,"2008Q4":-123.389,"2008Q3":-356.079,"2008Q2":-166.732,"2008Q1":-145.409,"2007Q4":-341.161,"2007Q3":-217.107,"2007Q2":-144.428,"2007Q1":-143.206,"2006Q4":-145.257,"2006Q3":-161.634,"2006Q2":-147.517,"2006Q1":-124.49,"2005Q4":-128.467,"2005Q3":-138.343,"2005Q2":-113.99,"2005Q1":-82.496,"2004Q4":-124.703,"2004Q3":-120.13,"2004Q2":-122.744,"2004Q1":-123.034,"2003Q4":-125.968,"2003Q3":-134.075,"2003Q2":-124.497,"2003Q1":-126.407,"2002Q4":-248.401,"2002Q3":-270.064,"2002Q2":-185.476,"2002Q1":-149.061,"2001Q4":-174.931,"2001Q3":-207.068,"2001Q2":-184.524,"2001Q1":-144.826}},{"p":"ELEC.GEN.WAS-NEW-99.Q","c":{"2015Q4":578.9372,"2015Q3":581.76791,"2015Q2":569.59083,"2015Q1":545.23928,"2014Q4":581.23802,"2014Q3":588.8306,"2014Q2":585.55087,"2014Q1":528.86568,"2013Q4":568.53423,"2013Q3":539.50765,"2013Q2":548.90548,"2013Q1":482.84569,"2012Q4":571.72882,"2012Q3":571.44218,