{"p":"NH","c":[{"p":"ELEC.GEN.NUC-NH-99.Q","v":{"_2015Q4":1393.316,"_2015Q3":2675.115,"_2015Q2":2723.616,"_2015Q1":2692.157,"_2014Q4":2754.214,"_2014Q3":2751.427,"_2014Q2":1972.354,"_2014Q1":2690.27,"_2013Q4":2754.829,"_2013Q3":2751.761,"_2013Q2":2725.37,"_2013Q1":2694.765,"_2012Q4":1821.806,"_2012Q3":1920.381,"_2012Q2":2242.668,"_2012Q1":2204.326,"_2011Q4":1867.192,"_2011Q3":2749.075,"_2011Q2":1081.556,"_2011Q1":2664.984,"_2010Q4":2745.867,"_2010Q3":2747.429,"_2010Q2":2724.948,"_2010Q1":2691.811,"_2009Q4":666.452,"_2009Q3":2744.724,"_2009Q2":2718.822,"_2009Q1":2686.675,"_2008Q4":2747.669,"_2008Q3":2749.288,"_2008Q2":1523.703,"_2008Q1":2329.654,"_2007Q4":2748.732,"_2007Q3":2749.087,"_2007Q2":2680.957,"_2007Q1":2585.108,"_2006Q4":1513.408,"_2006Q3":2583.993,"_2006Q2":2665.659,"_2006Q1":2634.796,"_2005Q4":2696.553,"_2005Q3":2692.642,"_2005Q2":1646.306,"_2005Q1":2420.384,"_2004Q4":2559.134,"_2004Q3":2557.465,"_2004Q2":2531.907,"_2004Q1":2529.067,"_2003Q4":1703.035,"_2003Q3":2543.957,"_2003Q2":2529.69,"_2003Q1":2499.606,"_2002Q4":2556.591,"_2002Q3":2552.449,"_2002Q2":1684.044,"_2002Q1":2501.533,"_2001Q4":2387.254,"_2001Q3":2531.883,"_2001Q2":2506.045,"_2001Q1":1267.561}},{"p":"ELEC.GEN.AOR-NH-99.Q","v":{"_2015Q4":518.93518,"_2015Q3":510.34252,"_2015Q2":516.88218,"_2015Q1":518.79651,"_2014Q4":543.40208,"_2014Q3":473.24848,"_2014Q2":439.76385,"_2014Q1":495.97431,"_2013Q4":443.13007,"_2013Q3":406.36847,"_2013Q2":406.47057,"_2013Q1":439.43383,"_2012Q4":373.54955,"_2012Q3":336.45536,"_2012Q2":334.49066,"_2012Q1":336.78949,"_2011Q4":288.48483,"_2011Q3":299.61529,"_2011Q2":200.45894,"_2011Q1":302.66383,"_2010Q4":326.23189,"_2010Q3":307.95752,"_2010Q2":284.44199,"_2010Q1":313.58692,"_2009Q4":298.5791,"_2009Q3":332.06415,"_2009Q2":274.10978,"_2009Q1":293.18335,"_2008Q4":315.87694,"_2008Q3":298.7495,"_2008Q2":280.82282,"_2008Q1":279.53454,"_2007Q4":293.50664,"_2007Q3":299.69928,"_2007Q2":265.16421,"_2007Q1":264.90159,"_2006Q4":233.71553,"_2006Q3":181.12067,"_2006Q2":152.93602,"_2006Q1":178.60756,"_2005Q4":239.39399,"_2005Q3":247.71787,"_2005Q2":224.72645,"_2005Q1":230.05841,"_2004Q4":221.44077,"_2004Q3":224.64447,"_2004Q2":209.11517,"_2004Q1":228.0507,"_2003Q4":201.44999,"_2003Q3":220.59355,"_2003Q2":173.19177,"_2003Q1":200.66035,"_2002Q4":212.66648,"_2002Q3":197.20628,"_2002Q2":220.07672,"_2002Q1":235.0054,"_2001Q4":247.01681,"_2001Q3":255.72544,"_2001Q2":255.655,"_2001Q1":267.22333}},{"p":"ELEC.GEN.HYC-NH-99.Q","v":{"_2015Q4":351.0329,"_2015Q3":null,"_2015Q2":500.39471,"_2015Q1":289.75966,"_2014Q4":288.04197,"_2014Q3":209.35454,"_2014Q2":586.87075,"_2014Q1":297.09474,"_2013Q4":264.0093,"_2013Q3":304.40058,"_2013Q2":517.13266,"_2013Q1":341.65589,"_2012Q4":313.40772,"_2012Q3":159.96207,"_2012Q2":431.57367,"_2012Q1":384.44255,"_2011Q4":359.19995,"_2011Q3":240.2276,"_2011Q2":680.99293,"_2011Q1":324.39052,"_2010Q4":508.29411,"_2010Q3":144.93962,"_2010Q2":436.90599,"_2010Q1":387.44328,"_2009Q4":412.05095,"_2009Q3":367.95132,"_2009Q2":537.27126,"_2009Q1":363.21834,"_2008Q4":329.83519,"_2008Q3":422.57937,"_2008Q2":533.88267,"_2008Q1":346.92687,"_2007Q4":320.77084,"_2007Q3":153.075,"_2007Q2":489.9388,"_2007Q1":301.44423,"_2006Q4":369.129,"_2006Q3":282.42073,"_2006Q2":463.92309,"_2006Q1":413.43714,"_2005Q4":590.98304,"_2005Q3":236.58448,"_2005Q2":603.79526,"_2005Q1":367.54034,"_2004Q4":255.34119,"_2004Q3":275.31704,"_2004Q2":467.95411,"_2004Q1":317.14399,"_2003Q4":474.038,"_2003Q3":223.636,"_2003Q2":389.004,"_2003Q1":244.591,"_2002Q4":299.207,"_2002Q3":112.887,"_2002Q2":487.397,"_2002Q1":241.446,"_2001Q4":159.598,"_2001Q3":148.863,"_2001Q2":406.857,"_2001Q1":275.261}},{"p":"ELEC.GEN.WND-NH-99.Q","v":{"_2015Q4":119.5298,"_2015Q3":63.21041,"_2015Q2":102.29727,"_2015Q1":134.14207,"_2014Q4":111.24675,"_2014Q3":72.24703,"_2014Q2":97.17296,"_2014Q1":130.91425,"_2013Q4":99.49125,"_2013Q3":78.41132,"_2013Q2":101.7976,"_2013Q1":109.48384,"_2012Q4":64.74075,"_2012Q3":48.16671,"_2012Q2":52.76671,"_2012Q1":43.02484,"_2011Q4":23.34473,"_2011Q3":10.94974,"_2011Q2":12.70532,"_2011Q1":19.09222,"_2010Q4":29.62304,"_2010Q3":12.53369,"_2010Q2":14.94785,"_2010Q1":18.58344,"_2009Q4":17.00703,"_2009Q3":12.10148,"_2009Q2":16.33098,"_2009Q1":17.0375,"_2008Q4":10.319,"_2008Q3":0,"_2008Q2":0,"_2008Q1":0}},{"p":"ELEC.GEN.WAS-NH-99.Q","v":{"_2015Q4":32.3834,"_2015Q3":34.33992,"_2015Q2":32.61528,"_2015Q1":29.82292,"_2014Q4":30.66522,"_2014Q3":31.08449,"_2014Q2":30.73755,"_2014Q1":32.90533,"_2013Q4":34.84636,"_2013Q3":33.54512,"_2013Q2":32.57524,"_2013Q1":36.31973,"_2012Q4":36.10742,"_2012Q3":33.27453,"_2012Q2":31.55739,"_2012Q1":36.35216,"_2011Q4":28.68553,"_2011Q3":27.66157,"_2011Q2":23.41709,"_2011Q1":28.29499,"_2010Q4":32.19888,"_2010Q3":31.66928,"_2010Q2":29.91763,"_2010Q1":32.98609,"_2009Q4":38.75162,"_2009Q3":37.59011,"_2009Q2":35.6082,"_2009Q1":39.32848,"_2008Q4":39.72037,"_2008Q3":36.28893,"_2008Q2":38.55486,"_2008Q1":40.46097,"_2007Q4":39.23214,"_2007Q3":39.75556,"_2007Q2":36.29706,"_2007Q1":37.53093,"_2006Q4":39.63158,"_2006Q3":40.08199,"_2006Q2":37.82755,"_2006Q1":38.8576,"_2005Q4":39.97641,"_2005Q3":41.06552,"_2005Q2":39.58284,"_2005Q1":35.54131,"_2004Q4":38.79639,"_2004Q3":38.79639,"_2004Q2":38.79639,"_2004Q1":38.79639,"_2003Q4":39.74199,"_2003Q3":42.78555,"_2003Q2":36.52377,"_2003Q1":39.46835,"_2002Q4":73.83948,"_2002Q3":27.23028,"_2002Q2":33.66872,"_2002Q1":30.4494,"_2001Q4":38.50981,"_2001Q3":39.92944,"_2001Q2":45.744,"_2001Q1":42.67033}},{"p":"ELEC.GEN.WWW-NH-99.Q","v":{"_2015Q4":367.02199,"_2015Q3":412.79219,"_2015Q2":381.96962,"_2015Q1":354.83152,"_2014Q4":401.49012,"_2014Q3":369.91696,"_2014Q2":311.85334,"_2014Q1":332.15472,"_2013Q4":308.79247,"_2013Q3":294.41202,"_2013Q2":272.09773,"_2013Q1":293.63027,"_2012Q4":272.70139,"_2012Q3":255.01411,"_2012Q2":250.16657,"_2012Q1":257.41248,"_2011Q4":236.45456,"_2011Q3":261.00398,"_2011Q2":164.33653,"_2011Q1":255.27663,"_2010Q4":264.40998,"_2010Q3":263.75457,"_2010Q2":239.57653,"_2010Q1":262.0174,"_2009Q4":242.82046,"_2009Q3":282.37255,"_2009Q2":222.17059,"_2009Q1":236.81735,"_2008Q4":265.83757,"_2008Q3":262.46057,"_2008Q2":242.26796,"_2008Q1":239.07354,"_2007Q4":254.2745,"_2007Q3":259.94372,"_2007Q2":228.86716,"_2007Q1":227.37067,"_2006Q4":194.08395,"_2006Q3":141.03868,"_2006Q2":115.10847,"_2006Q1":139.74997,"_2005Q4":199.41758,"_2005Q3":206.65234,"_2005Q2":185.14361,"_2005Q1":194.5171,"_2004Q4":182.6444,"_2004Q3":185.84811,"_2004Q2":170.31879,"_2004Q1":189.25431,"_2003Q4":161.706,"_2003Q3":177.809,"_2003Q2":136.668,"_2003Q1":161.192,"_2002Q4":138.827,"_2002Q3":169.976,"_2002Q2":186.408,"_2002Q1":204.556,"_2001Q4":208.507,"_2001Q3":215.796,"_2001Q2":209.911,"_2001Q1":224.553}},{"p":"ELEC.GEN.TSN-NH-99.Q","v":{"_2015Q4":4.85341,"_2015Q3":6.71533,"_2015Q2":5.6238,"_2015Q1":3.71744,"_2014Q4":2.57533,"_2014Q3":3.90121,"_2014Q2":3.56153,"_2014Q1":2.48885}},{"p":"ELEC.GEN.DPV-NH-99.Q","v":{"_2015Q4":4.85341,"_2015Q3":6.71533,"_2015Q2":5.6238,"_2015Q1":3.71744,"_2014Q4":2.57533,"_2014Q3":3.90121,"_2014Q2":3.56153,"_2014Q1":2.48885}},{"p":"ELEC.GEN.ALL-NH-99.Q","v":{"_2015Q4":3718.58444,"_2015Q3":5315.42753,"_2015Q2":5303.43988,"_2015Q1":5824.27557,"_2014Q4":5056.01914,"_2014Q3":5018.38796,"_2014Q2":4359.45042,"_2014Q1":5104.53746,"_2013Q4":4765.03529,"_2013Q3":5237.56592,"_2013Q2":4356.31268,"_2013Q1":5419.60656,"_2012Q4":4282.71408,"_2012Q3":4809.07412,"_2012Q2":4760.00876,"_2012Q1":5412.63796,"_2011Q4":4530.33905,"_2011Q3":5575.38551,"_2011Q2":3978.38664,"_2011Q1":5981.82982,"_2010Q4":5882.11289,"_2010Q3":6005.9354,"_2010Q2":4990.67635,"_2010Q1":5317.18734,"_2009Q4":3504.95855,"_2009Q3":5165.86354,"_2009Q2":5509.29086,"_2009Q1":5984.00902,"_2008Q4":6116.15258,"_2008Q3":6389.81362,"_2008Q2":4412.93293,"_2008Q1":5958.09243,"_2007Q4":5845.88164,"_2007Q3":6430.70647,"_2007Q2":5510.787,"_2007Q1":5489.79604,"_2006Q4":4816.00989,"_2006Q3":5852.84982,"_2006Q2":4885.68305,"_2006Q1":6509.15179,"_2005Q4":6162.59821,"_2005Q3":6800.4311,"_2005Q2":5320.94183,"_2005Q1":6186.04201,"_2004Q4":5833.50648,"_2004Q3":6124.10957,"_2004Q2":5806.93553,