{"p":"NJ","c":[{"p":"ELEC.GEN.NUC-NJ-99.Q","c":{"2015Q4":7895.425,"2015Q3":8838.688,"2015Q2":7914.621,"2015Q1":8613.026,"2014Q4":7989.691,"2014Q3":8075.151,"2014Q2":6430.998,"2014Q1":9011.281,"2013Q4":7755.672,"2013Q3":8882.381,"2013Q2":7620.076,"2013Q1":9121.559,"2012Q4":7191.972,"2012Q3":8898.977,"2012Q2":8041.981,"2012Q1":8977.294,"2011Q4":8349.987,"2011Q3":8545.502,"2011Q2":7734.565,"2011Q1":8976.393,"2010Q4":7428.607,"2010Q3":8412.112,"2010Q2":8103.776,"2010Q1":8826.81,"2009Q4":8450.838,"2009Q3":8957.055,"2009Q2":8142.242,"2009Q1":8777.819,"2008Q4":7783.908,"2008Q3":8975.327,"2008Q2":7456.14,"2008Q1":7979.423,"2007Q4":7717.867,"2007Q3":8467.389,"2007Q2":7428.893,"2007Q1":8396.227,"2006Q4":7797.004,"2006Q3":8501.039,"2006Q2":7802.242,"2006Q1":8467.6,"2005Q4":8121.925,"2005Q3":8434.612,"2005Q2":7036.625,"2005Q1":7798.523,"2004Q4":5448.745,"2004Q3":7918.666,"2004Q2":5664.614,"2004Q1":8049.541,"2003Q4":6620.522,"2003Q3":7621.296,"2003Q2":7537.079,"2003Q1":7930.304,"2002Q4":7484.737,"2002Q3":8445.325,"2002Q2":6958.486,"2002Q1":7977.127,"2001Q4":7129.764,"2001Q3":8235.769,"2001Q2":6736.74,"2001Q1":8366.957}},{"p":"ELEC.GEN.OOG-NJ-99.Q","c":{"2015Q4":null,"2015Q3":null,"2015Q2":null,"2015Q1":null,"2014Q4":null,"2014Q3":45.13509,"2014Q2":44.56761,"2014Q1":null,"2013Q4":56.64315,"2013Q3":53.08713,"2013Q2":55.63629,"2013Q1":57.79745,"2012Q4":38.0074,"2012Q3":33.9362,"2012Q2":32.73076,"2012Q1":37.50636,"2011Q4":36.57417,"2011Q3":32.99157,"2011Q2":32.84048,"2011Q1":36.76895,"2010Q4":31.02904,"2010Q3":22.86204,"2010Q2":23.39472,"2010Q1":29.1226,"2009Q4":42.46423,"2009Q3":39.40355,"2009Q2":38.63434,"2009Q1":49.22798,"2008Q4":37.49186,"2008Q3":37.40429,"2008Q2":39.57532,"2008Q1":44.35427,"2007Q4":36.71556,"2007Q3":38.92921,"2007Q2":39.6622,"2007Q1":45.24234,"2006Q4":24.11394,"2006Q3":29.08553,"2006Q2":28.86242,"2006Q1":28.20352,"2005Q4":15.61055,"2005Q3":17.88893,"2005Q2":14.96628,"2005Q1":16.46607,"2004Q4":9.64882,"2004Q3":8.63002,"2004Q2":9.63629,"2004Q1":10.86416,"2003Q4":60.874,"2003Q3":59.97,"2003Q2":60.938,"2003Q1":73.592,"2002Q4":21.493,"2002Q3":27.284,"2002Q2":20.686,"2002Q1":21.02,"2001Q4":112.187,"2001Q3":115.047,"2001Q2":105.795,"2001Q1":115.856}},{"p":"ELEC.GEN.AOR-NJ-99.Q","c":{"2015Q4":440.05151,"2015Q3":499.66419,"2015Q2":493.17588,"2015Q1":394.29398,"2014Q4":360.76896,"2014Q3":425.29523,"2014Q2":417.64474,"2014Q1":331.8248,"2013Q4":362.11678,"2013Q3":386.35188,"2013Q2":384.53934,"2013Q1":314.10996,"2012Q4":278.39115,"2012Q3":345.19658,"2012Q2":344.73598,"2012Q1":312.39092,"2011Q4":247.55757,"2011Q3":257.64366,"2011Q2":231.57928,"2011Q1":218.73128,"2010Q4":212.99609,"2010Q3":218.12001,"2010Q2":222.6733,"2010Q1":196.26425,"2009Q4":238.01621,"2009Q3":261.69733,"2009Q2":243.16135,"2009Q1":216.95621,"2008Q4":230.39026,"2008Q3":232.05024,"2008Q2":227.59803,"2008Q1":215.25104,"2007Q4":219.12717,"2007Q3":223.51375,"2007Q2":202.36362,"2007Q1":198.57301,"2006Q4":231.75773,"2006Q3":231.61531,"2006Q2":228.70118,"2006Q1":224.70917,"2005Q4":223.75751,"2005Q3":227.71406,"2005Q2":224.23669,"2005Q1":199.19696,"2004Q4":202.12845,"2004Q3":205.6959,"2004Q2":207.34717,"2004Q1":190.66001,"2003Q4":222.75736,"2003Q3":236.8348,"2003Q2":225.23147,"2003Q1":221.9488,"2002Q4":214.01748,"2002Q3":222.62632,"2002Q2":206.85208,"2002Q1":203.70388,"2001Q4":214.62357,"2001Q3":219.8903,"2001Q2":210.98749,"2001Q1":198.13073}},{"p":"ELEC.GEN.HYC-NJ-99.Q","c":{"2015Q4":null,"2015Q3":null,"2015Q2":null,"2015Q1":null,"2014Q4":4.36732,"2014Q3":4.19059,"2014Q2":4.60506,"2014Q1":4.13304,"2013Q4":4.85607,"2013Q3":4.44923,"2013Q2":4.31711,"2013Q1":4.6516,"2012Q4":2.50452,"2012Q3":2.22908,"2012Q2":2.71775,"2012Q1":3.30364,"2011Q4":6.68024,"2011Q3":5.82639,"2011Q2":6.4299,"2011Q1":5.47046,"2010Q4":4.74835,"2010Q3":4.18424,"2010Q2":4.42555,"2010Q1":4.76087,"2009Q4":8.12436,"2009Q3":7.64481,"2009Q2":8.25263,"2009Q1":8.05902,"2008Q4":6.40131,"2008Q3":5.9578,"2008Q2":6.62091,"2008Q1":6.79302,"2007Q4":5.02569,"2007Q3":4.43714,"2007Q2":5.39516,"2007Q1":6.05107,"2006Q4":6.68491,"2006Q3":9.09576,"2006Q2":9.71382,"2006Q1":9.94177,"2005Q4":9.03143,"2005Q3":4.93907,"2005Q2":8.53292,"2005Q1":8.60921,"2004Q4":9.37581,"2004Q3":9.37581,"2004Q2":9.37581,"2004Q1":9.37581,"2003Q4":8.57,"2003Q3":10.831,"2003Q2":8.977,"2003Q1":10.511,"2002Q4":2.823,"2002Q3":3.64,"2002Q2":2.725,"2002Q1":2.841,"2001Q4":4.208,"2001Q3":5.129,"2001Q2":4.153,"2001Q1":4.512}},{"p":"ELEC.GEN.SUN-NJ-99.Q","c":{"2015Q4":172.1216,"2015Q3":241.21847,"2015Q2":246.77469,"2015Q1":164.13799,"2014Q4":91.54194,"2014Q3":166.24086,"2014Q2":160.60841,"2014Q1":95.86121,"2013Q4":93.5347,"2013Q3":125.31797,"2013Q2":138.72181,"2013Q1":79.83431,"2012Q4":58.06928,"2012Q3":91.01702,"2012Q2":91.94083,"2012Q1":63.29893,"2011Q4":16.52702,"2011Q3":21.97204,"2011Q2":22.64977,"2011Q1":7.7288,"2010Q4":3.4069,"2010Q3":8.00676,"2010Q2":7.64199,"2010Q1":2.02816,"2009Q4":2.09248,"2009Q3":4.47062,"2009Q2":3.1693,"2009Q1":0.97462,"2008Q4":0.32687,"2008Q3":0.95956,"2008Q2":0.99295,"2008Q1":0.38964}},{"p":"ELEC.GEN.WND-NJ-99.Q","c":{"2015Q4":null,"2015Q3":null,"2015Q2":null,"2015Q1":null,"2014Q4":6.92567,"2014Q3":3.59534,"2014Q2":5.18493,"2014Q1":7.14907,"2013Q4":3.30413,"2013Q3":1.485,"2013Q2":2.75958,"2013Q1":3.32829,"2012Q4":3.53505,"2012Q3":1.73932,"2012Q2":2.52223,"2012Q1":3.77141,"2011Q4":3.16756,"2011Q3":1.61616,"2011Q2":2.53904,"2011Q1":3.20023,"2010Q4":3.83378,"2010Q3":2.41911,"2010Q2":2.85121,"2010Q1":3.5489,"2009Q4":6.97251,"2009Q3":3.79135,"2009Q2":5.33525,"2009Q1":4.8189,"2008Q4":6.82664,"2008Q3":3.5209,"2008Q2":5.68789,"2008Q1":4.84959,"2007Q4":5.27151,"2007Q3":3.3637,"2007Q2":4.50218,"2007Q1":7.2746,"2006Q4":5.9505,"2006Q3":3.46739,"2006Q2":4.73986,"2006Q1":1.83325}},{"p":"ELEC.GEN.SPV-NJ-99.Q","c":{"2015Q4":172.1216,"2015Q3":241.21847,"2015Q2":246.77469,"2015Q1":164.13799,"2014Q4":91.54194,"2014Q3":166.24086,"2014Q2":160.60841,"2014Q1":95.86121,"2013Q4":93.5347,"2013Q3":125.31797,"2013Q2":138.72181,"2013Q1":79.83431,"2012Q4":58.06928,"2012Q3":91.01702,"2012Q2":91.94083,"2012Q1":63.29893,"2011Q4":16.52702,"2011Q3":21.97204,"2011Q2":22.64977,"2011Q1":7.7288,"2010Q4":3.4069,"2010Q3":8.00676,"2010Q2":7.64199,"2010Q1":2.02816,"2009Q4":2.09248,"2009Q3":4.47062,"2009Q2":3.1693,"2009Q1":0.97462,"2008Q4":0.32687,"2008Q3":0.95956,"2008Q2":0.99295,"2008Q1":0.38964}},{"p":"ELEC.GEN.HPS-NJ-99.Q","c":{"2015Q4":-24.553,"2015Q3":-56.562,"2015Q2":-39.588,"2015Q1":-48.874,"2014Q4":-70.415,"2014Q3":-61.703,"2014Q2":-45.785,"2014Q1":-59.001,"2013Q4":-46.38,"2013Q3":-62.835,"2013Q2":-49.983,"2013Q1":-42.935,"2012Q4":-44.311,"2012Q3":-65.38,"2012Q2":-29.264,"2012Q1":-27.221,"2011Q4":-34.999,"2011Q3":-66.463,"2011Q2":-44.191,"2011Q1":-51.125,"2010Q4":-41.438,"2010Q3":-60.279,"2010Q2":-52.963,"2010Q1":-39.092,"2009Q4":-37.433,"2009Q3":-56.863,"2009Q2":-59.06,"2009Q1":-48.358,"2008Q4":-53.936,"2008Q3":-83.144,"2008Q2":-72.603,"2008Q1":-65.162,"2007Q4":-55.874,"2007Q3":-76.103,"2007Q2":-68.969,"2007Q1":-67.988,"2006Q4":-71.512,"2006Q3":-85.842,"2006Q2":-70.887,"2006Q1":-70.36,"2005Q4":-62.584,"2005Q3":-82.627,"2005Q2":-68.937,"2005Q1":-68.559,"2004Q4":-70.464,"2004Q3":-76.236,"2004Q2":-71.689,"2004Q1":-68.85,"2003Q4":-35.367,"2003Q3":-37.699,"2003Q2":-11.28,"2003Q1":-35.536,"2002Q4":-36.876,"2002Q3":-43.404,"2002Q2":-32.693,"2002Q1":-32.827,"2001Q4":-29.828,"2001Q3":-41.071,"2001Q2":-35.888,"2001Q1":-34.953}},{"p":"ELEC.GEN.WAS-NJ-99.Q","c":{"2015Q4":261.282,"2015Q3":254.29044,"2015Q2":241.10208,"2015Q1":224.11418,"2014Q4":262.30136,"2014Q3":255.45905,"2014Q2":251.8514,"2014Q1":228.81452,"2013Q4":265.27796,"2013Q3":259.54891,"2013Q2":243.05795,"2013Q1":230.94736,"2012Q4":216.78683,"2012Q3":252.44025,"2012Q2":250.27292,"2012Q1":245.32059,"2011Q4":227.863,"2011Q3":234.05546,"2011Q2":206.39047,"2011Q1":207.80225,"2010Q4":205.7554,"2010Q3":207.69414,"2010Q2":212.1801,"2010Q1":190.68718,"2009Q4":228.95122,"2009Q3":253.43536,"2009Q2":234.65682,"2009Q1":211.1627,"2008Q4":223.23675,"2008Q3":227.56978,"2008Q2":220.9172,"2008Q1":210.01183,"2007Q4":213.85566,"2007Q3":220.15005,