{"p":"NJ","c":[{"p":"ELEC.GEN.NUC-NJ-99.Q","v":{"_2015Q4":7895.425,"_2015Q3":8838.688,"_2015Q2":7914.621,"_2015Q1":8613.026,"_2014Q4":7989.691,"_2014Q3":8075.151,"_2014Q2":6430.998,"_2014Q1":9011.281,"_2013Q4":7755.672,"_2013Q3":8882.381,"_2013Q2":7620.076,"_2013Q1":9121.559,"_2012Q4":7191.972,"_2012Q3":8898.977,"_2012Q2":8041.981,"_2012Q1":8977.294,"_2011Q4":8349.987,"_2011Q3":8545.502,"_2011Q2":7734.565,"_2011Q1":8976.393,"_2010Q4":7428.607,"_2010Q3":8412.112,"_2010Q2":8103.776,"_2010Q1":8826.81,"_2009Q4":8450.838,"_2009Q3":8957.055,"_2009Q2":8142.242,"_2009Q1":8777.819,"_2008Q4":7783.908,"_2008Q3":8975.327,"_2008Q2":7456.14,"_2008Q1":7979.423,"_2007Q4":7717.867,"_2007Q3":8467.389,"_2007Q2":7428.893,"_2007Q1":8396.227,"_2006Q4":7797.004,"_2006Q3":8501.039,"_2006Q2":7802.242,"_2006Q1":8467.6,"_2005Q4":8121.925,"_2005Q3":8434.612,"_2005Q2":7036.625,"_2005Q1":7798.523,"_2004Q4":5448.745,"_2004Q3":7918.666,"_2004Q2":5664.614,"_2004Q1":8049.541,"_2003Q4":6620.522,"_2003Q3":7621.296,"_2003Q2":7537.079,"_2003Q1":7930.304,"_2002Q4":7484.737,"_2002Q3":8445.325,"_2002Q2":6958.486,"_2002Q1":7977.127,"_2001Q4":7129.764,"_2001Q3":8235.769,"_2001Q2":6736.74,"_2001Q1":8366.957}},{"p":"ELEC.GEN.OOG-NJ-99.Q","v":{"_2015Q4":null,"_2015Q3":null,"_2015Q2":null,"_2015Q1":null,"_2014Q4":null,"_2014Q3":45.13509,"_2014Q2":44.56761,"_2014Q1":null,"_2013Q4":56.64315,"_2013Q3":53.08713,"_2013Q2":55.63629,"_2013Q1":57.79745,"_2012Q4":38.0074,"_2012Q3":33.9362,"_2012Q2":32.73076,"_2012Q1":37.50636,"_2011Q4":36.57417,"_2011Q3":32.99157,"_2011Q2":32.84048,"_2011Q1":36.76895,"_2010Q4":31.02904,"_2010Q3":22.86204,"_2010Q2":23.39472,"_2010Q1":29.1226,"_2009Q4":42.46423,"_2009Q3":39.40355,"_2009Q2":38.63434,"_2009Q1":49.22798,"_2008Q4":37.49186,"_2008Q3":37.40429,"_2008Q2":39.57532,"_2008Q1":44.35427,"_2007Q4":36.71556,"_2007Q3":38.92921,"_2007Q2":39.6622,"_2007Q1":45.24234,"_2006Q4":24.11394,"_2006Q3":29.08553,"_2006Q2":28.86242,"_2006Q1":28.20352,"_2005Q4":15.61055,"_2005Q3":17.88893,"_2005Q2":14.96628,"_2005Q1":16.46607,"_2004Q4":9.64882,"_2004Q3":8.63002,"_2004Q2":9.63629,"_2004Q1":10.86416,"_2003Q4":60.874,"_2003Q3":59.97,"_2003Q2":60.938,"_2003Q1":73.592,"_2002Q4":21.493,"_2002Q3":27.284,"_2002Q2":20.686,"_2002Q1":21.02,"_2001Q4":112.187,"_2001Q3":115.047,"_2001Q2":105.795,"_2001Q1":115.856}},{"p":"ELEC.GEN.AOR-NJ-99.Q","v":{"_2015Q4":440.05151,"_2015Q3":499.66419,"_2015Q2":493.17588,"_2015Q1":394.29398,"_2014Q4":360.76896,"_2014Q3":425.29523,"_2014Q2":417.64474,"_2014Q1":331.8248,"_2013Q4":362.11678,"_2013Q3":386.35188,"_2013Q2":384.53934,"_2013Q1":314.10996,"_2012Q4":278.39115,"_2012Q3":345.19658,"_2012Q2":344.73598,"_2012Q1":312.39092,"_2011Q4":247.55757,"_2011Q3":257.64366,"_2011Q2":231.57928,"_2011Q1":218.73128,"_2010Q4":212.99609,"_2010Q3":218.12001,"_2010Q2":222.6733,"_2010Q1":196.26425,"_2009Q4":238.01621,"_2009Q3":261.69733,"_2009Q2":243.16135,"_2009Q1":216.95621,"_2008Q4":230.39026,"_2008Q3":232.05024,"_2008Q2":227.59803,"_2008Q1":215.25104,"_2007Q4":219.12717,"_2007Q3":223.51375,"_2007Q2":202.36362,"_2007Q1":198.57301,"_2006Q4":231.75773,"_2006Q3":231.61531,"_2006Q2":228.70118,"_2006Q1":224.70917,"_2005Q4":223.75751,"_2005Q3":227.71406,"_2005Q2":224.23669,"_2005Q1":199.19696,"_2004Q4":202.12845,"_2004Q3":205.6959,"_2004Q2":207.34717,"_2004Q1":190.66001,"_2003Q4":222.75736,"_2003Q3":236.8348,"_2003Q2":225.23147,"_2003Q1":221.9488,"_2002Q4":214.01748,"_2002Q3":222.62632,"_2002Q2":206.85208,"_2002Q1":203.70388,"_2001Q4":214.62357,"_2001Q3":219.8903,"_2001Q2":210.98749,"_2001Q1":198.13073}},{"p":"ELEC.GEN.HYC-NJ-99.Q","v":{"_2015Q4":null,"_2015Q3":null,"_2015Q2":null,"_2015Q1":null,"_2014Q4":4.36732,"_2014Q3":4.19059,"_2014Q2":4.60506,"_2014Q1":4.13304,"_2013Q4":4.85607,"_2013Q3":4.44923,"_2013Q2":4.31711,"_2013Q1":4.6516,"_2012Q4":2.50452,"_2012Q3":2.22908,"_2012Q2":2.71775,"_2012Q1":3.30364,"_2011Q4":6.68024,"_2011Q3":5.82639,"_2011Q2":6.4299,"_2011Q1":5.47046,"_2010Q4":4.74835,"_2010Q3":4.18424,"_2010Q2":4.42555,"_2010Q1":4.76087,"_2009Q4":8.12436,"_2009Q3":7.64481,"_2009Q2":8.25263,"_2009Q1":8.05902,"_2008Q4":6.40131,"_2008Q3":5.9578,"_2008Q2":6.62091,"_2008Q1":6.79302,"_2007Q4":5.02569,"_2007Q3":4.43714,"_2007Q2":5.39516,"_2007Q1":6.05107,"_2006Q4":6.68491,"_2006Q3":9.09576,"_2006Q2":9.71382,"_2006Q1":9.94177,"_2005Q4":9.03143,"_2005Q3":4.93907,"_2005Q2":8.53292,"_2005Q1":8.60921,"_2004Q4":9.37581,"_2004Q3":9.37581,"_2004Q2":9.37581,"_2004Q1":9.37581,"_2003Q4":8.57,"_2003Q3":10.831,"_2003Q2":8.977,"_2003Q1":10.511,"_2002Q4":2.823,"_2002Q3":3.64,"_2002Q2":2.725,"_2002Q1":2.841,"_2001Q4":4.208,"_2001Q3":5.129,"_2001Q2":4.153,"_2001Q1":4.512}},{"p":"ELEC.GEN.SUN-NJ-99.Q","v":{"_2015Q4":172.1216,"_2015Q3":241.21847,"_2015Q2":246.77469,"_2015Q1":164.13799,"_2014Q4":91.54194,"_2014Q3":166.24086,"_2014Q2":160.60841,"_2014Q1":95.86121,"_2013Q4":93.5347,"_2013Q3":125.31797,"_2013Q2":138.72181,"_2013Q1":79.83431,"_2012Q4":58.06928,"_2012Q3":91.01702,"_2012Q2":91.94083,"_2012Q1":63.29893,"_2011Q4":16.52702,"_2011Q3":21.97204,"_2011Q2":22.64977,"_2011Q1":7.7288,"_2010Q4":3.4069,"_2010Q3":8.00676,"_2010Q2":7.64199,"_2010Q1":2.02816,"_2009Q4":2.09248,"_2009Q3":4.47062,"_2009Q2":3.1693,"_2009Q1":0.97462,"_2008Q4":0.32687,"_2008Q3":0.95956,"_2008Q2":0.99295,"_2008Q1":0.38964}},{"p":"ELEC.GEN.WND-NJ-99.Q","v":{"_2015Q4":null,"_2015Q3":null,"_2015Q2":null,"_2015Q1":null,"_2014Q4":6.92567,"_2014Q3":3.59534,"_2014Q2":5.18493,"_2014Q1":7.14907,"_2013Q4":3.30413,"_2013Q3":1.485,"_2013Q2":2.75958,"_2013Q1":3.32829,"_2012Q4":3.53505,"_2012Q3":1.73932,"_2012Q2":2.52223,"_2012Q1":3.77141,"_2011Q4":3.16756,"_2011Q3":1.61616,"_2011Q2":2.53904,"_2011Q1":3.20023,"_2010Q4":3.83378,"_2010Q3":2.41911,"_2010Q2":2.85121,"_2010Q1":3.5489,"_2009Q4":6.97251,"_2009Q3":3.79135,"_2009Q2":5.33525,"_2009Q1":4.8189,"_2008Q4":6.82664,"_2008Q3":3.5209,"_2008Q2":5.68789,"_2008Q1":4.84959,"_2007Q4":5.27151,"_2007Q3":3.3637,"_2007Q2":4.50218,"_2007Q1":7.2746,"_2006Q4":5.9505,"_2006Q3":3.46739,"_2006Q2":4.73986,"_2006Q1":1.83325}},{"p":"ELEC.GEN.SPV-NJ-99.Q","v":{"_2015Q4":172.1216,"_2015Q3":241.21847,"_2015Q2":246.77469,"_2015Q1":164.13799,"_2014Q4":91.54194,"_2014Q3":166.24086,"_2014Q2":160.60841,"_2014Q1":95.86121,"_2013Q4":93.5347,"_2013Q3":125.31797,"_2013Q2":138.72181,"_2013Q1":79.83431,"_2012Q4":58.06928,"_2012Q3":91.01702,"_2012Q2":91.94083,"_2012Q1":63.29893,"_2011Q4":16.52702,"_2011Q3":21.97204,"_2011Q2":22.64977,"_2011Q1":7.7288,"_2010Q4":3.4069,"_2010Q3":8.00676,"_2010Q2":7.64199,"_2010Q1":2.02816,"_2009Q4":2.09248,"_2009Q3":4.47062,"_2009Q2":3.1693,"_2009Q1":0.97462,"_2008Q4":0.32687,"_2008Q3":0.95956,"_2008Q2":0.99295,"_2008Q1":0.38964}},{"p":"ELEC.GEN.HPS-NJ-99.Q","v":{"_2015Q4":-24.553,"_2015Q3":-56.562,"_2015Q2":-39.588,"_2015Q1":-48.874,"_2014Q4":-70.415,"_2014Q3":-61.703,"_2014Q2":-45.785,"_2014Q1":-59.001,"_2013Q4":-46.38,"_2013Q3":-62.835,"_2013Q2":-49.983,"_2013Q1":-42.935,"_2012Q4":-44.311,"_2012Q3":-65.38,"_2012Q2":-29.264,"_2012Q1":-27.221,"_2011Q4":-34.999,"_2011Q3":-66.463,"_2011Q2":-44.191,"_2011Q1":-51.125,"_2010Q4":-41.438,"_2010Q3":-60.279,"_2010Q2":-52.963,"_2010Q1":-39.092,"_2009Q4":-37.433,"_2009Q3":-56.863,"_2009Q2":-59.06,"_2009Q1":-48.358,"_2008Q4":-53.936,"_2008Q3":-83.144,"_2008Q2":-72.603,"_2008Q1":-65.162,"_2007Q4":-55.874,"_2007Q3":-76.103,"_2007Q2":-68.969,"_2007Q1":-67.988,"_2006Q4":-71.512,"_2006Q3":-85.842,"_2006Q2":-70.887,"_2006Q1":-70.36,"_2005Q4":-62.584,"_2005Q3":-82.627,"_2005Q2":-68.937,"_2005Q1":-68.559,"_2004Q4":-70.464,"_2004Q3":-76.236,"_2004Q2":-71.689,"_2004Q1":-68.85,"_2003Q4":-35.367,"_2003Q3":-37.699,"_2003Q2":-11.28,"_2003Q1":-35.536,"_2002Q4":-36.876,"_2002Q3":-43.404,"_2002Q2":-32.693,"_2002Q1":-32.827,"_2001Q4":-29.828,"_2001Q3":-41.071,"_2001Q2":-35.888,"_2001Q1":-34.953}},{"p":"ELEC.GEN.WAS-NJ-99.Q","v":{"_2015Q4":261.282,"_2015Q3":254.29044,"_2015Q2":241.10208,"_2015Q1":224.11418,"_2014Q4":262.30136,"_2014Q3":255.45905,"_2014Q2":251.8514,"_2014Q1":228.81452,"_2013Q4":265.27796,"_2013Q3":259.54891,"_2013Q2":243.05795,"_2013Q1":230.94736,