{"p":"NM","c":[{"p":"ELEC.GEN.AOR-NM-99.Q","c":{"2015Q4":876.42046,"2015Q3":579.28464,"2015Q2":736.44147,"2015Q1":548.32855,"2014Q4":704.65002,"2014Q3":553.33785,"2014Q2":797.24013,"2014Q1":757.49164,"2013Q4":662.43655,"2013Q3":482.0226,"2013Q2":729.73603,"2013Q1":725.85421,"2012Q4":708.20949,"2012Q3":464.57062,"2012Q2":665.77302,"2012Q1":735.29819,"2011Q4":570.89989,"2011Q3":361.71803,"2011Q2":711.49836,"2011Q1":597.60916,"2010Q4":537.14954,"2010Q3":361.85497,"2010Q2":534.78619,"2010Q1":421.00095,"2009Q4":444.7237,"2009Q3":321.13346,"2009Q2":352.01918,"2009Q1":462.50565,"2008Q4":432.47138,"2008Q3":273.04534,"2008Q2":462.406,"2008Q1":493.74888,"2007Q4":436.26047,"2007Q3":303.08202,"2007Q2":347.49071,"2007Q1":322.39975,"2006Q4":315.67941,"2006Q3":229.74875,"2006Q2":340.2974,"2006Q1":391.59511,"2005Q4":211.82503,"2005Q3":174.10109,"2005Q2":223.25059,"2005Q1":190.10051,"2004Q4":121.628,"2004Q3":98.78,"2004Q2":149.112,"2004Q1":143.945,"2003Q4":139.891,"2003Q3":42.844,"2003Q2":0,"2003Q1":0,"2002Q4":9.269,"2002Q3":2.814,"2002Q2":3.754,"2002Q1":3.571,"2001Q4":4.755,"2001Q3":4.857,"2001Q2":4.383,"2001Q1":4.657}},{"p":"ELEC.GEN.HYC-NM-99.Q","c":{"2015Q4":null,"2015Q3":null,"2015Q2":null,"2015Q1":null,"2014Q4":19.06564,"2014Q3":25.69299,"2014Q2":32.84671,"2014Q1":20.77567,"2013Q4":17.00917,"2013Q3":23.72903,"2013Q2":31.43368,"2013Q1":19.66611,"2012Q4":40.78403,"2012Q3":58.7129,"2012Q2":75.06015,"2012Q1":48.26192,"2011Q4":34.29634,"2011Q3":55.79222,"2011Q2":59.63769,"2011Q1":45.03975,"2010Q4":45.22554,"2010Q3":63.75986,"2010Q2":65.75137,"2010Q1":42.27324,"2009Q4":54.35057,"2009Q3":69.52075,"2009Q2":89.16591,"2009Q1":57.92577,"2008Q4":58.66479,"2008Q3":90.16332,"2008Q2":101.58986,"2008Q1":61.87005,"2007Q4":47.6755,"2007Q3":72.50134,"2007Q2":87.35447,"2007Q1":60.4467,"2006Q4":36.37434,"2006Q3":45.30765,"2006Q2":65.62335,"2006Q1":50.90567,"2005Q4":37.23921,"2005Q3":39.74035,"2005Q2":48.68688,"2005Q1":39.32656,"2004Q4":34.73676,"2004Q3":34.73676,"2004Q2":34.73676,"2004Q1":34.73676,"2003Q4":33.296,"2003Q3":48.615,"2003Q2":51.146,"2003Q1":37.642,"2002Q4":48.189,"2002Q3":72.438,"2002Q2":83.542,"2002Q1":60.422,"2001Q4":37.203,"2001Q3":65.281,"2001Q2":74.92,"2001Q1":59.917}},{"p":"ELEC.GEN.SUN-NM-99.Q","c":{"2015Q4":126.55184,"2015Q3":187.70705,"2015Q2":198.89004,"2015Q1":133.00218,"2014Q4":144.97247,"2014Q3":185.95914,"2014Q2":132.54493,"2014Q1":51.57766,"2013Q4":94.0584,"2013Q3":102.83489,"2013Q2":105.37575,"2013Q1":85.77216,"2012Q4":90.88825,"2012Q3":86.70173,"2012Q2":87.42541,"2012Q1":68.7816,"2011Q4":51.49733,"2011Q3":36.75758,"2011Q2":22.98256,"2011Q1":16.56454,"2010Q4":8.93}},{"p":"ELEC.GEN.WND-NM-99.Q","c":{"2015Q4":742.96165,"2015Q3":384.85365,"2015Q2":530.77005,"2015Q1":408.61158,"2014Q4":553.85468,"2014Q3":361.7834,"2014Q2":659.0171,"2014Q1":700.09483,"2013Q4":563.45113,"2013Q3":374.49717,"2013Q2":619.7946,"2013Q1":635.6781,"2012Q4":613.65629,"2012Q3":374.26851,"2012Q2":574.80763,"2012Q1":663.05558,"2011Q4":516.94156,"2011Q3":322.5263,"2011Q2":686.20047,"2011Q1":578.82866,"2010Q4":524.72475,"2010Q3":358.35247,"2010Q2":531.34068,"2010Q1":417.76412,"2009Q4":436.24579,"2009Q3":312.44006,"2009Q2":343.54393,"2009Q1":454.48821,"2008Q4":427.752,"2008Q3":268.226,"2008Q2":457.605,"2008Q1":489.204,"2007Q4":431.928,"2007Q3":299.216,"2007Q2":343.331,"2007Q1":318.764,"2006Q4":309.816,"2006Q3":224.72,"2006Q2":335.411,"2006Q1":385.489,"2005Q4":210.71189,"2005Q3":172.89514,"2005Q2":222.09224,"2005Q1":188.93073,"2004Q4":121.628,"2004Q3":98.78,"2004Q2":149.112,"2004Q1":143.945,"2003Q4":139.891,"2003Q3":42.844}},{"p":"ELEC.GEN.SPV-NM-99.Q","c":{"2015Q4":126.55184,"2015Q3":187.70705,"2015Q2":198.89004,"2015Q1":133.00218,"2014Q4":144.97247,"2014Q3":185.95914,"2014Q2":132.54493,"2014Q1":51.57766,"2013Q4":94.0584,"2013Q3":102.83489,"2013Q2":105.37575,"2013Q1":85.77216,"2012Q4":90.88825,"2012Q3":86.70173,"2012Q2":87.42541,"2012Q1":68.7816,"2011Q4":51.49733,"2011Q3":36.75758,"2011Q2":22.98256,"2011Q1":16.56454,"2010Q4":8.93}},{"p":"ELEC.GEN.WAS-NM-99.Q","c":{"2015Q4":null,"2015Q3":null,"2015Q2":null,"2015Q1":null,"2014Q4":3.52007,"2014Q3":3.57532,"2014Q2":3.59094,"2014Q1":3.4931,"2013Q4":4.85803,"2013Q3":4.69054,"2013Q2":4.56567,"2013Q1":4.40394,"2012Q4":3.66494,"2012Q3":3.60039,"2012Q2":3.53998,"2012Q1":3.46101,"2011Q4":2.461,"2011Q3":2.43415,"2011Q2":2.31532,"2011Q1":2.21596,"2010Q4":3.49479,"2010Q3":3.50251,"2010Q2":3.44551,"2010Q1":3.23684,"2009Q4":8.47793,"2009Q3":8.6934,"2009Q2":8.47526,"2009Q1":8.01744,"2008Q4":4.71938,"2008Q3":4.81934,"2008Q2":4.801,"2008Q1":4.54488,"2007Q4":4.33247,"2007Q3":3.86602,"2007Q2":4.15971,"2007Q1":3.63575,"2006Q4":5.86341,"2006Q3":5.02875,"2006Q2":4.8864,"2006Q1":6.10611,"2005Q4":1.11314,"2005Q3":1.20594,"2005Q2":1.15836,"2005Q1":1.16978,"2004Q4":0,"2004Q3":0,"2004Q2":0,"2004Q1":0,"2003Q4":0,"2003Q3":0,"2003Q2":0,"2003Q1":0,"2002Q4":9.269,"2002Q3":2.814,"2002Q2":3.754,"2002Q1":3.571,"2001Q4":4.755,"2001Q3":4.857,"2001Q2":4.383,"2001Q1":4.657}},{"p":"ELEC.GEN.TSN-NM-99.Q","c":{"2015Q4":159.32857,"2015Q3":223.96213,"2015Q2":237.14945,"2015Q1":163.65357,"2014Q4":173.01651,"2014Q3":216.81771,"2014Q2":164.61834,"2014Q1":76.96407}},{"p":"ELEC.GEN.DPV-NM-99.Q","c":{"2015Q4":32.77673,"2015Q3":36.25508,"2015Q2":38.25941,"2015Q1":30.65139,"2014Q4":28.04404,"2014Q3":30.85857,"2014Q2":32.07341,"2014Q1":25.38641}},{"p":"ELEC.GEN.ALL-NM-99.Q","c":{"2015Q4":8476.2197,"2015Q3":9003.03688,"2015Q2":8128.29088,"2015Q1":7250.17653,"2014Q4":7621.51183,"2014Q3":8765.983,"2014Q2":8211.30524,"2014Q1":7707.40981,"2013Q4":8503.69814,"2013Q3":9530.19809,"2013Q2":8773.95009,"2013Q1":9063.11887,"2012Q4":8933.38319,"2012Q3":10309.97703,"2012Q2":8499.96104,"2012Q1":8892.58819,"2011Q4":9136.97925,"2011Q3":10536.41596,"2011Q2":9094.14711,"2011Q1":9413.597,"2010Q4":9558.10251,"2010Q3":10150.91551,"2010Q2":8629.34752,"2010Q1":7913.17664,"2009Q4":9903.43773,"2009Q3":10607.8977,"2009Q2":9823.25341,"2009Q1":9339.74986,"2008Q4":10224.68091,"2008Q3":10035.105,"2008Q2":9159.70077,"2008Q1":7590.35026,"2007Q4":8771.83565,"2007Q3":10216.02749,"2007Q2":8264.08833,"2007Q1":8733.38136,"2006Q4":9403.46951,"2006Q3":10260.77745,"2006Q2":9087.09014,"2006Q1":8514.28746,"2005Q4":8767.70047,"2005Q3":9536.66768,"2005Q2":8452.13087,"2005Q1":8379.14299,"2004Q4":8413.531,"2004Q3":8940.91766,"2004Q2":8190.43083,"2004Q1":7395.48108,"2003Q4":7759.378,"2003Q3":8782.462,"2003Q2":8397.357,"2003Q1":7796.455,"2002Q4":7550.45,"2002Q3":7922.217,"2002Q2":8115.179,"2002Q1":7073.86,"2001Q4":8017.43,"2001Q3":8842.969,"2001Q2":8501.442,"2001Q1":8249.802}},{"p":"ELEC.GEN.COW-NM-99.Q","c":{"2015Q4":5298.43355,"2015Q3":5554.26458,"2015Q2":5201.94698,"2015Q1":4384.88667,"2014Q4":4994.02672,"2014Q3":5519.29911,"2014Q2":4979.15453,"2014Q1":4863.15096,"2013Q4":5778.50829,"2013Q3":6192.06777,"2013Q2":5629.15128,"2013Q1":6545.54358,"2012Q4":6370.88491,"2012Q3":7035.81379,"2012Q2":5484.01111,"2012Q1":6103.33911,"2011Q4":6469.78142,"2011Q3":7387.76106,"2011Q2":6350.45817,"2011Q1":6932.86279,"2010Q4":7112.74954,"2010Q3":7134.05853,"2010Q2":6116.98956,"2010Q1":5253.99148,"2009Q4":7517.10235,"2009Q3":7585.36308,"2009Q2":7355.42688,"2009Q1":6659.41589,"2008Q4":7546.72072,"2008Q3":7563.35784,"2008Q2":6582.12213,"2008Q1":5322.03238,"2007Q4":6653.06845,"2007Q3":7613.37494,"2007Q2":6338.11198,"2007Q1":6999.09201,"2006Q4":7502.55782,"2006Q3":8046.48231,"2006Q2":6999.62694,"2006Q1":7310.34093,"2005Q4":7626.3534,"2005Q3":7862.02695,"2005Q2":7055.23436,"2005Q1":7403.63329,"2004Q4":7616.21525,"2004Q3":7900.06325,"2004Q2":7212.41425,"2004Q1":6535.20625,"2003Q4":6846.685,"2003Q3":7448.702,"2003Q2":7472.989,"2003Q1":7044.468,"2002Q4":6766.775,"2002Q3":6706.567,"2002Q2":7127.97,"2002Q1":6301.567,"2001Q4":7110.371,"2001Q3":7291.5,"2001Q2":6914.671,"2001Q1":7085.645}},{"p":"ELEC.GEN.PEL-NM-99.Q","c":{"2015Q4":14.08137,"2015Q3":13.41364,"2015Q2":21.14104,"2015Q1":17.41785,"2014Q4":13.02194,"2014Q3":14.52024,"2014Q2":18.61969,"2014Q1":16.99492,"2013Q4":20.82027,"2013Q3":10.59201,"2013Q2":12.4913,"2013Q1":13.94418,"2012Q4":16.20351,"2012Q3":9.85988,