{"p":"NM","c":[{"p":"ELEC.GEN.AOR-NM-99.Q","v":{"_2015Q4":876.42046,"_2015Q3":579.28464,"_2015Q2":736.44147,"_2015Q1":548.32855,"_2014Q4":704.65002,"_2014Q3":553.33785,"_2014Q2":797.24013,"_2014Q1":757.49164,"_2013Q4":662.43655,"_2013Q3":482.0226,"_2013Q2":729.73603,"_2013Q1":725.85421,"_2012Q4":708.20949,"_2012Q3":464.57062,"_2012Q2":665.77302,"_2012Q1":735.29819,"_2011Q4":570.89989,"_2011Q3":361.71803,"_2011Q2":711.49836,"_2011Q1":597.60916,"_2010Q4":537.14954,"_2010Q3":361.85497,"_2010Q2":534.78619,"_2010Q1":421.00095,"_2009Q4":444.7237,"_2009Q3":321.13346,"_2009Q2":352.01918,"_2009Q1":462.50565,"_2008Q4":432.47138,"_2008Q3":273.04534,"_2008Q2":462.406,"_2008Q1":493.74888,"_2007Q4":436.26047,"_2007Q3":303.08202,"_2007Q2":347.49071,"_2007Q1":322.39975,"_2006Q4":315.67941,"_2006Q3":229.74875,"_2006Q2":340.2974,"_2006Q1":391.59511,"_2005Q4":211.82503,"_2005Q3":174.10109,"_2005Q2":223.25059,"_2005Q1":190.10051,"_2004Q4":121.628,"_2004Q3":98.78,"_2004Q2":149.112,"_2004Q1":143.945,"_2003Q4":139.891,"_2003Q3":42.844,"_2003Q2":0,"_2003Q1":0,"_2002Q4":9.269,"_2002Q3":2.814,"_2002Q2":3.754,"_2002Q1":3.571,"_2001Q4":4.755,"_2001Q3":4.857,"_2001Q2":4.383,"_2001Q1":4.657}},{"p":"ELEC.GEN.HYC-NM-99.Q","v":{"_2015Q4":null,"_2015Q3":null,"_2015Q2":null,"_2015Q1":null,"_2014Q4":19.06564,"_2014Q3":25.69299,"_2014Q2":32.84671,"_2014Q1":20.77567,"_2013Q4":17.00917,"_2013Q3":23.72903,"_2013Q2":31.43368,"_2013Q1":19.66611,"_2012Q4":40.78403,"_2012Q3":58.7129,"_2012Q2":75.06015,"_2012Q1":48.26192,"_2011Q4":34.29634,"_2011Q3":55.79222,"_2011Q2":59.63769,"_2011Q1":45.03975,"_2010Q4":45.22554,"_2010Q3":63.75986,"_2010Q2":65.75137,"_2010Q1":42.27324,"_2009Q4":54.35057,"_2009Q3":69.52075,"_2009Q2":89.16591,"_2009Q1":57.92577,"_2008Q4":58.66479,"_2008Q3":90.16332,"_2008Q2":101.58986,"_2008Q1":61.87005,"_2007Q4":47.6755,"_2007Q3":72.50134,"_2007Q2":87.35447,"_2007Q1":60.4467,"_2006Q4":36.37434,"_2006Q3":45.30765,"_2006Q2":65.62335,"_2006Q1":50.90567,"_2005Q4":37.23921,"_2005Q3":39.74035,"_2005Q2":48.68688,"_2005Q1":39.32656,"_2004Q4":34.73676,"_2004Q3":34.73676,"_2004Q2":34.73676,"_2004Q1":34.73676,"_2003Q4":33.296,"_2003Q3":48.615,"_2003Q2":51.146,"_2003Q1":37.642,"_2002Q4":48.189,"_2002Q3":72.438,"_2002Q2":83.542,"_2002Q1":60.422,"_2001Q4":37.203,"_2001Q3":65.281,"_2001Q2":74.92,"_2001Q1":59.917}},{"p":"ELEC.GEN.SUN-NM-99.Q","v":{"_2015Q4":126.55184,"_2015Q3":187.70705,"_2015Q2":198.89004,"_2015Q1":133.00218,"_2014Q4":144.97247,"_2014Q3":185.95914,"_2014Q2":132.54493,"_2014Q1":51.57766,"_2013Q4":94.0584,"_2013Q3":102.83489,"_2013Q2":105.37575,"_2013Q1":85.77216,"_2012Q4":90.88825,"_2012Q3":86.70173,"_2012Q2":87.42541,"_2012Q1":68.7816,"_2011Q4":51.49733,"_2011Q3":36.75758,"_2011Q2":22.98256,"_2011Q1":16.56454,"_2010Q4":8.93}},{"p":"ELEC.GEN.WND-NM-99.Q","v":{"_2015Q4":742.96165,"_2015Q3":384.85365,"_2015Q2":530.77005,"_2015Q1":408.61158,"_2014Q4":553.85468,"_2014Q3":361.7834,"_2014Q2":659.0171,"_2014Q1":700.09483,"_2013Q4":563.45113,"_2013Q3":374.49717,"_2013Q2":619.7946,"_2013Q1":635.6781,"_2012Q4":613.65629,"_2012Q3":374.26851,"_2012Q2":574.80763,"_2012Q1":663.05558,"_2011Q4":516.94156,"_2011Q3":322.5263,"_2011Q2":686.20047,"_2011Q1":578.82866,"_2010Q4":524.72475,"_2010Q3":358.35247,"_2010Q2":531.34068,"_2010Q1":417.76412,"_2009Q4":436.24579,"_2009Q3":312.44006,"_2009Q2":343.54393,"_2009Q1":454.48821,"_2008Q4":427.752,"_2008Q3":268.226,"_2008Q2":457.605,"_2008Q1":489.204,"_2007Q4":431.928,"_2007Q3":299.216,"_2007Q2":343.331,"_2007Q1":318.764,"_2006Q4":309.816,"_2006Q3":224.72,"_2006Q2":335.411,"_2006Q1":385.489,"_2005Q4":210.71189,"_2005Q3":172.89514,"_2005Q2":222.09224,"_2005Q1":188.93073,"_2004Q4":121.628,"_2004Q3":98.78,"_2004Q2":149.112,"_2004Q1":143.945,"_2003Q4":139.891,"_2003Q3":42.844}},{"p":"ELEC.GEN.SPV-NM-99.Q","v":{"_2015Q4":126.55184,"_2015Q3":187.70705,"_2015Q2":198.89004,"_2015Q1":133.00218,"_2014Q4":144.97247,"_2014Q3":185.95914,"_2014Q2":132.54493,"_2014Q1":51.57766,"_2013Q4":94.0584,"_2013Q3":102.83489,"_2013Q2":105.37575,"_2013Q1":85.77216,"_2012Q4":90.88825,"_2012Q3":86.70173,"_2012Q2":87.42541,"_2012Q1":68.7816,"_2011Q4":51.49733,"_2011Q3":36.75758,"_2011Q2":22.98256,"_2011Q1":16.56454,"_2010Q4":8.93}},{"p":"ELEC.GEN.WAS-NM-99.Q","v":{"_2015Q4":null,"_2015Q3":null,"_2015Q2":null,"_2015Q1":null,"_2014Q4":3.52007,"_2014Q3":3.57532,"_2014Q2":3.59094,"_2014Q1":3.4931,"_2013Q4":4.85803,"_2013Q3":4.69054,"_2013Q2":4.56567,"_2013Q1":4.40394,"_2012Q4":3.66494,"_2012Q3":3.60039,"_2012Q2":3.53998,"_2012Q1":3.46101,"_2011Q4":2.461,"_2011Q3":2.43415,"_2011Q2":2.31532,"_2011Q1":2.21596,"_2010Q4":3.49479,"_2010Q3":3.50251,"_2010Q2":3.44551,"_2010Q1":3.23684,"_2009Q4":8.47793,"_2009Q3":8.6934,"_2009Q2":8.47526,"_2009Q1":8.01744,"_2008Q4":4.71938,"_2008Q3":4.81934,"_2008Q2":4.801,"_2008Q1":4.54488,"_2007Q4":4.33247,"_2007Q3":3.86602,"_2007Q2":4.15971,"_2007Q1":3.63575,"_2006Q4":5.86341,"_2006Q3":5.02875,"_2006Q2":4.8864,"_2006Q1":6.10611,"_2005Q4":1.11314,"_2005Q3":1.20594,"_2005Q2":1.15836,"_2005Q1":1.16978,"_2004Q4":0,"_2004Q3":0,"_2004Q2":0,"_2004Q1":0,"_2003Q4":0,"_2003Q3":0,"_2003Q2":0,"_2003Q1":0,"_2002Q4":9.269,"_2002Q3":2.814,"_2002Q2":3.754,"_2002Q1":3.571,"_2001Q4":4.755,"_2001Q3":4.857,"_2001Q2":4.383,"_2001Q1":4.657}},{"p":"ELEC.GEN.TSN-NM-99.Q","v":{"_2015Q4":159.32857,"_2015Q3":223.96213,"_2015Q2":237.14945,"_2015Q1":163.65357,"_2014Q4":173.01651,"_2014Q3":216.81771,"_2014Q2":164.61834,"_2014Q1":76.96407}},{"p":"ELEC.GEN.DPV-NM-99.Q","v":{"_2015Q4":32.77673,"_2015Q3":36.25508,"_2015Q2":38.25941,"_2015Q1":30.65139,"_2014Q4":28.04404,"_2014Q3":30.85857,"_2014Q2":32.07341,"_2014Q1":25.38641}},{"p":"ELEC.GEN.ALL-NM-99.Q","v":{"_2015Q4":8476.2197,"_2015Q3":9003.03688,"_2015Q2":8128.29088,"_2015Q1":7250.17653,"_2014Q4":7621.51183,"_2014Q3":8765.983,"_2014Q2":8211.30524,"_2014Q1":7707.40981,"_2013Q4":8503.69814,"_2013Q3":9530.19809,"_2013Q2":8773.95009,"_2013Q1":9063.11887,"_2012Q4":8933.38319,"_2012Q3":10309.97703,"_2012Q2":8499.96104,"_2012Q1":8892.58819,"_2011Q4":9136.97925,"_2011Q3":10536.41596,"_2011Q2":9094.14711,"_2011Q1":9413.597,"_2010Q4":9558.10251,"_2010Q3":10150.91551,"_2010Q2":8629.34752,"_2010Q1":7913.17664,"_2009Q4":9903.43773,"_2009Q3":10607.8977,"_2009Q2":9823.25341,"_2009Q1":9339.74986,"_2008Q4":10224.68091,"_2008Q3":10035.105,"_2008Q2":9159.70077,"_2008Q1":7590.35026,"_2007Q4":8771.83565,"_2007Q3":10216.02749,"_2007Q2":8264.08833,"_2007Q1":8733.38136,"_2006Q4":9403.46951,"_2006Q3":10260.77745,"_2006Q2":9087.09014,"_2006Q1":8514.28746,"_2005Q4":8767.70047,"_2005Q3":9536.66768,"_2005Q2":8452.13087,"_2005Q1":8379.14299,"_2004Q4":8413.531,"_2004Q3":8940.91766,"_2004Q2":8190.43083,"_2004Q1":7395.48108,"_2003Q4":7759.378,"_2003Q3":8782.462,"_2003Q2":8397.357,"_2003Q1":7796.455,"_2002Q4":7550.45,"_2002Q3":7922.217,"_2002Q2":8115.179,"_2002Q1":7073.86,"_2001Q4":8017.43,"_2001Q3":8842.969,"_2001Q2":8501.442,"_2001Q1":8249.802}},{"p":"ELEC.GEN.COW-NM-99.Q","v":{"_2015Q4":5298.43355,"_2015Q3":5554.26458,"_2015Q2":5201.94698,"_2015Q1":4384.88667,"_2014Q4":4994.02672,"_2014Q3":5519.29911,"_2014Q2":4979.15453,"_2014Q1":4863.15096,"_2013Q4":5778.50829,"_2013Q3":6192.06777,"_2013Q2":5629.15128,"_2013Q1":6545.54358,"_2012Q4":6370.88491,"_2012Q3":7035.81379,"_2012Q2":5484.01111,"_2012Q1":6103.33911,"_2011Q4":6469.78142,"_2011Q3":7387.76106,"_2011Q2":6350.45817,"_2011Q1":6932.86279,"_2010Q4":7112.74954,"_2010Q3":7134.05853,"_2010Q2":6116.98956,"_2010Q1":5253.99148,"_2009Q4":7517.10235,"_2009Q3":7585.36308,"_2009Q2":7355.42688,"_2009Q1":6659.41589,"_2008Q4":7546.72072,"_2008Q3":7563.35784,"_2008Q2":6582.12213,"_2008Q1":5322.03238,"_2007Q4":6653.06845,"_2007Q3":7613.37494,"_2007Q2":6338.11198,"_2007Q1":6999.09201,"_2006Q4":7502.55782,"_2006Q3":8046.48231,"_2006Q2":6999.62694,"_2006Q1":7310.34093,"_2005Q4":7626.3534,"_2005Q3":7862.02695,"_2005Q2":7055.23436,"_2005Q1":7403.63329,"_2004Q4":7616.21525,"_2004Q3":7900.06325,"_2004Q2":7212.41425,"_2004Q1":6535.20625,"_2003Q4":6846.685,"_2003Q3":7448.702,"_2003Q2":7472.989,"_2003Q1":7044.468,"_2002Q4":6766.775,