{"p":"NV","c":[{"p":"ELEC.GEN.OOG-NV-99.Q","v":{"_2015Q4":0.99318,"_2015Q3":2.12557,"_2015Q2":1.71585,"_2015Q1":0.688,"_2014Q4":1.18592,"_2014Q3":1.63916,"_2014Q2":1.25031,"_2014Q1":1.07599,"_2013Q4":1.74046,"_2013Q3":1.96744,"_2013Q2":1.57342,"_2013Q1":1.02283,"_2012Q4":1.84913,"_2012Q3":2.23445,"_2012Q2":1.88697,"_2012Q1":1.35371,"_2011Q4":1.62269,"_2011Q3":2.21089,"_2011Q2":2.14952,"_2011Q1":1.27778,"_2010Q4":1.74056,"_2010Q3":1.86705,"_2010Q2":1.0613,"_2010Q1":0.98302,"_2009Q4":0.9429,"_2009Q3":0,"_2009Q2":1.01097,"_2009Q1":0.43127,"_2008Q4":0.1802,"_2008Q3":0.82578,"_2008Q2":0.20615,"_2008Q1":0.77524,"_2007Q4":1.03505,"_2007Q3":1.37701,"_2007Q2":1.10692,"_2007Q1":0.73729,"_2006Q4":1.46357,"_2006Q3":1.04482,"_2006Q2":0.37482,"_2006Q1":0.79883,"_2005Q4":0.26533,"_2005Q3":1.23124,"_2005Q2":1.55838,"_2005Q1":5.22594,"_2004Q4":4.89821,"_2004Q3":3.96512,"_2004Q2":6.89173,"_2004Q1":5.27821,"_2003Q4":5.205,"_2003Q3":3.634,"_2003Q2":4.063,"_2003Q1":4.039,"_2002Q4":44.909}},{"p":"ELEC.GEN.AOR-NV-99.Q","v":{"_2015Q4":1342.47751,"_2015Q3":1382.2192,"_2015Q2":1426.4896,"_2015Q1":1277.4468,"_2014Q4":1068.18369,"_2014Q3":990.84368,"_2014Q2":1020.61239,"_2014Q1":987.53223,"_2013Q4":942.60755,"_2013Q3":859.17456,"_2013Q2":967.66359,"_2013Q1":920.71539,"_2012Q4":883.75256,"_2012Q3":803.99328,"_2012Q2":696.43763,"_2012Q1":584.44687,"_2011Q4":583.19777,"_2011Q3":587.80146,"_2011Q2":646.40924,"_2011Q1":619.93503,"_2010Q4":584.14756,"_2010Q3":583.72261,"_2010Q2":621.85686,"_2010Q1":496.9198,"_2009Q4":478.53508,"_2009Q3":444.73764,"_2009Q2":446.36677,"_2009Q1":438.7729,"_2008Q4":428.31036,"_2008Q3":420.86438,"_2008Q2":465.03562,"_2008Q1":224.6222,"_2007Q4":326.50673,"_2007Q3":335.9443,"_2007Q2":304.26495,"_2007Q1":329.94202,"_2006Q4":352.04715,"_2006Q3":333.6528,"_2006Q2":318.8256,"_2006Q1":339.18546,"_2005Q4":315.42462,"_2005Q3":326.57372,"_2005Q2":313.28964,"_2005Q1":307.41903,"_2004Q4":322.68021,"_2004Q3":322.3639,"_2004Q2":315.87978,"_2004Q1":336.58054,"_2003Q4":257.904,"_2003Q3":257.503,"_2003Q2":266.327,"_2003Q1":283.977,"_2002Q4":279.021,"_2002Q3":291.825,"_2002Q2":264.581,"_2002Q1":291.856,"_2001Q4":315.176,"_2001Q3":291.946,"_2001Q2":283.819,"_2001Q1":308.932}},{"p":"ELEC.GEN.HYC-NV-99.Q","v":{"_2015Q4":465.57977,"_2015Q3":473.95136,"_2015Q2":655.9799,"_2015Q1":692.86614,"_2014Q4":377.7898,"_2014Q3":538.94363,"_2014Q2":815.11181,"_2014Q1":657.15477,"_2013Q4":508.68556,"_2013Q3":666.70919,"_2013Q2":915.19007,"_2013Q1":591.35819,"_2012Q4":420.9515,"_2012Q3":668.68918,"_2012Q2":827.8294,"_2012Q1":522.94494,"_2011Q4":383.85882,"_2011Q3":600.74071,"_2011Q2":669.55894,"_2011Q1":536.42456,"_2010Q4":368.73551,"_2010Q3":584.10703,"_2010Q2":682.12345,"_2010Q1":522.33001,"_2009Q4":647.99385,"_2009Q3":616.82749,"_2009Q2":731.48998,"_2009Q1":464.28345,"_2008Q4":285.7034,"_2008Q3":534.74371,"_2008Q2":647.4594,"_2008Q1":282.71349,"_2007Q4":140.08128,"_2007Q3":468.87589,"_2007Q2":701.24209,"_2007Q1":692.99175,"_2006Q4":494.67354,"_2006Q3":493.12003,"_2006Q2":660.69055,"_2006Q1":409.14187,"_2005Q4":361.71408,"_2005Q3":529.15531,"_2005Q2":586.30205,"_2005Q1":225.20856,"_2004Q4":298.08039,"_2004Q3":362.52973,"_2004Q2":655.56916,"_2004Q1":298.94385,"_2003Q4":226.721,"_2003Q3":307.054,"_2003Q2":623.467,"_2003Q1":599.463,"_2002Q4":461.638,"_2002Q3":602.01,"_2002Q2":771.822,"_2002Q1":432.118,"_2001Q4":363.898,"_2001Q3":615.709,"_2001Q2":790.149,"_2001Q1":743.966}},{"p":"ELEC.GEN.SUN-NV-99.Q","v":{"_2015Q4":360.11852,"_2015Q3":479.49141,"_2015Q2":506.9423,"_2015Q1":347.43546,"_2014Q4":260.40664,"_2014Q3":299.72585,"_2014Q2":277.51295,"_2014Q1":176.03658,"_2013Q4":169.17475,"_2013Q3":186.92999,"_2013Q2":232.26183,"_2013Q1":157.01544,"_2012Q4":132.69383,"_2012Q3":156.24484,"_2012Q2":135.5787,"_2012Q1":48.89917,"_2011Q4":49.28502,"_2011Q3":85.28609,"_2011Q2":103.34515,"_2011Q1":53.30825,"_2010Q4":42.28284,"_2010Q3":79.55709,"_2010Q2":72.75502,"_2010Q1":22.3219,"_2009Q4":25.43919,"_2009Q3":62.47941,"_2009Q2":60.07842,"_2009Q1":26.31202,"_2008Q4":20.54161,"_2008Q3":50.06096,"_2008Q2":61.97243,"_2008Q1":23.43799,"_2007Q4":12.82701,"_2007Q3":29.264,"_2007Q2":1.876,"_2007Q1":0}},{"p":"ELEC.GEN.WND-NV-99.Q","v":{"_2015Q4":80.158,"_2015Q3":80.165,"_2015Q2":77.041,"_2015Q1":72.36,"_2014Q4":82.14,"_2014Q3":64.914,"_2014Q2":81.062,"_2014Q1":72.018,"_2013Q4":55.585,"_2013Q3":62.665,"_2013Q2":77.739,"_2013Q1":54.56,"_2012Q4":87.082,"_2012Q3":41.706}},{"p":"ELEC.GEN.SPV-NV-99.Q","v":{"_2015Q4":343.46052,"_2015Q3":446.39741,"_2015Q2":467.6303,"_2015Q1":329.01646,"_2014Q4":246.13664,"_2014Q3":263.72085,"_2014Q2":229.99295,"_2014Q1":157.60458,"_2013Q4":152.34875,"_2013Q3":161.06299,"_2013Q2":182.18383,"_2013Q1":136.99644,"_2012Q4":115.72383,"_2012Q3":117.14784,"_2012Q2":80.9837,"_2012Q1":30.62617,"_2011Q4":32.32202,"_2011Q3":44.10409,"_2011Q2":51.50615,"_2011Q1":35.02925,"_2010Q4":27.77884,"_2010Q3":30.48509,"_2010Q2":19.97002,"_2010Q1":5.6829,"_2009Q4":7.90719,"_2009Q3":19.20941,"_2009Q2":18.42442,"_2009Q1":8.12002,"_2008Q4":4.97161,"_2008Q3":10.35396,"_2008Q2":13.03743,"_2008Q1":4.96299,"_2007Q4":2.75501,"_2007Q3":0,"_2007Q2":0,"_2007Q1":0}},{"p":"ELEC.GEN.STH-NV-99.Q","v":{"_2015Q4":16.658,"_2015Q3":33.094,"_2015Q2":39.312,"_2015Q1":18.419,"_2014Q4":14.27,"_2014Q3":36.005,"_2014Q2":47.52,"_2014Q1":18.432,"_2013Q4":16.826,"_2013Q3":25.867,"_2013Q2":50.078,"_2013Q1":20.019,"_2012Q4":16.97,"_2012Q3":39.097,"_2012Q2":54.595,"_2012Q1":18.273,"_2011Q4":16.963,"_2011Q3":41.182,"_2011Q2":51.839,"_2011Q1":18.279,"_2010Q4":14.504,"_2010Q3":49.072,"_2010Q2":52.785,"_2010Q1":16.639,"_2009Q4":17.532,"_2009Q3":43.27,"_2009Q2":41.654,"_2009Q1":18.192,"_2008Q4":15.57,"_2008Q3":39.707,"_2008Q2":48.935,"_2008Q1":18.475,"_2007Q4":10.072,"_2007Q3":29.264,"_2007Q2":1.876}},{"p":"ELEC.GEN.WAS-NV-99.Q","v":{"_2015Q4":6.38722,"_2015Q3":null,"_2015Q2":null,"_2015Q1":null,"_2014Q4":6.09905,"_2014Q3":6.19478,"_2014Q2":6.22184,"_2014Q1":6.05234,"_2013Q4":6.36878,"_2013Q3":6.14922,"_2013Q2":5.98551,"_2013Q1":5.77349,"_2012Q4":5.79621,"_2012Q3":5.69412,"_2012Q2":5.59858,"_2012Q1":1.87209}},{"p":"ELEC.GEN.WWW-NV-99.Q","v":{"_2014Q2":0,"_2014Q1":0,"_2013Q4":0,"_2013Q3":0,"_2013Q2":0,"_2013Q1":0,"_2012Q4":0,"_2012Q3":0,"_2012Q2":0,"_2012Q1":0,"_2011Q4":0,"_2011Q3":0,"_2011Q2":0,"_2011Q1":0,"_2010Q4":0,"_2010Q3":0,"_2010Q2":0,"_2010Q1":0,"_2009Q4":0.89038}},{"p":"ELEC.GEN.TSN-NV-99.Q","v":{"_2015Q4":405.27958,"_2015Q3":530.76462,"_2015Q2":547.53522,"_2015Q1":369.96233,"_2014Q4":280.52727,"_2014Q3":323.65839,"_2014Q2":301.55579,"_2014Q1":193.74145}},{"p":"ELEC.GEN.DPV-NV-99.Q","v":{"_2015Q4":45.16106,"_2015Q3":51.27321,"_2015Q2":40.59292,"_2015Q1":22.52687,"_2014Q4":20.12063,"_2014Q3":23.93254,"_2014Q2":24.04284,"_2014Q1":17.70487}},{"p":"ELEC.GEN.ALL-NV-99.Q","v":{"_2015Q4":9531.24462,"_2015Q3":11629.17192,"_2015Q2":9657.45371,"_2015Q1":8021.91516,"_2014Q4":8557.16053,"_2014Q3":11059.23793,"_2014Q2":8612.84797,"_2014Q1":7771.29058,"_2013Q4":8391.69109,"_2013Q3":10766.2641,"_2013Q2":8710.04263,"_2013Q1":8575.87578,"_2012Q4":8853.31041,"_2012Q3":11320.76022,"_2012Q2":8050.39659,"_2012Q1":6948.796,"_2011Q4":7655.28076,"_2011Q3":10250.97687,"_2011Q2":7273.34762,"_2011Q1":6756.31266,"_2010Q4":7484.46925,"_2010Q3":10468.84146,"_2010Q2":8487.62844,"_2010Q1":8705.30855,"_2009Q4":8847.74797,"_2009Q3":10886.50403,"_2009Q2":8910.93202,"_2009Q1":9059.94874,"_2008Q4":8848.08664,"_2008Q3":10766.04371,"_2008Q2":7909.16246,"_2008Q1":7566.68076,"_2007Q4":6922.85337,"_2007Q3":9858.92193,"_2007Q2":7789.47791,"_2007Q1":8098.48269,"_2006Q4":7637.4614,"_2006Q3":9953.94295,"_2006Q2":7385.29547,"_2006Q1":6883.32199,"_2005Q4":10285.98239,"_2005Q3":11730.95421,"_2005Q2":8795.53149,"_2005Q1":9401.28376,"_2004Q4":9966.28214,"_2004Q3":11238.33855,"_2004Q2":8358.41254,"_2004Q1":8104.4018,"_2003Q4":8870.471,"_2003Q3":9574.272,"_2003Q2":6946.477,"_2003Q1":7803.667,"_2002Q4":7995.149,"_2002Q3":8857.839,"_2002Q2":7377.772,"_2002Q1":7858.178,"_2001Q4":8113.2,"_2001Q3":9054.11,"_2001Q2":7733.903,"_2001Q1":8974.753}},{"p":"ELEC.GEN.COW-NV-99.Q",