{"p":"NV","c":[{"p":"ELEC.GEN.OOG-NV-99.Q","c":{"2015Q4":0.99318,"2015Q3":2.12557,"2015Q2":1.71585,"2015Q1":0.688,"2014Q4":1.18592,"2014Q3":1.63916,"2014Q2":1.25031,"2014Q1":1.07599,"2013Q4":1.74046,"2013Q3":1.96744,"2013Q2":1.57342,"2013Q1":1.02283,"2012Q4":1.84913,"2012Q3":2.23445,"2012Q2":1.88697,"2012Q1":1.35371,"2011Q4":1.62269,"2011Q3":2.21089,"2011Q2":2.14952,"2011Q1":1.27778,"2010Q4":1.74056,"2010Q3":1.86705,"2010Q2":1.0613,"2010Q1":0.98302,"2009Q4":0.9429,"2009Q3":0,"2009Q2":1.01097,"2009Q1":0.43127,"2008Q4":0.1802,"2008Q3":0.82578,"2008Q2":0.20615,"2008Q1":0.77524,"2007Q4":1.03505,"2007Q3":1.37701,"2007Q2":1.10692,"2007Q1":0.73729,"2006Q4":1.46357,"2006Q3":1.04482,"2006Q2":0.37482,"2006Q1":0.79883,"2005Q4":0.26533,"2005Q3":1.23124,"2005Q2":1.55838,"2005Q1":5.22594,"2004Q4":4.89821,"2004Q3":3.96512,"2004Q2":6.89173,"2004Q1":5.27821,"2003Q4":5.205,"2003Q3":3.634,"2003Q2":4.063,"2003Q1":4.039,"2002Q4":44.909}},{"p":"ELEC.GEN.AOR-NV-99.Q","c":{"2015Q4":1342.47751,"2015Q3":1382.2192,"2015Q2":1426.4896,"2015Q1":1277.4468,"2014Q4":1068.18369,"2014Q3":990.84368,"2014Q2":1020.61239,"2014Q1":987.53223,"2013Q4":942.60755,"2013Q3":859.17456,"2013Q2":967.66359,"2013Q1":920.71539,"2012Q4":883.75256,"2012Q3":803.99328,"2012Q2":696.43763,"2012Q1":584.44687,"2011Q4":583.19777,"2011Q3":587.80146,"2011Q2":646.40924,"2011Q1":619.93503,"2010Q4":584.14756,"2010Q3":583.72261,"2010Q2":621.85686,"2010Q1":496.9198,"2009Q4":478.53508,"2009Q3":444.73764,"2009Q2":446.36677,"2009Q1":438.7729,"2008Q4":428.31036,"2008Q3":420.86438,"2008Q2":465.03562,"2008Q1":224.6222,"2007Q4":326.50673,"2007Q3":335.9443,"2007Q2":304.26495,"2007Q1":329.94202,"2006Q4":352.04715,"2006Q3":333.6528,"2006Q2":318.8256,"2006Q1":339.18546,"2005Q4":315.42462,"2005Q3":326.57372,"2005Q2":313.28964,"2005Q1":307.41903,"2004Q4":322.68021,"2004Q3":322.3639,"2004Q2":315.87978,"2004Q1":336.58054,"2003Q4":257.904,"2003Q3":257.503,"2003Q2":266.327,"2003Q1":283.977,"2002Q4":279.021,"2002Q3":291.825,"2002Q2":264.581,"2002Q1":291.856,"2001Q4":315.176,"2001Q3":291.946,"2001Q2":283.819,"2001Q1":308.932}},{"p":"ELEC.GEN.HYC-NV-99.Q","c":{"2015Q4":465.57977,"2015Q3":473.95136,"2015Q2":655.9799,"2015Q1":692.86614,"2014Q4":377.7898,"2014Q3":538.94363,"2014Q2":815.11181,"2014Q1":657.15477,"2013Q4":508.68556,"2013Q3":666.70919,"2013Q2":915.19007,"2013Q1":591.35819,"2012Q4":420.9515,"2012Q3":668.68918,"2012Q2":827.8294,"2012Q1":522.94494,"2011Q4":383.85882,"2011Q3":600.74071,"2011Q2":669.55894,"2011Q1":536.42456,"2010Q4":368.73551,"2010Q3":584.10703,"2010Q2":682.12345,"2010Q1":522.33001,"2009Q4":647.99385,"2009Q3":616.82749,"2009Q2":731.48998,"2009Q1":464.28345,"2008Q4":285.7034,"2008Q3":534.74371,"2008Q2":647.4594,"2008Q1":282.71349,"2007Q4":140.08128,"2007Q3":468.87589,"2007Q2":701.24209,"2007Q1":692.99175,"2006Q4":494.67354,"2006Q3":493.12003,"2006Q2":660.69055,"2006Q1":409.14187,"2005Q4":361.71408,"2005Q3":529.15531,"2005Q2":586.30205,"2005Q1":225.20856,"2004Q4":298.08039,"2004Q3":362.52973,"2004Q2":655.56916,"2004Q1":298.94385,"2003Q4":226.721,"2003Q3":307.054,"2003Q2":623.467,"2003Q1":599.463,"2002Q4":461.638,"2002Q3":602.01,"2002Q2":771.822,"2002Q1":432.118,"2001Q4":363.898,"2001Q3":615.709,"2001Q2":790.149,"2001Q1":743.966}},{"p":"ELEC.GEN.SUN-NV-99.Q","c":{"2015Q4":360.11852,"2015Q3":479.49141,"2015Q2":506.9423,"2015Q1":347.43546,"2014Q4":260.40664,"2014Q3":299.72585,"2014Q2":277.51295,"2014Q1":176.03658,"2013Q4":169.17475,"2013Q3":186.92999,"2013Q2":232.26183,"2013Q1":157.01544,"2012Q4":132.69383,"2012Q3":156.24484,"2012Q2":135.5787,"2012Q1":48.89917,"2011Q4":49.28502,"2011Q3":85.28609,"2011Q2":103.34515,"2011Q1":53.30825,"2010Q4":42.28284,"2010Q3":79.55709,"2010Q2":72.75502,"2010Q1":22.3219,"2009Q4":25.43919,"2009Q3":62.47941,"2009Q2":60.07842,"2009Q1":26.31202,"2008Q4":20.54161,"2008Q3":50.06096,"2008Q2":61.97243,"2008Q1":23.43799,"2007Q4":12.82701,"2007Q3":29.264,"2007Q2":1.876,"2007Q1":0}},{"p":"ELEC.GEN.WND-NV-99.Q","c":{"2015Q4":80.158,"2015Q3":80.165,"2015Q2":77.041,"2015Q1":72.36,"2014Q4":82.14,"2014Q3":64.914,"2014Q2":81.062,"2014Q1":72.018,"2013Q4":55.585,"2013Q3":62.665,"2013Q2":77.739,"2013Q1":54.56,"2012Q4":87.082,"2012Q3":41.706}},{"p":"ELEC.GEN.SPV-NV-99.Q","c":{"2015Q4":343.46052,"2015Q3":446.39741,"2015Q2":467.6303,"2015Q1":329.01646,"2014Q4":246.13664,"2014Q3":263.72085,"2014Q2":229.99295,"2014Q1":157.60458,"2013Q4":152.34875,"2013Q3":161.06299,"2013Q2":182.18383,"2013Q1":136.99644,"2012Q4":115.72383,"2012Q3":117.14784,"2012Q2":80.9837,"2012Q1":30.62617,"2011Q4":32.32202,"2011Q3":44.10409,"2011Q2":51.50615,"2011Q1":35.02925,"2010Q4":27.77884,"2010Q3":30.48509,"2010Q2":19.97002,"2010Q1":5.6829,"2009Q4":7.90719,"2009Q3":19.20941,"2009Q2":18.42442,"2009Q1":8.12002,"2008Q4":4.97161,"2008Q3":10.35396,"2008Q2":13.03743,"2008Q1":4.96299,"2007Q4":2.75501,"2007Q3":0,"2007Q2":0,"2007Q1":0}},{"p":"ELEC.GEN.STH-NV-99.Q","c":{"2015Q4":16.658,"2015Q3":33.094,"2015Q2":39.312,"2015Q1":18.419,"2014Q4":14.27,"2014Q3":36.005,"2014Q2":47.52,"2014Q1":18.432,"2013Q4":16.826,"2013Q3":25.867,"2013Q2":50.078,"2013Q1":20.019,"2012Q4":16.97,"2012Q3":39.097,"2012Q2":54.595,"2012Q1":18.273,"2011Q4":16.963,"2011Q3":41.182,"2011Q2":51.839,"2011Q1":18.279,"2010Q4":14.504,"2010Q3":49.072,"2010Q2":52.785,"2010Q1":16.639,"2009Q4":17.532,"2009Q3":43.27,"2009Q2":41.654,"2009Q1":18.192,"2008Q4":15.57,"2008Q3":39.707,"2008Q2":48.935,"2008Q1":18.475,"2007Q4":10.072,"2007Q3":29.264,"2007Q2":1.876}},{"p":"ELEC.GEN.WAS-NV-99.Q","c":{"2015Q4":6.38722,"2015Q3":null,"2015Q2":null,"2015Q1":null,"2014Q4":6.09905,"2014Q3":6.19478,"2014Q2":6.22184,"2014Q1":6.05234,"2013Q4":6.36878,"2013Q3":6.14922,"2013Q2":5.98551,"2013Q1":5.77349,"2012Q4":5.79621,"2012Q3":5.69412,"2012Q2":5.59858,"2012Q1":1.87209}},{"p":"ELEC.GEN.WWW-NV-99.Q","c":{"2014Q2":0,"2014Q1":0,"2013Q4":0,"2013Q3":0,"2013Q2":0,"2013Q1":0,"2012Q4":0,"2012Q3":0,"2012Q2":0,"2012Q1":0,"2011Q4":0,"2011Q3":0,"2011Q2":0,"2011Q1":0,"2010Q4":0,"2010Q3":0,"2010Q2":0,"2010Q1":0,"2009Q4":0.89038}},{"p":"ELEC.GEN.TSN-NV-99.Q","c":{"2015Q4":405.27958,"2015Q3":530.76462,"2015Q2":547.53522,"2015Q1":369.96233,"2014Q4":280.52727,"2014Q3":323.65839,"2014Q2":301.55579,"2014Q1":193.74145}},{"p":"ELEC.GEN.DPV-NV-99.Q","c":{"2015Q4":45.16106,"2015Q3":51.27321,"2015Q2":40.59292,"2015Q1":22.52687,"2014Q4":20.12063,"2014Q3":23.93254,"2014Q2":24.04284,"2014Q1":17.70487}},{"p":"ELEC.GEN.ALL-NV-99.Q","c":{"2015Q4":9531.24462,"2015Q3":11629.17192,"2015Q2":9657.45371,"2015Q1":8021.91516,"2014Q4":8557.16053,"2014Q3":11059.23793,"2014Q2":8612.84797,"2014Q1":7771.29058,"2013Q4":8391.69109,"2013Q3":10766.2641,"2013Q2":8710.04263,"2013Q1":8575.87578,"2012Q4":8853.31041,"2012Q3":11320.76022,"2012Q2":8050.39659,"2012Q1":6948.796,"2011Q4":7655.28076,"2011Q3":10250.97687,"2011Q2":7273.34762,"2011Q1":6756.31266,"2010Q4":7484.46925,"2010Q3":10468.84146,"2010Q2":8487.62844,"2010Q1":8705.30855,"2009Q4":8847.74797,"2009Q3":10886.50403,"2009Q2":8910.93202,"2009Q1":9059.94874,"2008Q4":8848.08664,"2008Q3":10766.04371,"2008Q2":7909.16246,"2008Q1":7566.68076,"2007Q4":6922.85337,"2007Q3":9858.92193,"2007Q2":7789.47791,"2007Q1":8098.48269,"2006Q4":7637.4614,"2006Q3":9953.94295,"2006Q2":7385.29547,"2006Q1":6883.32199,"2005Q4":10285.98239,"2005Q3":11730.95421,"2005Q2":8795.53149,"2005Q1":9401.28376,"2004Q4":9966.28214,"2004Q3":11238.33855,"2004Q2":8358.41254,"2004Q1":8104.4018,"2003Q4":8870.471,"2003Q3":9574.272,"2003Q2":6946.477,"2003Q1":7803.667,"2002Q4":7995.149,"2002Q3":8857.839,"2002Q2":7377.772,"2002Q1":7858.178,"2001Q4":8113.2,"2001Q3":9054.11,"2001Q2":7733.903,"2001Q1":8974.753}},{"p":"ELEC.GEN.COW-NV-99.Q","c":{"2015Q4":566.45797,"2015Q3":1142.70949,"2015Q2":411.41536,"2015Q1":537.42603,"2014Q4":1144.64295,"2014Q3":1805.25756,"2014Q2":1657.64683,"2014Q1":1940.31625,"2013Q4":1107.38169,"2013Q3":1618.07438,"2013Q2":1319.68699,"2013Q1":1209.4102,"2012Q4":1452.86468,"2012Q3":1615.76077,"2012Q2":328.7441,"2012Q1":682.06209,"2011Q4":1566.43943,"2011Q3":1805.11242,"2011Q2":969.40171,"2011Q1":1066.35075,"2010Q4":1588.21292,