{"p":"NY","c":[{"p":"ELEC.GEN.NUC-NY-99.Q","v":{"_2015Q4":11518.364,"_2015Q3":11307.308,"_2015Q2":11137.354,"_2015Q1":10639.845,"_2014Q4":11724.379,"_2014Q3":10698.79,"_2014Q2":10206.86,"_2014Q1":10408.595,"_2013Q4":11585.586,"_2013Q3":11329.881,"_2013Q2":11053.225,"_2013Q1":10786.914,"_2012Q4":9971.703,"_2012Q3":10985.415,"_2012Q2":9387.014,"_2012Q1":10430.428,"_2011Q4":11271.635,"_2011Q3":11209.193,"_2011Q2":9802.292,"_2011Q1":10411.889,"_2010Q4":10703.553,"_2010Q3":10491.849,"_2010Q2":10166.574,"_2010Q1":10507.559,"_2009Q4":11389.222,"_2009Q3":11113.22,"_2009Q2":10315.278,"_2009Q1":10666.894,"_2008Q4":11231.816,"_2008Q3":10995.302,"_2008Q2":9957.63,"_2008Q1":11024.423,"_2007Q4":10819.681,"_2007Q3":11215.025,"_2007Q2":10301.615,"_2007Q1":10116.533,"_2006Q4":10565.421,"_2006Q3":11087.378,"_2006Q2":9919.417,"_2006Q1":10651.683,"_2005Q4":11243.695,"_2005Q3":10713.11,"_2005Q2":10249.354,"_2005Q1":10236.993,"_2004Q4":9828.719,"_2004Q3":10338.392,"_2004Q2":10203.397,"_2004Q1":10269.797,"_2003Q4":10945.383,"_2003Q3":9884.69,"_2003Q2":9666.518,"_2003Q1":10182.614,"_2002Q4":8466.787,"_2002Q3":10809.809,"_2002Q2":10091.822,"_2002Q1":10249.073,"_2001Q4":10491.205,"_2001Q3":10540.642,"_2001Q2":9329.389,"_2001Q1":10033.749}},{"p":"ELEC.GEN.OOG-NY-99.Q","v":{"_2015Q4":0,"_2015Q3":0,"_2015Q2":0,"_2015Q1":0,"_2014Q4":0,"_2014Q3":0,"_2014Q2":0,"_2001Q4":29.784,"_2001Q3":30.671,"_2001Q2":29.759,"_2001Q1":24.323}},{"p":"ELEC.GEN.AOR-NY-99.Q","v":{"_2015Q4":1884.28153,"_2015Q3":1243.50806,"_2015Q2":1548.23057,"_2015Q1":1864.63576,"_2014Q4":1797.74578,"_2014Q3":1323.54046,"_2014Q2":1525.28982,"_2014Q1":1800.04889,"_2013Q4":1733.3452,"_2013Q3":1164.09723,"_2013Q2":1474.16763,"_2013Q1":1516.50053,"_2012Q4":1417.18442,"_2012Q3":1055.17245,"_2012Q2":1193.80648,"_2012Q1":1526.26409,"_2011Q4":1427.80369,"_2011Q3":1003.56915,"_2011Q2":1190.88382,"_2011Q1":1273.53186,"_2010Q4":1343.66481,"_2010Q3":1133.41668,"_2010Q2":1145.47564,"_2010Q1":1191.99063,"_2009Q4":1247.47701,"_2009Q3":984.82361,"_2009Q2":1188.46983,"_2009Q1":1046.2373,"_2008Q4":925.24773,"_2008Q3":758.63858,"_2008Q2":864.10185,"_2008Q1":770.66894,"_2007Q4":699.59737,"_2007Q3":669.64959,"_2007Q2":674.88602,"_2007Q1":730.95054,"_2006Q4":711.42146,"_2006Q3":637.52643,"_2006Q2":610.61898,"_2006Q1":637.07425,"_2005Q4":526.00603,"_2005Q3":510.825,"_2005Q2":482.44128,"_2005Q1":469.17646,"_2004Q4":496.31117,"_2004Q3":484.12712,"_2004Q2":451.20058,"_2004Q1":480.03758,"_2003Q4":456.79151,"_2003Q3":451.04231,"_2003Q2":423.22476,"_2003Q1":404.44094,"_2002Q4":482.24156,"_2002Q3":485.8576,"_2002Q2":435.47344,"_2002Q1":404.09661,"_2001Q4":436.60186,"_2001Q3":458.92676,"_2001Q2":453.91486,"_2001Q1":451.62878}},{"p":"ELEC.GEN.HYC-NY-99.Q","v":{"_2015Q4":7152.7843,"_2015Q3":7230.89033,"_2015Q2":6438.63629,"_2015Q1":6280.39566,"_2014Q4":6775.38974,"_2014Q3":6605.30277,"_2014Q2":6592.59734,"_2014Q1":6113.61242,"_2013Q4":6699.54002,"_2013Q3":6228.78381,"_2013Q2":5802.59063,"_2013Q1":6242.37483,"_2012Q4":5680.78808,"_2012Q3":5300.32623,"_2012Q2":6168.69114,"_2012Q1":7502.69001,"_2011Q4":7558.62044,"_2011Q3":6930.85038,"_2011Q2":7232.72084,"_2011Q1":6274.79596,"_2010Q4":6598.75005,"_2010Q3":6178.8313,"_2010Q2":6185.96606,"_2010Q1":6508.14963,"_2009Q4":6963.94614,"_2009Q3":6739.30926,"_2009Q2":7027.22539,"_2009Q1":6884.62559,"_2008Q4":6748.06345,"_2008Q3":6486.66151,"_2008Q2":6796.38684,"_2008Q1":6692.01932,"_2007Q4":6047.77839,"_2007Q3":5614.70974,"_2007Q2":6446.69964,"_2007Q1":7143.36767,"_2006Q4":6769.41692,"_2006Q3":6688.01112,"_2006Q2":6627.34234,"_2006Q1":7259.88483,"_2005Q4":6418.52411,"_2005Q3":5571.48422,"_2005Q2":6739.82252,"_2005Q1":7052.6875,"_2004Q4":6202.5581,"_2004Q3":5960.49207,"_2004Q2":5817.17355,"_2004Q1":6009.43759,"_2003Q4":6649.999,"_2003Q3":5817.604,"_2003Q2":6050.753,"_2003Q1":5750.304,"_2002Q4":6093.398,"_2002Q3":5616.165,"_2002Q2":6847.917,"_2002Q1":6490.414,"_2001Q4":5759.331,"_2001Q3":5074.493,"_2001Q2":6016.863,"_2001Q1":6233.267}},{"p":"ELEC.GEN.SUN-NY-99.Q","v":{"_2015Q4":22.43332,"_2015Q3":30.87535,"_2015Q2":30.521,"_2015Q1":19.37743,"_2014Q4":12.6328,"_2014Q3":21.83979,"_2014Q2":22.39105,"_2014Q1":13.75201,"_2013Q4":12.51554,"_2013Q3":19.43795,"_2013Q2":21.90956,"_2013Q1":13.15412,"_2012Q4":8.847,"_2012Q3":15.411,"_2012Q2":16.212,"_2012Q1":12.243,"_2011Q4":6.443}},{"p":"ELEC.GEN.WND-NY-99.Q","v":{"_2015Q4":1202.59872,"_2015Q3":569.91389,"_2015Q2":925.70119,"_2015Q1":1258.207,"_2014Q4":1164.80376,"_2014Q3":659.72596,"_2014Q2":920.12777,"_2014Q1":1223.74967,"_2013Q4":1094.06052,"_2013Q3":530.39761,"_2013Q2":890.74813,"_2013Q1":1024.29175,"_2012Q4":865.08053,"_2012Q3":456.07586,"_2012Q2":647.64606,"_2012Q1":1022.77796,"_2011Q4":875.70112,"_2011Q3":451.88849,"_2011Q2":684.7232,"_2011Q1":815.75619,"_2010Q4":767.93507,"_2010Q3":549.32312,"_2010Q2":604.37687,"_2010Q1":674.51893,"_2009Q4":688.51531,"_2009Q3":415.32499,"_2009Q2":616.0731,"_2009Q1":546.42521,"_2008Q4":400.6977,"_2008Q3":218.21254,"_2008Q2":350.36025,"_2008Q1":281.42982,"_2007Q4":216.03695,"_2007Q3":150.04911,"_2007Q2":183.03475,"_2007Q1":284.35519,"_2006Q4":221.14551,"_2006Q3":130.26745,"_2006Q2":129.98709,"_2006Q1":173.97096,"_2005Q4":37.06614,"_2005Q3":17.76554,"_2005Q2":19.02651,"_2005Q1":29.13182,"_2004Q4":35.75374,"_2004Q3":17.50414,"_2004Q2":27.13814,"_2004Q1":36.05371,"_2003Q4":13.185,"_2003Q3":9.064,"_2003Q2":8.439,"_2003Q1":10.515,"_2002Q4":33.95,"_2002Q3":17.282,"_2002Q2":15.906,"_2002Q1":14.486,"_2001Q4":5.027,"_2001Q3":5.589,"_2001Q2":5.281,"_2001Q1":4.642}},{"p":"ELEC.GEN.SPV-NY-99.Q","v":{"_2015Q4":22.43332,"_2015Q3":30.87535,"_2015Q2":30.521,"_2015Q1":19.37743,"_2014Q4":12.6328,"_2014Q3":21.83979,"_2014Q2":22.39105,"_2014Q1":13.75201,"_2013Q4":12.51554,"_2013Q3":19.43795,"_2013Q2":21.90956,"_2013Q1":13.15412,"_2012Q4":8.847,"_2012Q3":15.411,"_2012Q2":16.212,"_2012Q1":12.243,"_2011Q4":6.443}},{"p":"ELEC.GEN.HPS-NY-99.Q","v":{"_2015Q4":-107.932,"_2015Q3":-111.39,"_2015Q2":-106.724,"_2015Q1":-96.766,"_2014Q4":-110.943,"_2014Q3":-121.508,"_2014Q2":-114.291,"_2014Q1":-144.588,"_2013Q4":-104.444,"_2013Q3":-124.536,"_2013Q2":-103.246,"_2013Q1":-110.642,"_2012Q4":-98.194,"_2012Q3":-133.836,"_2012Q2":-116.183,"_2012Q1":-64.732,"_2011Q4":-81.667,"_2011Q3":-122.232,"_2011Q2":-123.881,"_2011Q1":-105.241,"_2010Q4":-120.704,"_2010Q3":-168.166,"_2010Q2":-125.096,"_2010Q1":-115.298,"_2009Q4":-123.023,"_2009Q3":-110.942,"_2009Q2":-124.653,"_2009Q1":-121.769,"_2008Q4":-145.214,"_2008Q3":-164.124,"_2008Q2":-191.888,"_2008Q1":-170.913,"_2007Q4":-165.878,"_2007Q3":-206.357,"_2007Q2":-221.591,"_2007Q1":-174.554,"_2006Q4":-162.362,"_2006Q3":-212.944,"_2006Q2":-210.167,"_2006Q1":-170.683,"_2005Q4":-222.06,"_2005Q3":-241.059,"_2005Q2":-178.143,"_2005Q1":-139.469,"_2004Q4":-191.832,"_2004Q3":-222.576,"_2004Q2":-227.553,"_2004Q1":-171.21,"_2003Q4":-232.925,"_2003Q3":-219.303,"_2003Q2":-253.512,"_2003Q1":-206.066,"_2002Q4":-195.146,"_2002Q3":-274.514,"_2002Q2":-248.903,"_2002Q1":-202.661,"_2001Q4":-199.369,"_2001Q3":-279.118,"_2001Q2":-268.961,"_2001Q1":-183.072}},{"p":"ELEC.GEN.WAS-NY-99.Q","v":{"_2015Q4":439.03842,"_2015Q3":444.09561,"_2015Q2":426.19966,"_2015Q1":393.75999,"_2014Q4":442.34727,"_2014Q3":448.70467,"_2014Q2":420.29924,"_2014Q1":357.41678,"_2013Q4":438.13281,"_2013Q3":442.37705,"_2013Q2":439.62002,"_2013Q1":353.91152,"_2012Q4":424.10597,"_2012Q3":438.28459,"_2012Q2":427.59857,"_2012Q1":370.36141,"_2011Q4":437.78438,"_2011Q3":432.51476,"_2011Q2":409.22903,"_2011Q1":339.62086,"_2010Q4":439.88657,"_2010Q3":452.04749,"_2010Q2":423.49668,"_2010Q1":355.65883,"_2009Q4":433.51518,"_2009Q3":436.94286,"_2009Q2":427.01759,"_2009Q1":367.34062,"_2008Q4":388.54354,"_2008Q3":395.10969,"_2008Q2":379.7745,"_2008Q1":349.43257,"_2007Q4":366.38178,"_2007Q3":386.74974,"_2007Q2":366.31108,"_2007Q1":329.90385,"_2006Q4":360.76622,"_2006Q3":374.53675,"_2006Q2":358.45498,"_2006Q1":325.68325,"_2005Q4":355.15634,"_2005Q3":351.92581,"_2005Q2":343.02288,"_2005Q1":307.63257,"_2004Q4":339.58683,"_2004Q3":328.73272,"_2004Q2":309.72232,"_2004Q1":320.05549,"_2003Q4":330.02051,