{"p":"OH","c":[{"p":"ELEC.GEN.NUC-OH-99.Q","c":{"2015Q4":4837.956,"2015Q3":4755.737,"2015Q2":3882.853,"2015Q1":3900.19,"2014Q4":4392.846,"2014Q3":4723.026,"2014Q2":3825.166,"2014Q1":3343.402,"2013Q4":4804.304,"2013Q3":4346.535,"2013Q2":2980.522,"2013Q1":3989.889,"2012Q4":4742.551,"2012Q3":4659.558,"2012Q2":3062.034,"2012Q1":4622.855,"2011Q4":2769.121,"2011Q3":4706.794,"2011Q2":2945.904,"2011Q1":4467.927,"2010Q4":4706.742,"2010Q3":4719.896,"2010Q2":2413.71,"2010Q1":3964.455,"2009Q4":4226.285,"2009Q3":4744.586,"2009Q2":2655.997,"2009Q1":3579.216,"2008Q4":4735.864,"2008Q3":4737.52,"2008Q2":4356.505,"2008Q1":3683.989,"2007Q4":4330.075,"2007Q3":3948.44,"2007Q2":2901.345,"2007Q1":4584.189,"2006Q4":4343.498,"2006Q3":4600.078,"2006Q2":3862.077,"2006Q1":4041.286,"2005Q4":4641.667,"2005Q3":4646.519,"2005Q2":3454.129,"2005Q1":2060.418,"2004Q4":4569.641,"2004Q3":4554.667,"2004Q2":4127.059,"2004Q1":2698.754,"2003Q4":2694.125,"2003Q3":2377.345,"2003Q2":929.75,"2003Q1":2473.796,"2002Q4":2572.636,"2002Q3":2416.029,"2002Q2":2302.212,"2002Q1":3574.025,"2001Q4":4449.675,"2001Q3":4078.005,"2001Q2":3669.951,"2001Q1":3266.131}},{"p":"ELEC.GEN.OOG-OH-99.Q","c":{"2015Q4":null,"2015Q3":298.33516,"2015Q2":null,"2015Q1":257.24774,"2014Q4":243.05564,"2014Q3":248.28725,"2014Q2":223.53174,"2014Q1":214.51299,"2013Q4":233.46915,"2013Q3":234.16129,"2013Q2":242.49366,"2013Q1":242.70959,"2012Q4":234.20744,"2012Q3":237.45692,"2012Q2":257.53059,"2012Q1":229.67407,"2011Q4":70.97927,"2011Q3":80.05726,"2011Q2":78.39606,"2011Q1":74.31003,"2010Q4":64.09953,"2010Q3":63.51996,"2010Q2":78.15263,"2010Q1":48.32673,"2009Q4":29.61519,"2009Q3":1.32167,"2009Q2":3.16131,"2009Q1":3.37913,"2008Q4":8.38607,"2008Q3":74.31284,"2008Q2":97.40562,"2008Q1":80.81924,"2007Q4":64.44105,"2007Q3":76.33104,"2007Q2":88.78032,"2007Q1":59.72078,"2006Q4":63.42211,"2006Q3":101.32551,"2006Q2":107.35838,"2006Q1":87.90147,"2005Q4":85.46773,"2005Q3":83.32803,"2005Q2":55.54821,"2005Q1":73.99553,"2004Q4":70.52286,"2004Q3":77.84625,"2004Q2":91.07331,"2004Q1":62.62076,"2003Q4":59.404,"2003Q3":58.601,"2003Q2":43.928,"2003Q1":50.59,"2002Q4":43.861,"2002Q3":73.879,"2002Q2":46.412,"2002Q1":42.414,"2001Q4":75.326,"2001Q3":87.845,"2001Q2":68.859,"2001Q1":69.919}},{"p":"ELEC.GEN.AOR-OH-99.Q","c":{"2015Q4":641.23519,"2015Q3":380.14676,"2015Q2":514.43908,"2015Q1":561.23205,"2014Q4":494.80286,"2014Q3":354.14483,"2014Q2":543.50797,"2014Q1":633.33786,"2013Q4":594.25132,"2013Q3":384.64601,"2013Q2":459.40097,"2013Q1":570.96094,"2012Q4":483.63812,"2012Q3":325.70906,"2012Q2":409.57278,"2012Q1":519.7018,"2011Q4":320.12602,"2011Q3":237.15773,"2011Q2":189.48049,"2011Q1":188.92727,"2010Q4":188.51465,"2010Q3":172.61608,"2010Q2":169.64048,"2010Q1":169.31774,"2009Q4":173.2664,"2009Q3":155.86484,"2009Q2":146.62873,"2009Q1":157.65004,"2008Q4":163.10145,"2008Q3":151.39101,"2008Q2":151.34706,"2008Q1":157.5363,"2007Q4":105.55923,"2007Q3":112.60067,"2007Q2":106.701,"2007Q1":110.28259,"2006Q4":122.48747,"2006Q3":114.25702,"2006Q2":111.26262,"2006Q1":110.608,"2005Q4":118.13757,"2005Q3":117.13186,"2005Q2":107.45244,"2005Q1":102.86625,"2004Q4":105.77299,"2004Q3":110.84335,"2004Q2":101.1739,"2004Q1":109.98694,"2003Q4":115.337,"2003Q3":116.055,"2003Q2":101.933,"2003Q1":107.393,"2002Q4":35.279,"2002Q3":43.768,"2002Q2":37.44,"2002Q1":34.82,"2001Q4":106.544,"2001Q3":106.384,"2001Q2":101.999,"2001Q1":116.034}},{"p":"ELEC.GEN.HYC-OH-99.Q","c":{"2015Q4":166.35287,"2015Q3":null,"2015Q2":null,"2015Q1":null,"2014Q4":94.94114,"2014Q3":184.85331,"2014Q2":131.96225,"2014Q1":66.25052,"2013Q4":130.31357,"2013Q3":161.04292,"2013Q2":150.98986,"2013Q1":106.89164,"2012Q4":117.65789,"2012Q3":116.97059,"2012Q2":115.59043,"2012Q1":63.9421,"2011Q4":91.00978,"2011Q3":139.42497,"2011Q2":75.90076,"2011Q1":77.3195,"2010Q4":122.97881,"2010Q3":120.23306,"2010Q2":121.85921,"2010Q1":63.95292,"2009Q4":150.20945,"2009Q3":154.34583,"2009Q2":125.29681,"2009Q1":97.89391,"2008Q4":103.02791,"2008Q3":122.05313,"2008Q2":99.44639,"2008Q1":61.90759,"2007Q4":114.78765,"2007Q3":136.04434,"2007Q2":98.94016,"2007Q1":60.66387,"2006Q4":136.51333,"2006Q3":177.64932,"2006Q2":173.54192,"2006Q1":144.23144,"2005Q4":141.54207,"2005Q3":137.01458,"2005Q2":136.47913,"2005Q1":100.70824,"2004Q4":227.0945,"2004Q3":219.83557,"2004Q2":140.96684,"2004Q1":141.9791,"2003Q4":128.327,"2003Q3":149.242,"2003Q2":124.292,"2003Q1":108.973,"2002Q4":123.322,"2002Q3":105.633,"2002Q2":106.702,"2002Q1":152.673,"2001Q4":128.906,"2001Q3":120.829,"2001Q2":140.505,"2001Q1":120.545}},{"p":"ELEC.GEN.SUN-OH-99.Q","c":{"2015Q4":16.47994,"2015Q3":22.52727,"2015Q2":22.85435,"2015Q1":null,"2014Q4":12.5223,"2014Q3":17.08214,"2014Q2":15.70364,"2014Q1":8.60019,"2013Q4":13.05804,"2013Q3":13.95391,"2013Q2":12.04386,"2013Q1":7.25373,"2012Q4":9.09504,"2012Q3":12.12597,"2012Q2":11.66437,"2012Q1":3.75117,"2011Q4":2.47562,"2011Q3":5.15886,"2011Q2":5.55666,"2011Q1":2.30384,"2010Q4":2.01739,"2010Q3":5.38326,"2010Q2":5.31936,"2010Q1":0.12767}},{"p":"ELEC.GEN.WND-OH-99.Q","c":{"2015Q4":415.92722,"2015Q3":151.80962,"2015Q2":295.17718,"2015Q1":342.73344,"2014Q4":346.8597,"2014Q3":128.72156,"2014Q2":295.40022,"2014Q1":382.43652,"2013Q4":373.12555,"2013Q3":139.59539,"2013Q2":272.04883,"2013Q1":361.13081,"2012Q4":303.4113,"2012Q3":129.42801,"2012Q2":229.37289,"2012Q1":323.27282,"2011Q4":140.02552,"2011Q3":50.64356,"2011Q2":3.8478,"2011Q1":3.92612,"2010Q4":4.43343,"2010Q3":2.14722,"2010Q2":3.08297,"2010Q1":2.9124,"2009Q4":5.04452,"2009Q3":1.77532,"2009Q2":3.43839,"2009Q1":3.85578,"2008Q4":6.66616,"2008Q3":2.11451,"2008Q2":3.35977,"2008Q1":2.94357,"2007Q4":5.88439,"2007Q3":2.58903,"2007Q2":3.87814,"2007Q1":2.39645,"2006Q4":4.28587,"2006Q3":2.4974,"2006Q2":3.41391,"2006Q1":4.20382,"2005Q4":5.58143,"2005Q3":2.41119,"2005Q2":3.05294,"2005Q1":2.22243,"2003Q4":0}},{"p":"ELEC.GEN.SPV-OH-99.Q","c":{"2015Q4":16.47994,"2015Q3":22.52727,"2015Q2":22.85435,"2015Q1":null,"2014Q4":12.5223,"2014Q3":17.08214,"2014Q2":15.70364,"2014Q1":8.60019,"2013Q4":13.05804,"2013Q3":13.95391,"2013Q2":12.04386,"2013Q1":7.25373,"2012Q4":9.09504,"2012Q3":12.12597,"2012Q2":11.66437,"2012Q1":3.75117,"2011Q4":2.47562,"2011Q3":5.15886,"2011Q2":5.55666,"2011Q1":2.30384,"2010Q4":2.01739,"2010Q3":5.38326,"2010Q2":5.31936,"2010Q1":0.12767}},{"p":"ELEC.GEN.WAS-OH-99.Q","c":{"2015Q4":122.8881,"2015Q3":121.47691,"2015Q2":117.77439,"2015Q1":113.06928,"2014Q4":54.83255,"2014Q3":116.61355,"2014Q2":148.85385,"2014Q1":150.58106,"2013Q4":123.05519,"2013Q3":145.11819,"2013Q2":95.51283,"2013Q1":110.77993,"2012Q4":83.71039,"2012Q3":95.86466,"2012Q2":87.50794,"2012Q1":98.52971,"2011Q4":78.12913,"2011Q3":79.09503,"2011Q2":89.35389,"2011Q1":85.17753,"2010Q4":81.02338,"2010Q3":64.85711,"2010Q2":67.82349,"2010Q1":62.15102,"2009Q4":59.56974,"2009Q3":51.44001,"2009Q2":48.9247,"2009Q1":49.6762,"2008Q4":48.99863,"2008Q3":42.11458,"2008Q2":49.72346,"2008Q1":49.33811,"2007Q4":4.21146,"2007Q3":5.86865,"2007Q2":6.62221,"2007Q1":4.31477,"2006Q4":8.61299,"2006Q3":8.29418,"2006Q2":8.47624,"2006Q1":8.73803,"2005Q4":6.853,"2005Q3":7.03287,"2005Q2":6.78271,"2005Q1":6.09197,"2004Q4":7.52402,"2004Q3":7.51685,"2004Q2":7.51861,"2004Q1":7.50956,"2003Q4":8.65,"2003Q3":8.883,"2003Q2":7.379,"2003Q1":8.39,"2002Q4":7.094,"2002Q3":8.24,"2002Q2":5.177,"2002Q1":4.73,"2001Q4":6.749,"2001Q3":8.567,"2001Q2":5.737,"2001Q1":6.835}},{"p":"ELEC.GEN.WWW-OH-99.Q","c":{"2015Q4":85.93995,"2015Q3":84.33298,"2015Q2":78.63318,"2015Q1":90.1988,"2014Q4":80.58831,"2014Q3":91.72757,"2014Q2":83.55026,"2014Q1":91.72008,"2013Q4":85.01257,"2013Q3":85.97853,"2013Q2":79.79545,"2013Q1":91.79645,"2012Q4":87.4214,"2012Q3":88.29042,"2012Q2":81.02758,"2012Q1":94.14811,"2011Q4":99.49573,"2011Q3":102.26028,"2011Q2":90.72214,"2011Q1":97.51978,"2010Q4":101.04047,"2010Q3":100.22851,"2010Q2":93.41467,"2010Q1":104.12666,"2009Q4":108.65215,"2009Q3":102.64951,"2009Q2":94.26566,"2009Q1":104.11806,"2008Q4":107.43667,"2008Q3":107.16193,"2008Q2":98.26384,"2008Q1":105.25463,"2007Q4":95.46337,"2007Q3":104.14299,"2007Q2":96.20065,"2007Q1":103.57138,"2006Q4":109.5886,"2006Q3":103.46545,