{"p":"OH","c":[{"p":"ELEC.GEN.NUC-OH-99.Q","v":{"_2015Q4":4837.956,"_2015Q3":4755.737,"_2015Q2":3882.853,"_2015Q1":3900.19,"_2014Q4":4392.846,"_2014Q3":4723.026,"_2014Q2":3825.166,"_2014Q1":3343.402,"_2013Q4":4804.304,"_2013Q3":4346.535,"_2013Q2":2980.522,"_2013Q1":3989.889,"_2012Q4":4742.551,"_2012Q3":4659.558,"_2012Q2":3062.034,"_2012Q1":4622.855,"_2011Q4":2769.121,"_2011Q3":4706.794,"_2011Q2":2945.904,"_2011Q1":4467.927,"_2010Q4":4706.742,"_2010Q3":4719.896,"_2010Q2":2413.71,"_2010Q1":3964.455,"_2009Q4":4226.285,"_2009Q3":4744.586,"_2009Q2":2655.997,"_2009Q1":3579.216,"_2008Q4":4735.864,"_2008Q3":4737.52,"_2008Q2":4356.505,"_2008Q1":3683.989,"_2007Q4":4330.075,"_2007Q3":3948.44,"_2007Q2":2901.345,"_2007Q1":4584.189,"_2006Q4":4343.498,"_2006Q3":4600.078,"_2006Q2":3862.077,"_2006Q1":4041.286,"_2005Q4":4641.667,"_2005Q3":4646.519,"_2005Q2":3454.129,"_2005Q1":2060.418,"_2004Q4":4569.641,"_2004Q3":4554.667,"_2004Q2":4127.059,"_2004Q1":2698.754,"_2003Q4":2694.125,"_2003Q3":2377.345,"_2003Q2":929.75,"_2003Q1":2473.796,"_2002Q4":2572.636,"_2002Q3":2416.029,"_2002Q2":2302.212,"_2002Q1":3574.025,"_2001Q4":4449.675,"_2001Q3":4078.005,"_2001Q2":3669.951,"_2001Q1":3266.131}},{"p":"ELEC.GEN.OOG-OH-99.Q","v":{"_2015Q4":null,"_2015Q3":298.33516,"_2015Q2":null,"_2015Q1":257.24774,"_2014Q4":243.05564,"_2014Q3":248.28725,"_2014Q2":223.53174,"_2014Q1":214.51299,"_2013Q4":233.46915,"_2013Q3":234.16129,"_2013Q2":242.49366,"_2013Q1":242.70959,"_2012Q4":234.20744,"_2012Q3":237.45692,"_2012Q2":257.53059,"_2012Q1":229.67407,"_2011Q4":70.97927,"_2011Q3":80.05726,"_2011Q2":78.39606,"_2011Q1":74.31003,"_2010Q4":64.09953,"_2010Q3":63.51996,"_2010Q2":78.15263,"_2010Q1":48.32673,"_2009Q4":29.61519,"_2009Q3":1.32167,"_2009Q2":3.16131,"_2009Q1":3.37913,"_2008Q4":8.38607,"_2008Q3":74.31284,"_2008Q2":97.40562,"_2008Q1":80.81924,"_2007Q4":64.44105,"_2007Q3":76.33104,"_2007Q2":88.78032,"_2007Q1":59.72078,"_2006Q4":63.42211,"_2006Q3":101.32551,"_2006Q2":107.35838,"_2006Q1":87.90147,"_2005Q4":85.46773,"_2005Q3":83.32803,"_2005Q2":55.54821,"_2005Q1":73.99553,"_2004Q4":70.52286,"_2004Q3":77.84625,"_2004Q2":91.07331,"_2004Q1":62.62076,"_2003Q4":59.404,"_2003Q3":58.601,"_2003Q2":43.928,"_2003Q1":50.59,"_2002Q4":43.861,"_2002Q3":73.879,"_2002Q2":46.412,"_2002Q1":42.414,"_2001Q4":75.326,"_2001Q3":87.845,"_2001Q2":68.859,"_2001Q1":69.919}},{"p":"ELEC.GEN.AOR-OH-99.Q","v":{"_2015Q4":641.23519,"_2015Q3":380.14676,"_2015Q2":514.43908,"_2015Q1":561.23205,"_2014Q4":494.80286,"_2014Q3":354.14483,"_2014Q2":543.50797,"_2014Q1":633.33786,"_2013Q4":594.25132,"_2013Q3":384.64601,"_2013Q2":459.40097,"_2013Q1":570.96094,"_2012Q4":483.63812,"_2012Q3":325.70906,"_2012Q2":409.57278,"_2012Q1":519.7018,"_2011Q4":320.12602,"_2011Q3":237.15773,"_2011Q2":189.48049,"_2011Q1":188.92727,"_2010Q4":188.51465,"_2010Q3":172.61608,"_2010Q2":169.64048,"_2010Q1":169.31774,"_2009Q4":173.2664,"_2009Q3":155.86484,"_2009Q2":146.62873,"_2009Q1":157.65004,"_2008Q4":163.10145,"_2008Q3":151.39101,"_2008Q2":151.34706,"_2008Q1":157.5363,"_2007Q4":105.55923,"_2007Q3":112.60067,"_2007Q2":106.701,"_2007Q1":110.28259,"_2006Q4":122.48747,"_2006Q3":114.25702,"_2006Q2":111.26262,"_2006Q1":110.608,"_2005Q4":118.13757,"_2005Q3":117.13186,"_2005Q2":107.45244,"_2005Q1":102.86625,"_2004Q4":105.77299,"_2004Q3":110.84335,"_2004Q2":101.1739,"_2004Q1":109.98694,"_2003Q4":115.337,"_2003Q3":116.055,"_2003Q2":101.933,"_2003Q1":107.393,"_2002Q4":35.279,"_2002Q3":43.768,"_2002Q2":37.44,"_2002Q1":34.82,"_2001Q4":106.544,"_2001Q3":106.384,"_2001Q2":101.999,"_2001Q1":116.034}},{"p":"ELEC.GEN.HYC-OH-99.Q","v":{"_2015Q4":166.35287,"_2015Q3":null,"_2015Q2":null,"_2015Q1":null,"_2014Q4":94.94114,"_2014Q3":184.85331,"_2014Q2":131.96225,"_2014Q1":66.25052,"_2013Q4":130.31357,"_2013Q3":161.04292,"_2013Q2":150.98986,"_2013Q1":106.89164,"_2012Q4":117.65789,"_2012Q3":116.97059,"_2012Q2":115.59043,"_2012Q1":63.9421,"_2011Q4":91.00978,"_2011Q3":139.42497,"_2011Q2":75.90076,"_2011Q1":77.3195,"_2010Q4":122.97881,"_2010Q3":120.23306,"_2010Q2":121.85921,"_2010Q1":63.95292,"_2009Q4":150.20945,"_2009Q3":154.34583,"_2009Q2":125.29681,"_2009Q1":97.89391,"_2008Q4":103.02791,"_2008Q3":122.05313,"_2008Q2":99.44639,"_2008Q1":61.90759,"_2007Q4":114.78765,"_2007Q3":136.04434,"_2007Q2":98.94016,"_2007Q1":60.66387,"_2006Q4":136.51333,"_2006Q3":177.64932,"_2006Q2":173.54192,"_2006Q1":144.23144,"_2005Q4":141.54207,"_2005Q3":137.01458,"_2005Q2":136.47913,"_2005Q1":100.70824,"_2004Q4":227.0945,"_2004Q3":219.83557,"_2004Q2":140.96684,"_2004Q1":141.9791,"_2003Q4":128.327,"_2003Q3":149.242,"_2003Q2":124.292,"_2003Q1":108.973,"_2002Q4":123.322,"_2002Q3":105.633,"_2002Q2":106.702,"_2002Q1":152.673,"_2001Q4":128.906,"_2001Q3":120.829,"_2001Q2":140.505,"_2001Q1":120.545}},{"p":"ELEC.GEN.SUN-OH-99.Q","v":{"_2015Q4":16.47994,"_2015Q3":22.52727,"_2015Q2":22.85435,"_2015Q1":null,"_2014Q4":12.5223,"_2014Q3":17.08214,"_2014Q2":15.70364,"_2014Q1":8.60019,"_2013Q4":13.05804,"_2013Q3":13.95391,"_2013Q2":12.04386,"_2013Q1":7.25373,"_2012Q4":9.09504,"_2012Q3":12.12597,"_2012Q2":11.66437,"_2012Q1":3.75117,"_2011Q4":2.47562,"_2011Q3":5.15886,"_2011Q2":5.55666,"_2011Q1":2.30384,"_2010Q4":2.01739,"_2010Q3":5.38326,"_2010Q2":5.31936,"_2010Q1":0.12767}},{"p":"ELEC.GEN.WND-OH-99.Q","v":{"_2015Q4":415.92722,"_2015Q3":151.80962,"_2015Q2":295.17718,"_2015Q1":342.73344,"_2014Q4":346.8597,"_2014Q3":128.72156,"_2014Q2":295.40022,"_2014Q1":382.43652,"_2013Q4":373.12555,"_2013Q3":139.59539,"_2013Q2":272.04883,"_2013Q1":361.13081,"_2012Q4":303.4113,"_2012Q3":129.42801,"_2012Q2":229.37289,"_2012Q1":323.27282,"_2011Q4":140.02552,"_2011Q3":50.64356,"_2011Q2":3.8478,"_2011Q1":3.92612,"_2010Q4":4.43343,"_2010Q3":2.14722,"_2010Q2":3.08297,"_2010Q1":2.9124,"_2009Q4":5.04452,"_2009Q3":1.77532,"_2009Q2":3.43839,"_2009Q1":3.85578,"_2008Q4":6.66616,"_2008Q3":2.11451,"_2008Q2":3.35977,"_2008Q1":2.94357,"_2007Q4":5.88439,"_2007Q3":2.58903,"_2007Q2":3.87814,"_2007Q1":2.39645,"_2006Q4":4.28587,"_2006Q3":2.4974,"_2006Q2":3.41391,"_2006Q1":4.20382,"_2005Q4":5.58143,"_2005Q3":2.41119,"_2005Q2":3.05294,"_2005Q1":2.22243,"_2003Q4":0}},{"p":"ELEC.GEN.SPV-OH-99.Q","v":{"_2015Q4":16.47994,"_2015Q3":22.52727,"_2015Q2":22.85435,"_2015Q1":null,"_2014Q4":12.5223,"_2014Q3":17.08214,"_2014Q2":15.70364,"_2014Q1":8.60019,"_2013Q4":13.05804,"_2013Q3":13.95391,"_2013Q2":12.04386,"_2013Q1":7.25373,"_2012Q4":9.09504,"_2012Q3":12.12597,"_2012Q2":11.66437,"_2012Q1":3.75117,"_2011Q4":2.47562,"_2011Q3":5.15886,"_2011Q2":5.55666,"_2011Q1":2.30384,"_2010Q4":2.01739,"_2010Q3":5.38326,"_2010Q2":5.31936,"_2010Q1":0.12767}},{"p":"ELEC.GEN.WAS-OH-99.Q","v":{"_2015Q4":122.8881,"_2015Q3":121.47691,"_2015Q2":117.77439,"_2015Q1":113.06928,"_2014Q4":54.83255,"_2014Q3":116.61355,"_2014Q2":148.85385,"_2014Q1":150.58106,"_2013Q4":123.05519,"_2013Q3":145.11819,"_2013Q2":95.51283,"_2013Q1":110.77993,"_2012Q4":83.71039,"_2012Q3":95.86466,"_2012Q2":87.50794,"_2012Q1":98.52971,"_2011Q4":78.12913,"_2011Q3":79.09503,"_2011Q2":89.35389,"_2011Q1":85.17753,"_2010Q4":81.02338,"_2010Q3":64.85711,"_2010Q2":67.82349,"_2010Q1":62.15102,"_2009Q4":59.56974,"_2009Q3":51.44001,"_2009Q2":48.9247,"_2009Q1":49.6762,"_2008Q4":48.99863,"_2008Q3":42.11458,"_2008Q2":49.72346,"_2008Q1":49.33811,"_2007Q4":4.21146,"_2007Q3":5.86865,"_2007Q2":6.62221,"_2007Q1":4.31477,"_2006Q4":8.61299,"_2006Q3":8.29418,"_2006Q2":8.47624,"_2006Q1":8.73803,"_2005Q4":6.853,"_2005Q3":7.03287,"_2005Q2":6.78271,"_2005Q1":6.09197,"_2004Q4":7.52402,"_2004Q3":7.51685,"_2004Q2":7.51861,"_2004Q1":7.50956,"_2003Q4":8.65,"_2003Q3":8.883,"_2003Q2":7.379,"_2003Q1":8.39,"_2002Q4":7.094,"_2002Q3":8.24,"_2002Q2":5.177,"_2002Q1":4.73,"_2001Q4":6.749,"_2001Q3":8.567,"_2001Q2":5.737,"_2001Q1":6.835}},{"p":"ELEC.GEN.WWW-OH-99.Q","v":{"_2015Q4":85.93995,"_2015Q3":84.33298,"_2015Q2":78.63318,"_2015Q1":90.1988,"_2014Q4":80.58831,"_2014Q3":91.72757,"_2014Q2":83.55026,"_2014Q1":91.72008,"_2013Q4":85.01257,"_2013Q3":85.97853,"_2013Q2":79.79545,"_2013Q1":91.79645,"_2012Q4":87.4214,"_2012Q3":88.29042,"_2012Q2":81.02758,"_2012Q1":94.14811,