{"p":"OK","c":[{"p":"ELEC.GEN.OOG-OK-99.Q","v":{"_2010Q4":0,"_2010Q3":0,"_2010Q2":0,"_2010Q1":0,"_2009Q4":0,"_2009Q3":0,"_2009Q2":0,"_2009Q1":0,"_2008Q4":2.22328,"_2008Q3":2.61071,"_2008Q2":2.80657,"_2008Q1":2.57839,"_2007Q4":5.43603,"_2007Q3":5.61307,"_2007Q2":5.69354,"_2007Q1":5.73137,"_2006Q4":3.95838,"_2006Q3":4.0685,"_2006Q2":4.12775,"_2006Q1":3.98811,"_2005Q4":3.66002,"_2005Q3":5.05215,"_2005Q2":5.39189,"_2005Q1":4.73432,"_2003Q4":9.946,"_2003Q3":14.374,"_2003Q2":11.138,"_2003Q1":9.951,"_2002Q4":16.008,"_2002Q3":18.235,"_2002Q2":19.127,"_2002Q1":17.34,"_2001Q4":20.534,"_2001Q3":16.304,"_2001Q2":16.11,"_2001Q1":14.844}},{"p":"ELEC.GEN.AOR-OK-99.Q","v":{"_2015Q4":4159.66081,"_2015Q3":3481.97284,"_2015Q2":3549.54654,"_2015Q1":3149.53283,"_2014Q4":3180.44808,"_2014Q3":2525.72694,"_2014Q2":3382.0141,"_2014Q1":3186.99905,"_2013Q4":3091.8118,"_2013Q3":2314.67957,"_2013Q2":3291.34867,"_2013Q1":2808.56414,"_2012Q4":2679.78179,"_2012Q3":1628.23761,"_2012Q2":2128.11183,"_2012Q1":2084.5928,"_2011Q4":1698.06664,"_2011Q3":1097.45352,"_2011Q2":1705.80943,"_2011Q1":1417.90195,"_2010Q4":1170.35615,"_2010Q3":924.67395,"_2010Q2":1156.52053,"_2010Q1":908.40491,"_2009Q4":889.37631,"_2009Q3":576.68548,"_2009Q2":716.50882,"_2009Q1":746.70272,"_2008Q4":711.00685,"_2008Q3":467.05521,"_2008Q2":701.50483,"_2008Q1":671.13694,"_2007Q4":583.8201,"_2007Q3":479.77086,"_2007Q2":504.53735,"_2007Q1":560.86968,"_2006Q4":555.05568,"_2006Q3":400.17281,"_2006Q2":512.07779,"_2006Q1":542.41752,"_2005Q4":332.58305,"_2005Q3":271.37494,"_2005Q2":341.38241,"_2005Q1":191.68093,"_2004Q4":192.40447,"_2004Q3":186.02644,"_2004Q2":235.27075,"_2004Q1":208.91778,"_2003Q4":122.56,"_2003Q3":62.914,"_2003Q2":69.534,"_2003Q1":66.585,"_2002Q4":69.128,"_2002Q3":66.244,"_2002Q2":48.413,"_2002Q1":55.26,"_2001Q4":62.419,"_2001Q3":65.146,"_2001Q2":47.584,"_2001Q1":55.547}},{"p":"ELEC.GEN.HYC-OK-99.Q","v":{"_2015Q4":612.13534,"_2015Q3":645.41251,"_2015Q2":922.81224,"_2015Q1":330.82502,"_2014Q4":318.07054,"_2014Q3":333.07111,"_2014Q2":474.61519,"_2014Q1":302.71616,"_2013Q4":328.89281,"_2013Q3":628.85018,"_2013Q2":1021.03272,"_2013Q1":199.3023,"_2012Q4":55.17277,"_2012Q3":77.78751,"_2012Q2":547.10944,"_2012Q1":465.44428,"_2011Q4":208.9565,"_2011Q3":119.84094,"_2011Q2":769.45598,"_2011Q1":408.68757,"_2010Q4":126.03244,"_2010Q3":685.74559,"_2010Q2":958.14365,"_2010Q1":1038.86633,"_2009Q4":1075.16275,"_2009Q3":693.13328,"_2009Q2":1313.23322,"_2009Q1":471.04374,"_2008Q4":436.08664,"_2008Q3":980.9906,"_2008Q2":1464.34538,"_2008Q1":929.8504,"_2007Q4":322.92556,"_2007Q3":1021.99699,"_2007Q2":1115.88294,"_2007Q1":605.05651,"_2006Q4":105.48412,"_2006Q3":132.8098,"_2006Q2":292.03287,"_2006Q1":93.25224,"_2005Q4":240.70663,"_2005Q3":657.82911,"_2005Q2":738.32986,"_2005Q1":993.49541,"_2004Q4":762.63531,"_2004Q3":620.90771,"_2004Q2":891.88915,"_2004Q1":701.24372,"_2003Q4":292.751,"_2003Q3":399.959,"_2003Q2":751.982,"_2003Q1":353.72,"_2002Q4":190.146,"_2002Q3":352.693,"_2002Q2":967.723,"_2002Q1":477.282,"_2001Q4":310.639,"_2001Q3":311.81,"_2001Q2":720.001,"_2001Q1":1002.241}},{"p":"ELEC.GEN.SUN-OK-99.Q","v":{"_2015Q4":0.864,"_2015Q3":0.692}},{"p":"ELEC.GEN.WND-OK-99.Q","v":{"_2015Q4":4076.7534,"_2015Q3":3400.08409,"_2015Q2":3472.64853,"_2015Q1":3068.14254,"_2014Q4":3090.87098,"_2014Q3":2438.32747,"_2014Q2":3304.47712,"_2014Q1":3103.15747,"_2013Q4":3004.39779,"_2013Q3":2222.73389,"_2013Q2":3202.68542,"_2013Q1":2732.67589,"_2012Q4":2585.20646,"_2012Q3":1538.76327,"_2012Q2":2039.65482,"_2012Q1":1993.96064,"_2011Q4":1606.37852,"_2011Q3":1011.66745,"_2011Q2":1661.47835,"_2011Q1":1325.74071,"_2010Q4":1082.3815,"_2010Q3":834.32087,"_2010Q2":1073.94841,"_2010Q1":817.43244,"_2009Q4":830.41853,"_2009Q3":517.33432,"_2009Q2":659.75091,"_2009Q1":690.69569,"_2008Q4":659.5393,"_2008Q3":415.22558,"_2008Q2":661.15536,"_2008Q1":622.15956,"_2007Q4":503.624,"_2007Q3":396.002,"_2007Q2":439.114,"_2007Q1":510.404,"_2006Q4":479.474,"_2006Q3":329.04,"_2006Q2":438.748,"_2006Q1":465.179,"_2005Q4":257.26432,"_2005Q3":197.15249,"_2005Q2":268.0872,"_2005Q1":125.269,"_2004Q4":139.385,"_2004Q3":123.955,"_2004Q2":163.925,"_2004Q1":145.479,"_2003Q4":54.47}},{"p":"ELEC.GEN.SPV-OK-99.Q","v":{"_2015Q4":0.864,"_2015Q3":0.692}},{"p":"ELEC.GEN.HPS-OK-99.Q","v":{"_2015Q4":-14.012,"_2015Q3":-34.053,"_2015Q2":-13.09,"_2015Q1":-11.341,"_2014Q4":-16.262,"_2014Q3":-30.179,"_2014Q2":-32.808,"_2014Q1":-26.549,"_2013Q4":-6.781,"_2013Q3":-25.707,"_2013Q2":-23.098,"_2013Q1":-22.871,"_2012Q4":-34.527,"_2012Q3":-35.698,"_2012Q2":-29.705,"_2012Q1":-16.78,"_2011Q4":-33.308,"_2011Q3":-47.765,"_2011Q2":-39.295,"_2011Q1":-32.827,"_2010Q4":-22.965,"_2010Q3":-56.197,"_2010Q2":-38.139,"_2010Q1":-35.617,"_2009Q4":-30.189,"_2009Q3":-23.457,"_2009Q2":-37.981,"_2009Q1":-25.204,"_2008Q4":-27.943,"_2008Q3":-57.302,"_2008Q2":-47.135,"_2008Q1":-35.218,"_2007Q4":-34.486,"_2007Q3":-55.995,"_2007Q2":-48.124,"_2007Q1":-27.239,"_2006Q4":-43.889,"_2006Q3":-62.873,"_2006Q2":-9.711,"_2006Q1":0,"_2005Q4":-2.426,"_2005Q3":-53.436,"_2005Q2":-49.069,"_2005Q1":-48.894,"_2004Q4":-54.898,"_2004Q3":-71.429,"_2004Q2":-58.167,"_2004Q1":-49.385,"_2003Q4":-51.178,"_2003Q3":-61.805,"_2003Q2":-45.359,"_2003Q1":-47.845,"_2002Q4":-41.66,"_2002Q3":-52.911,"_2002Q2":-46.408,"_2002Q1":-36.889,"_2001Q4":-21.593,"_2001Q3":-42.987,"_2001Q2":-36.086,"_2001Q1":-27.813}},{"p":"ELEC.GEN.WAS-OK-99.Q","v":{"_2015Q4":25.90735,"_2015Q3":23.22401,"_2015Q2":22.37139,"_2015Q1":24.94743,"_2014Q4":25.96151,"_2014Q3":24.09559,"_2014Q2":20.08952,"_2014Q1":21.50397,"_2013Q4":30.69675,"_2013Q3":33.86341,"_2013Q2":32.48635,"_2013Q1":28.55118,"_2012Q4":24.37417,"_2012Q3":19.44847,"_2012Q2":23.40623,"_2012Q1":26.89354,"_2011Q4":21.29558,"_2011Q3":17.10621,"_2011Q2":21.8344,"_2011Q1":27.00583,"_2010Q4":18.86054,"_2010Q3":29.06448,"_2010Q2":21.67786,"_2010Q1":27.44055,"_2009Q4":45.77591,"_2009Q3":38.70053,"_2009Q2":38.20409,"_2009Q1":40.3297,"_2008Q4":51.19613,"_2008Q3":51.44607,"_2008Q2":40.1113,"_2008Q1":26.86497,"_2007Q4":0,"_2007Q3":0.25821,"_2007Q2":3.46265,"_2007Q1":0,"_2006Q4":0,"_2006Q3":0,"_2006Q2":0,"_2006Q1":0,"_2005Q4":0,"_2005Q3":0,"_2005Q2":0,"_2005Q1":0,"_2004Q4":0,"_2004Q3":0,"_2004Q2":0,"_2004Q1":0,"_2003Q4":0,"_2003Q3":0,"_2003Q2":0,"_2003Q1":0,"_2002Q4":0,"_2002Q3":0,"_2002Q2":0,"_2002Q1":0,"_2001Q4":0,"_2001Q3":0,"_2001Q2":0,"_2001Q1":0}},{"p":"ELEC.GEN.WWW-OK-99.Q","v":{"_2015Q4":56.13608,"_2015Q3":57.97274,"_2015Q2":54.52663,"_2015Q1":56.44287,"_2014Q4":63.61561,"_2014Q3":63.30387,"_2014Q2":57.44747,"_2014Q1":62.33761,"_2013Q4":56.71726,"_2013Q3":58.08225,"_2013Q2":56.1769,"_2013Q1":47.33707,"_2012Q4":70.20115,"_2012Q3":70.02587,"_2012Q2":65.0508,"_2012Q1":63.73864,"_2011Q4":70.39254,"_2011Q3":68.67985,"_2011Q2":22.49668,"_2011Q1":65.15542,"_2010Q4":69.11412,"_2010Q3":61.28861,"_2010Q2":60.89426,"_2010Q1":63.53193,"_2009Q4":13.18188,"_2009Q3":20.65063,"_2009Q2":18.55382,"_2009Q1":15.67733,"_2008Q4":0.27144,"_2008Q3":0.38358,"_2008Q2":0.23817,"_2008Q1":22.11242,"_2007Q4":80.1961,"_2007Q3":83.51065,"_2007Q2":61.9607,"_2007Q1":50.46568,"_2006Q4":75.58168,"_2006Q3":71.13281,"_2006Q2":73.32979,"_2006Q1":77.23852,"_2005Q4":75.31874,"_2005Q3":74.22244,"_2005Q2":73.29521,"_2005Q1":66.41193,"_2004Q4":53.01947,"_2004Q3":62.07144,"_2004Q2":71.34575,"_2004Q1":63.43878,"_2003Q4":68.09,"_2003Q3":62.914,"_2003Q2":69.534,"_2003Q1":66.585,"_2002Q4":69.128,"_2002Q3":66.244,"_2002Q2":48.413,"_2002Q1":55.26,"_2001Q4":62.419,"_2001Q3":65.146,"_2001Q2":47.584,"_2001Q1":55.547}},{"p":"ELEC.GEN.TSN-OK-99.Q","v":{"_2015Q4":1.56357,"_2015Q3":1.60675,"_2015Q2":0.85253,"_2015Q1":0.64123,"_2014Q4":0.57773,"_2014Q3":0.66929,"_2014Q2":0.55948,"_2014Q1":0.42815}},{"p":"ELEC.GEN.DPV-OK-99.Q","v":{"_2015Q4":0.69957,"_2015Q3":0.91475,"_2015Q2":0.85253,"_2015Q1":0.64123,"_2014Q4":0.57773,"_2014Q3":0.66929,"_2014Q2":0.55948,"_2014Q1":0.42815}},{"p":"ELEC.GEN.ALL-OK-99.Q","v":{"_2015Q4":17961.50253,"_2015Q3":21974.54424,"_2015Q2":17808.25069,"_2015Q1":18318.98224,"_2014Q4":15641.27691,"_2014Q3":19324.77254,"_2014Q2":17420.03267,"_2014Q1":17769.42219,