{"p":"OK","c":[{"p":"ELEC.GEN.OOG-OK-99.Q","c":{"2010Q4":0,"2010Q3":0,"2010Q2":0,"2010Q1":0,"2009Q4":0,"2009Q3":0,"2009Q2":0,"2009Q1":0,"2008Q4":2.22328,"2008Q3":2.61071,"2008Q2":2.80657,"2008Q1":2.57839,"2007Q4":5.43603,"2007Q3":5.61307,"2007Q2":5.69354,"2007Q1":5.73137,"2006Q4":3.95838,"2006Q3":4.0685,"2006Q2":4.12775,"2006Q1":3.98811,"2005Q4":3.66002,"2005Q3":5.05215,"2005Q2":5.39189,"2005Q1":4.73432,"2003Q4":9.946,"2003Q3":14.374,"2003Q2":11.138,"2003Q1":9.951,"2002Q4":16.008,"2002Q3":18.235,"2002Q2":19.127,"2002Q1":17.34,"2001Q4":20.534,"2001Q3":16.304,"2001Q2":16.11,"2001Q1":14.844}},{"p":"ELEC.GEN.AOR-OK-99.Q","c":{"2015Q4":4159.66081,"2015Q3":3481.97284,"2015Q2":3549.54654,"2015Q1":3149.53283,"2014Q4":3180.44808,"2014Q3":2525.72694,"2014Q2":3382.0141,"2014Q1":3186.99905,"2013Q4":3091.8118,"2013Q3":2314.67957,"2013Q2":3291.34867,"2013Q1":2808.56414,"2012Q4":2679.78179,"2012Q3":1628.23761,"2012Q2":2128.11183,"2012Q1":2084.5928,"2011Q4":1698.06664,"2011Q3":1097.45352,"2011Q2":1705.80943,"2011Q1":1417.90195,"2010Q4":1170.35615,"2010Q3":924.67395,"2010Q2":1156.52053,"2010Q1":908.40491,"2009Q4":889.37631,"2009Q3":576.68548,"2009Q2":716.50882,"2009Q1":746.70272,"2008Q4":711.00685,"2008Q3":467.05521,"2008Q2":701.50483,"2008Q1":671.13694,"2007Q4":583.8201,"2007Q3":479.77086,"2007Q2":504.53735,"2007Q1":560.86968,"2006Q4":555.05568,"2006Q3":400.17281,"2006Q2":512.07779,"2006Q1":542.41752,"2005Q4":332.58305,"2005Q3":271.37494,"2005Q2":341.38241,"2005Q1":191.68093,"2004Q4":192.40447,"2004Q3":186.02644,"2004Q2":235.27075,"2004Q1":208.91778,"2003Q4":122.56,"2003Q3":62.914,"2003Q2":69.534,"2003Q1":66.585,"2002Q4":69.128,"2002Q3":66.244,"2002Q2":48.413,"2002Q1":55.26,"2001Q4":62.419,"2001Q3":65.146,"2001Q2":47.584,"2001Q1":55.547}},{"p":"ELEC.GEN.HYC-OK-99.Q","c":{"2015Q4":612.13534,"2015Q3":645.41251,"2015Q2":922.81224,"2015Q1":330.82502,"2014Q4":318.07054,"2014Q3":333.07111,"2014Q2":474.61519,"2014Q1":302.71616,"2013Q4":328.89281,"2013Q3":628.85018,"2013Q2":1021.03272,"2013Q1":199.3023,"2012Q4":55.17277,"2012Q3":77.78751,"2012Q2":547.10944,"2012Q1":465.44428,"2011Q4":208.9565,"2011Q3":119.84094,"2011Q2":769.45598,"2011Q1":408.68757,"2010Q4":126.03244,"2010Q3":685.74559,"2010Q2":958.14365,"2010Q1":1038.86633,"2009Q4":1075.16275,"2009Q3":693.13328,"2009Q2":1313.23322,"2009Q1":471.04374,"2008Q4":436.08664,"2008Q3":980.9906,"2008Q2":1464.34538,"2008Q1":929.8504,"2007Q4":322.92556,"2007Q3":1021.99699,"2007Q2":1115.88294,"2007Q1":605.05651,"2006Q4":105.48412,"2006Q3":132.8098,"2006Q2":292.03287,"2006Q1":93.25224,"2005Q4":240.70663,"2005Q3":657.82911,"2005Q2":738.32986,"2005Q1":993.49541,"2004Q4":762.63531,"2004Q3":620.90771,"2004Q2":891.88915,"2004Q1":701.24372,"2003Q4":292.751,"2003Q3":399.959,"2003Q2":751.982,"2003Q1":353.72,"2002Q4":190.146,"2002Q3":352.693,"2002Q2":967.723,"2002Q1":477.282,"2001Q4":310.639,"2001Q3":311.81,"2001Q2":720.001,"2001Q1":1002.241}},{"p":"ELEC.GEN.SUN-OK-99.Q","c":{"2015Q4":0.864,"2015Q3":0.692}},{"p":"ELEC.GEN.WND-OK-99.Q","c":{"2015Q4":4076.7534,"2015Q3":3400.08409,"2015Q2":3472.64853,"2015Q1":3068.14254,"2014Q4":3090.87098,"2014Q3":2438.32747,"2014Q2":3304.47712,"2014Q1":3103.15747,"2013Q4":3004.39779,"2013Q3":2222.73389,"2013Q2":3202.68542,"2013Q1":2732.67589,"2012Q4":2585.20646,"2012Q3":1538.76327,"2012Q2":2039.65482,"2012Q1":1993.96064,"2011Q4":1606.37852,"2011Q3":1011.66745,"2011Q2":1661.47835,"2011Q1":1325.74071,"2010Q4":1082.3815,"2010Q3":834.32087,"2010Q2":1073.94841,"2010Q1":817.43244,"2009Q4":830.41853,"2009Q3":517.33432,"2009Q2":659.75091,"2009Q1":690.69569,"2008Q4":659.5393,"2008Q3":415.22558,"2008Q2":661.15536,"2008Q1":622.15956,"2007Q4":503.624,"2007Q3":396.002,"2007Q2":439.114,"2007Q1":510.404,"2006Q4":479.474,"2006Q3":329.04,"2006Q2":438.748,"2006Q1":465.179,"2005Q4":257.26432,"2005Q3":197.15249,"2005Q2":268.0872,"2005Q1":125.269,"2004Q4":139.385,"2004Q3":123.955,"2004Q2":163.925,"2004Q1":145.479,"2003Q4":54.47}},{"p":"ELEC.GEN.SPV-OK-99.Q","c":{"2015Q4":0.864,"2015Q3":0.692}},{"p":"ELEC.GEN.HPS-OK-99.Q","c":{"2015Q4":-14.012,"2015Q3":-34.053,"2015Q2":-13.09,"2015Q1":-11.341,"2014Q4":-16.262,"2014Q3":-30.179,"2014Q2":-32.808,"2014Q1":-26.549,"2013Q4":-6.781,"2013Q3":-25.707,"2013Q2":-23.098,"2013Q1":-22.871,"2012Q4":-34.527,"2012Q3":-35.698,"2012Q2":-29.705,"2012Q1":-16.78,"2011Q4":-33.308,"2011Q3":-47.765,"2011Q2":-39.295,"2011Q1":-32.827,"2010Q4":-22.965,"2010Q3":-56.197,"2010Q2":-38.139,"2010Q1":-35.617,"2009Q4":-30.189,"2009Q3":-23.457,"2009Q2":-37.981,"2009Q1":-25.204,"2008Q4":-27.943,"2008Q3":-57.302,"2008Q2":-47.135,"2008Q1":-35.218,"2007Q4":-34.486,"2007Q3":-55.995,"2007Q2":-48.124,"2007Q1":-27.239,"2006Q4":-43.889,"2006Q3":-62.873,"2006Q2":-9.711,"2006Q1":0,"2005Q4":-2.426,"2005Q3":-53.436,"2005Q2":-49.069,"2005Q1":-48.894,"2004Q4":-54.898,"2004Q3":-71.429,"2004Q2":-58.167,"2004Q1":-49.385,"2003Q4":-51.178,"2003Q3":-61.805,"2003Q2":-45.359,"2003Q1":-47.845,"2002Q4":-41.66,"2002Q3":-52.911,"2002Q2":-46.408,"2002Q1":-36.889,"2001Q4":-21.593,"2001Q3":-42.987,"2001Q2":-36.086,"2001Q1":-27.813}},{"p":"ELEC.GEN.WAS-OK-99.Q","c":{"2015Q4":25.90735,"2015Q3":23.22401,"2015Q2":22.37139,"2015Q1":24.94743,"2014Q4":25.96151,"2014Q3":24.09559,"2014Q2":20.08952,"2014Q1":21.50397,"2013Q4":30.69675,"2013Q3":33.86341,"2013Q2":32.48635,"2013Q1":28.55118,"2012Q4":24.37417,"2012Q3":19.44847,"2012Q2":23.40623,"2012Q1":26.89354,"2011Q4":21.29558,"2011Q3":17.10621,"2011Q2":21.8344,"2011Q1":27.00583,"2010Q4":18.86054,"2010Q3":29.06448,"2010Q2":21.67786,"2010Q1":27.44055,"2009Q4":45.77591,"2009Q3":38.70053,"2009Q2":38.20409,"2009Q1":40.3297,"2008Q4":51.19613,"2008Q3":51.44607,"2008Q2":40.1113,"2008Q1":26.86497,"2007Q4":0,"2007Q3":0.25821,"2007Q2":3.46265,"2007Q1":0,"2006Q4":0,"2006Q3":0,"2006Q2":0,"2006Q1":0,"2005Q4":0,"2005Q3":0,"2005Q2":0,"2005Q1":0,"2004Q4":0,"2004Q3":0,"2004Q2":0,"2004Q1":0,"2003Q4":0,"2003Q3":0,"2003Q2":0,"2003Q1":0,"2002Q4":0,"2002Q3":0,"2002Q2":0,"2002Q1":0,"2001Q4":0,"2001Q3":0,"2001Q2":0,"2001Q1":0}},{"p":"ELEC.GEN.WWW-OK-99.Q","c":{"2015Q4":56.13608,"2015Q3":57.97274,"2015Q2":54.52663,"2015Q1":56.44287,"2014Q4":63.61561,"2014Q3":63.30387,"2014Q2":57.44747,"2014Q1":62.33761,"2013Q4":56.71726,"2013Q3":58.08225,"2013Q2":56.1769,"2013Q1":47.33707,"2012Q4":70.20115,"2012Q3":70.02587,"2012Q2":65.0508,"2012Q1":63.73864,"2011Q4":70.39254,"2011Q3":68.67985,"2011Q2":22.49668,"2011Q1":65.15542,"2010Q4":69.11412,"2010Q3":61.28861,"2010Q2":60.89426,"2010Q1":63.53193,"2009Q4":13.18188,"2009Q3":20.65063,"2009Q2":18.55382,"2009Q1":15.67733,"2008Q4":0.27144,"2008Q3":0.38358,"2008Q2":0.23817,"2008Q1":22.11242,"2007Q4":80.1961,"2007Q3":83.51065,"2007Q2":61.9607,"2007Q1":50.46568,"2006Q4":75.58168,"2006Q3":71.13281,"2006Q2":73.32979,"2006Q1":77.23852,"2005Q4":75.31874,"2005Q3":74.22244,"2005Q2":73.29521,"2005Q1":66.41193,"2004Q4":53.01947,"2004Q3":62.07144,"2004Q2":71.34575,"2004Q1":63.43878,"2003Q4":68.09,"2003Q3":62.914,"2003Q2":69.534,"2003Q1":66.585,"2002Q4":69.128,"2002Q3":66.244,"2002Q2":48.413,"2002Q1":55.26,"2001Q4":62.419,"2001Q3":65.146,"2001Q2":47.584,"2001Q1":55.547}},{"p":"ELEC.GEN.TSN-OK-99.Q","c":{"2015Q4":1.56357,"2015Q3":1.60675,"2015Q2":0.85253,"2015Q1":0.64123,"2014Q4":0.57773,"2014Q3":0.66929,"2014Q2":0.55948,"2014Q1":0.42815}},{"p":"ELEC.GEN.DPV-OK-99.Q","c":{"2015Q4":0.69957,"2015Q3":0.91475,"2015Q2":0.85253,"2015Q1":0.64123,"2014Q4":0.57773,"2014Q3":0.66929,"2014Q2":0.55948,"2014Q1":0.42815}},{"p":"ELEC.GEN.ALL-OK-99.Q","c":{"2015Q4":17961.50253,"2015Q3":21974.54424,"2015Q2":17808.25069,"2015Q1":18318.98224,"2014Q4":15641.27691,"2014Q3":19324.77254,"2014Q2":17420.03267,"2014Q1":17769.42219,"2013Q4":17006.87596,"2013Q3":21784.19694,"2013Q2":18566.41894,"2013Q1":16316.18845,"2012Q4":15317.96634,"2012Q3":23622.84365,"2012Q2":21322.25902,"2012Q1":17633.51912,"2011Q4":15268.74038,"2011Q3":23750.35912,"2011Q2":19019.99684,"2011Q1":16566.61729,"2010Q4":14754.25702,"2010Q3":23248.13793,"2010Q2":17615.10398,"2010Q1":16633.2342,"2009Q4":16129.10888,"2009Q3":21684.0068,"2009Q2":19118.47349,"2009Q1":18135.2201,