{"p":"OR","c":[{"p":"ELEC.GEN.AOR-OR-99.Q","c":{"2015Q4":1878.55655,"2015Q3":2399.53183,"2015Q2":2278.72419,"2015Q1":1414.52797,"2014Q4":1835.3609,"2014Q3":2305.41437,"2014Q2":2813.70259,"2014Q1":1959.05462,"2013Q4":1675.46522,"2013Q3":2429.54454,"2013Q2":2546.83092,"2013Q1":1983.07404,"2012Q4":1483.27725,"2012Q3":2020.51108,"2012Q2":2018.94306,"2012Q1":1684.49798,"2011Q4":1206.15983,"2011Q3":1495.09237,"2011Q2":1685.03697,"2011Q1":1103.52866,"2010Q4":903.29383,"2010Q3":1428.41683,"2010Q2":1674.47668,"2010Q1":750.69279,"2009Q4":798.00415,"2009Q3":1313.56434,"2009Q2":1302.48154,"2009Q1":858.37687,"2008Q4":669.50914,"2008Q3":876.08161,"2008Q2":1071.31487,"2008Q1":806.19289,"2007Q4":644.05333,"2007Q3":585.24722,"2007Q2":521.90635,"2007Q1":477.08604,"2006Q4":516.81469,"2006Q3":447.49317,"2006Q2":402.93933,"2006Q1":461.74118,"2005Q4":450.29324,"2005Q3":409.89294,"2005Q2":382.24422,"2005Q1":358.08155,"2004Q4":266.1223,"2004Q3":283.30415,"2004Q2":277.65863,"2004Q1":288.01841,"2003Q4":301.51115,"2003Q3":241.4666,"2003Q2":226.23173,"2003Q1":313.3872,"2002Q4":262.90148,"2002Q3":283.81804,"2002Q2":235.11024,"2002Q1":266.96016,"2001Q4":233.45633,"2001Q3":220.88063,"2001Q2":206.33136,"2001Q1":178.85924}},{"p":"ELEC.GEN.HYC-OR-99.Q","c":{"2015Q4":7507.83445,"2015Q3":5673.40393,"2015Q2":7139.1994,"2015Q1":11982.23881,"2014Q4":8279.58633,"2014Q3":6605.18745,"2014Q2":10511.88228,"2014Q1":9865.27994,"2013Q4":7640.00043,"2013Q3":6497.21564,"2013Q2":9680.17603,"2013Q1":9280.27491,"2012Q4":8509.74769,"2012Q3":8696.60659,"2012Q2":11948.25427,"2012Q1":10255.56983,"2011Q4":8365.435,"2011Q3":9058.14238,"2011Q2":12384.84928,"2011Q1":12506.39435,"2010Q4":7962.05638,"2010Q3":5942.63494,"2010Q2":8936.73886,"2010Q1":7700.82982,"2009Q4":7397.12994,"2009Q3":5509.29776,"2009Q2":10820.99121,"2009Q1":9306.09394,"2008Q4":7526.8416,"2008Q3":6487.01439,"2008Q2":10445.86464,"2008Q1":9345.30349,"2007Q4":7423.19223,"2007Q3":5875.88112,"2007Q2":9641.44474,"2007Q1":10646.9214,"2006Q4":7640.34071,"2006Q3":6500.5635,"2006Q2":12176.04533,"2006Q1":11533.34772,"2005Q4":7873.34013,"2005Q3":5931.79673,"2005Q2":8497.11134,"2005Q1":8646.09681,"2004Q4":8340.53205,"2004Q3":6644.49676,"2004Q2":8860.852,"2004Q1":9234.9381,"2003Q4":7812.283,"2003Q3":6357.256,"2003Q2":10072.509,"2003Q1":9008.283,"2002Q4":7488.371,"2002Q3":7451.292,"2002Q2":10279.438,"2002Q1":9194.065,"2001Q4":7105.394,"2001Q3":5591.01,"2001Q2":7826.256,"2001Q1":8121.892}},{"p":"ELEC.GEN.SUN-OR-99.Q","c":{"2015Q4":null,"2015Q3":9.56889,"2015Q2":null,"2015Q1":null,"2014Q4":5.63022,"2014Q3":7.72854,"2014Q2":7.1508,"2014Q1":3.5325,"2013Q4":6.48011,"2013Q3":6.73876,"2013Q2":4.85144,"2013Q1":2.42271,"2012Q4":1.51694,"2012Q3":1.95959,"2012Q2":2.33034,"2012Q1":0.60512,"2011Q4":0.09,"2011Q3":0,"2011Q2":0,"2011Q1":0}},{"p":"ELEC.GEN.WND-OR-99.Q","c":{"2015Q4":1553.45534,"2015Q3":2080.75831,"2015Q2":1958.60845,"2015Q1":1081.76798,"2014Q4":1482.18144,"2014Q3":1926.44142,"2014Q2":2527.83329,"2014Q1":1618.94585,"2013Q4":1363.37998,"2013Q3":2115.9179,"2013Q2":2339.31952,"2013Q1":1637.08461,"2012Q4":1209.18763,"2012Q3":1820.02516,"2012Q2":1861.85227,"2012Q1":1452.40284,"2011Q4":1026.24132,"2011Q3":1309.71604,"2011Q2":1549.49654,"2011Q1":889.92012,"2010Q4":692.84441,"2010Q3":1198.72757,"2010Q2":1486.71975,"2010Q1":541.71507,"2009Q4":604.22536,"2009Q3":1077.86121,"2009Q2":1147.37153,"2009Q1":640.25554,"2008Q4":447.99443,"2008Q3":633.97915,"2008Q2":912.15447,"2008Q1":581.10612,"2007Q4":369.37528,"2007Q3":304.157,"2007Q2":326.48,"2007Q1":246.982,"2006Q4":258.474,"2006Q3":214.552,"2006Q2":206.96,"2006Q1":251.233,"2005Q4":226.94726,"2005Q3":183.60485,"2005Q2":179.02994,"2005Q1":144.69197,"2004Q4":135.15824,"2004Q3":163.71509,"2004Q2":158.30375,"2004Q1":161.83493,"2003Q4":131.837,"2003Q3":83.176,"2003Q2":97.794,"2003Q1":130.812,"2002Q4":93.454,"2002Q3":85.449,"2002Q2":94.557,"2002Q1":102.699,"2001Q4":39.192,"2001Q3":17.24,"2001Q2":18.357,"2001Q1":13.798}},{"p":"ELEC.GEN.SPV-OR-99.Q","c":{"2015Q4":null,"2015Q3":9.56889,"2015Q2":null,"2015Q1":null,"2014Q4":5.63022,"2014Q3":7.72854,"2014Q2":7.1508,"2014Q1":3.5325,"2013Q4":6.48011,"2013Q3":6.73876,"2013Q2":4.85144,"2013Q1":2.42271,"2012Q4":1.43056,"2012Q3":1.75999,"2012Q2":2.09298,"2012Q1":0.54348,"2011Q4":0.09,"2011Q3":0,"2011Q2":0,"2011Q1":0}},{"p":"ELEC.GEN.STH-OR-99.Q","c":{"2012Q4":0.08637,"2012Q3":0.19961,"2012Q2":0.23737,"2012Q1":0.06164}},{"p":"ELEC.GEN.WAS-OR-99.Q","c":{"2015Q4":90.15551,"2015Q3":88.74212,"2015Q2":87.19417,"2015Q1":82.93521,"2014Q4":90.07848,"2014Q3":110.42683,"2014Q2":67.63148,"2014Q1":79.9587,"2013Q4":78.6069,"2013Q3":76.32921,"2013Q2":61.3954,"2013Q1":77.55687,"2012Q4":58.53477,"2012Q3":60.71287,"2012Q2":58.46783,"2012Q1":53.87137,"2011Q4":55.92375,"2011Q3":56.40793,"2011Q2":53.71677,"2011Q1":56.20656,"2010Q4":57.32894,"2010Q3":52.27249,"2010Q2":50.39351,"2010Q1":44.937,"2009Q4":33.11202,"2009Q3":34.10885,"2009Q2":30.26175,"2009Q1":30.84978,"2008Q4":32.1801,"2008Q3":34.25215,"2008Q2":31.38047,"2008Q1":32.93473,"2007Q4":32.25417,"2007Q3":51.96416,"2007Q2":32.29828,"2007Q1":22.21681,"2006Q4":24.79211,"2006Q3":25.62327,"2006Q2":26.20291,"2006Q1":22.35832,"2005Q4":25.10097,"2005Q3":31.94031,"2005Q2":21.61485,"2005Q1":19.38684,"2004Q4":21.53511,"2004Q3":21.53511,"2004Q2":21.53511,"2004Q1":21.53511,"2003Q4":22.41715,"2003Q3":21.3966,"2003Q2":21.60373,"2003Q1":19.6462,"2002Q4":12.94348,"2002Q3":11.68404,"2002Q2":12.21624,"2002Q1":11.70216,"2001Q4":13.03533,"2001Q3":11.66163,"2001Q2":13.30836,"2001Q1":11.81724}},{"p":"ELEC.GEN.WWW-OR-99.Q","c":{"2015Q4":171.16515,"2015Q3":186.96751,"2015Q2":185.70389,"2015Q1":189.45439,"2014Q4":203.01775,"2014Q3":228.56158,"2014Q2":170.46205,"2014Q1":200.48457,"2013Q4":173.44825,"2013Q3":200.96968,"2013Q2":108.96056,"2013Q1":216.80387,"2012Q4":188.38711,"2012Q3":137.81346,"2012Q2":96.29261,"2012Q1":177.61867,"2011Q4":123.90477,"2011Q3":128.96839,"2011Q2":81.82367,"2011Q1":157.402,"2010Q4":153.12047,"2010Q3":177.41677,"2010Q2":137.36344,"2010Q1":164.04073,"2009Q4":160.66676,"2009Q3":201.59428,"2009Q2":124.84825,"2009Q1":187.27155,"2008Q4":189.33461,"2008Q3":207.85031,"2008Q2":127.77992,"2008Q1":192.15204,"2007Q4":242.42389,"2007Q3":229.12606,"2007Q2":163.12807,"2007Q1":207.88723,"2006Q4":233.54859,"2006Q3":207.3179,"2006Q2":169.77641,"2006Q1":188.14987,"2005Q4":198.24502,"2005Q3":194.34778,"2005Q2":181.59942,"2005Q1":194.00273,"2004Q4":109.42894,"2004Q3":98.05393,"2004Q2":97.81976,"2004Q1":104.64837,"2003Q4":147.257,"2003Q3":136.895,"2003Q2":106.834,"2003Q1":162.93,"2002Q4":156.504,"2002Q3":186.685,"2002Q2":128.337,"2002Q1":152.559,"2001Q4":181.229,"2001Q3":191.979,"2001Q2":174.666,"2001Q1":153.244}},{"p":"ELEC.GEN.TSN-OR-99.Q","c":{"2015Q4":null,"2015Q3":44.66762,"2015Q2":null,"2015Q1":null,"2014Q4":18.52706,"2014Q3":36.86816,"2014Q2":32.05291,"2014Q1":16.32854}},{"p":"ELEC.GEN.DPV-OR-99.Q","c":{"2015Q4":14.47238,"2015Q3":35.09873,"2015Q2":31.08873,"2015Q1":15.82387,"2014Q4":12.89684,"2014Q3":29.13962,"2014Q2":24.90211,"2014Q1":12.79604}},{"p":"ELEC.GEN.ALL-OR-99.Q","c":{"2015Q4":15317.91663,"2015Q3":14171.03248,"2015Q2":13451.83442,"2015Q1":15916.22113,"2014Q4":15104.81893,"2014Q3":14214.70525,"2014Q2":14463.11209,"2014Q1":16337.27092,"2013Q4":15062.27094,"2013Q3":13746.7214,"2013Q2":14445.21699,"2013Q1":16641.30535,"2012Q4":14641.68868,"2012Q3":14488.75911,"2012Q2":14785.8811,"2012Q1":17016.38561,"2011Q4":14721.24934,"2011Q3":13697.96794,"2011Q2":14982.50486,"2011Q1":16293.44199,"2010Q4":14614.50416,"2010Q3":13045.4819,"2010Q2":13094.57886,"2010Q1":14372.43424,"2009Q4":14560.97685,"2009Q3":12815.06546,"2009Q2":13467.6033,"2009Q1":15847.21084,"2008Q4":14466.98326,"2008Q3":12941.26481,"2008Q2":14640.03454,"2008Q1":16670.15492,"2007Q4":14292.10205,"2007Q3":12456.02001,"2007Q2":13090.49461,"2007Q1":15239.17728,"2006Q4":13361.04248,"2006Q3":12290.82912,"2006Q2":13331.73228,"2006Q1":14357.09124,"2005Q4":12586.71253,"2005Q3":11149.8258,"2005Q2":11692.00322,"2005Q1":13896.46098,"2004Q4":13815.19472,"2004Q3":11668.64356,"2004Q2":11819.58478,"2004Q1":14077.85514,