{"p":"OR","c":[{"p":"ELEC.GEN.AOR-OR-99.Q","v":{"_2015Q4":1878.55655,"_2015Q3":2399.53183,"_2015Q2":2278.72419,"_2015Q1":1414.52797,"_2014Q4":1835.3609,"_2014Q3":2305.41437,"_2014Q2":2813.70259,"_2014Q1":1959.05462,"_2013Q4":1675.46522,"_2013Q3":2429.54454,"_2013Q2":2546.83092,"_2013Q1":1983.07404,"_2012Q4":1483.27725,"_2012Q3":2020.51108,"_2012Q2":2018.94306,"_2012Q1":1684.49798,"_2011Q4":1206.15983,"_2011Q3":1495.09237,"_2011Q2":1685.03697,"_2011Q1":1103.52866,"_2010Q4":903.29383,"_2010Q3":1428.41683,"_2010Q2":1674.47668,"_2010Q1":750.69279,"_2009Q4":798.00415,"_2009Q3":1313.56434,"_2009Q2":1302.48154,"_2009Q1":858.37687,"_2008Q4":669.50914,"_2008Q3":876.08161,"_2008Q2":1071.31487,"_2008Q1":806.19289,"_2007Q4":644.05333,"_2007Q3":585.24722,"_2007Q2":521.90635,"_2007Q1":477.08604,"_2006Q4":516.81469,"_2006Q3":447.49317,"_2006Q2":402.93933,"_2006Q1":461.74118,"_2005Q4":450.29324,"_2005Q3":409.89294,"_2005Q2":382.24422,"_2005Q1":358.08155,"_2004Q4":266.1223,"_2004Q3":283.30415,"_2004Q2":277.65863,"_2004Q1":288.01841,"_2003Q4":301.51115,"_2003Q3":241.4666,"_2003Q2":226.23173,"_2003Q1":313.3872,"_2002Q4":262.90148,"_2002Q3":283.81804,"_2002Q2":235.11024,"_2002Q1":266.96016,"_2001Q4":233.45633,"_2001Q3":220.88063,"_2001Q2":206.33136,"_2001Q1":178.85924}},{"p":"ELEC.GEN.HYC-OR-99.Q","v":{"_2015Q4":7507.83445,"_2015Q3":5673.40393,"_2015Q2":7139.1994,"_2015Q1":11982.23881,"_2014Q4":8279.58633,"_2014Q3":6605.18745,"_2014Q2":10511.88228,"_2014Q1":9865.27994,"_2013Q4":7640.00043,"_2013Q3":6497.21564,"_2013Q2":9680.17603,"_2013Q1":9280.27491,"_2012Q4":8509.74769,"_2012Q3":8696.60659,"_2012Q2":11948.25427,"_2012Q1":10255.56983,"_2011Q4":8365.435,"_2011Q3":9058.14238,"_2011Q2":12384.84928,"_2011Q1":12506.39435,"_2010Q4":7962.05638,"_2010Q3":5942.63494,"_2010Q2":8936.73886,"_2010Q1":7700.82982,"_2009Q4":7397.12994,"_2009Q3":5509.29776,"_2009Q2":10820.99121,"_2009Q1":9306.09394,"_2008Q4":7526.8416,"_2008Q3":6487.01439,"_2008Q2":10445.86464,"_2008Q1":9345.30349,"_2007Q4":7423.19223,"_2007Q3":5875.88112,"_2007Q2":9641.44474,"_2007Q1":10646.9214,"_2006Q4":7640.34071,"_2006Q3":6500.5635,"_2006Q2":12176.04533,"_2006Q1":11533.34772,"_2005Q4":7873.34013,"_2005Q3":5931.79673,"_2005Q2":8497.11134,"_2005Q1":8646.09681,"_2004Q4":8340.53205,"_2004Q3":6644.49676,"_2004Q2":8860.852,"_2004Q1":9234.9381,"_2003Q4":7812.283,"_2003Q3":6357.256,"_2003Q2":10072.509,"_2003Q1":9008.283,"_2002Q4":7488.371,"_2002Q3":7451.292,"_2002Q2":10279.438,"_2002Q1":9194.065,"_2001Q4":7105.394,"_2001Q3":5591.01,"_2001Q2":7826.256,"_2001Q1":8121.892}},{"p":"ELEC.GEN.SUN-OR-99.Q","v":{"_2015Q4":null,"_2015Q3":9.56889,"_2015Q2":null,"_2015Q1":null,"_2014Q4":5.63022,"_2014Q3":7.72854,"_2014Q2":7.1508,"_2014Q1":3.5325,"_2013Q4":6.48011,"_2013Q3":6.73876,"_2013Q2":4.85144,"_2013Q1":2.42271,"_2012Q4":1.51694,"_2012Q3":1.95959,"_2012Q2":2.33034,"_2012Q1":0.60512,"_2011Q4":0.09,"_2011Q3":0,"_2011Q2":0,"_2011Q1":0}},{"p":"ELEC.GEN.WND-OR-99.Q","v":{"_2015Q4":1553.45534,"_2015Q3":2080.75831,"_2015Q2":1958.60845,"_2015Q1":1081.76798,"_2014Q4":1482.18144,"_2014Q3":1926.44142,"_2014Q2":2527.83329,"_2014Q1":1618.94585,"_2013Q4":1363.37998,"_2013Q3":2115.9179,"_2013Q2":2339.31952,"_2013Q1":1637.08461,"_2012Q4":1209.18763,"_2012Q3":1820.02516,"_2012Q2":1861.85227,"_2012Q1":1452.40284,"_2011Q4":1026.24132,"_2011Q3":1309.71604,"_2011Q2":1549.49654,"_2011Q1":889.92012,"_2010Q4":692.84441,"_2010Q3":1198.72757,"_2010Q2":1486.71975,"_2010Q1":541.71507,"_2009Q4":604.22536,"_2009Q3":1077.86121,"_2009Q2":1147.37153,"_2009Q1":640.25554,"_2008Q4":447.99443,"_2008Q3":633.97915,"_2008Q2":912.15447,"_2008Q1":581.10612,"_2007Q4":369.37528,"_2007Q3":304.157,"_2007Q2":326.48,"_2007Q1":246.982,"_2006Q4":258.474,"_2006Q3":214.552,"_2006Q2":206.96,"_2006Q1":251.233,"_2005Q4":226.94726,"_2005Q3":183.60485,"_2005Q2":179.02994,"_2005Q1":144.69197,"_2004Q4":135.15824,"_2004Q3":163.71509,"_2004Q2":158.30375,"_2004Q1":161.83493,"_2003Q4":131.837,"_2003Q3":83.176,"_2003Q2":97.794,"_2003Q1":130.812,"_2002Q4":93.454,"_2002Q3":85.449,"_2002Q2":94.557,"_2002Q1":102.699,"_2001Q4":39.192,"_2001Q3":17.24,"_2001Q2":18.357,"_2001Q1":13.798}},{"p":"ELEC.GEN.SPV-OR-99.Q","v":{"_2015Q4":null,"_2015Q3":9.56889,"_2015Q2":null,"_2015Q1":null,"_2014Q4":5.63022,"_2014Q3":7.72854,"_2014Q2":7.1508,"_2014Q1":3.5325,"_2013Q4":6.48011,"_2013Q3":6.73876,"_2013Q2":4.85144,"_2013Q1":2.42271,"_2012Q4":1.43056,"_2012Q3":1.75999,"_2012Q2":2.09298,"_2012Q1":0.54348,"_2011Q4":0.09,"_2011Q3":0,"_2011Q2":0,"_2011Q1":0}},{"p":"ELEC.GEN.STH-OR-99.Q","v":{"_2012Q4":0.08637,"_2012Q3":0.19961,"_2012Q2":0.23737,"_2012Q1":0.06164}},{"p":"ELEC.GEN.WAS-OR-99.Q","v":{"_2015Q4":90.15551,"_2015Q3":88.74212,"_2015Q2":87.19417,"_2015Q1":82.93521,"_2014Q4":90.07848,"_2014Q3":110.42683,"_2014Q2":67.63148,"_2014Q1":79.9587,"_2013Q4":78.6069,"_2013Q3":76.32921,"_2013Q2":61.3954,"_2013Q1":77.55687,"_2012Q4":58.53477,"_2012Q3":60.71287,"_2012Q2":58.46783,"_2012Q1":53.87137,"_2011Q4":55.92375,"_2011Q3":56.40793,"_2011Q2":53.71677,"_2011Q1":56.20656,"_2010Q4":57.32894,"_2010Q3":52.27249,"_2010Q2":50.39351,"_2010Q1":44.937,"_2009Q4":33.11202,"_2009Q3":34.10885,"_2009Q2":30.26175,"_2009Q1":30.84978,"_2008Q4":32.1801,"_2008Q3":34.25215,"_2008Q2":31.38047,"_2008Q1":32.93473,"_2007Q4":32.25417,"_2007Q3":51.96416,"_2007Q2":32.29828,"_2007Q1":22.21681,"_2006Q4":24.79211,"_2006Q3":25.62327,"_2006Q2":26.20291,"_2006Q1":22.35832,"_2005Q4":25.10097,"_2005Q3":31.94031,"_2005Q2":21.61485,"_2005Q1":19.38684,"_2004Q4":21.53511,"_2004Q3":21.53511,"_2004Q2":21.53511,"_2004Q1":21.53511,"_2003Q4":22.41715,"_2003Q3":21.3966,"_2003Q2":21.60373,"_2003Q1":19.6462,"_2002Q4":12.94348,"_2002Q3":11.68404,"_2002Q2":12.21624,"_2002Q1":11.70216,"_2001Q4":13.03533,"_2001Q3":11.66163,"_2001Q2":13.30836,"_2001Q1":11.81724}},{"p":"ELEC.GEN.WWW-OR-99.Q","v":{"_2015Q4":171.16515,"_2015Q3":186.96751,"_2015Q2":185.70389,"_2015Q1":189.45439,"_2014Q4":203.01775,"_2014Q3":228.56158,"_2014Q2":170.46205,"_2014Q1":200.48457,"_2013Q4":173.44825,"_2013Q3":200.96968,"_2013Q2":108.96056,"_2013Q1":216.80387,"_2012Q4":188.38711,"_2012Q3":137.81346,"_2012Q2":96.29261,"_2012Q1":177.61867,"_2011Q4":123.90477,"_2011Q3":128.96839,"_2011Q2":81.82367,"_2011Q1":157.402,"_2010Q4":153.12047,"_2010Q3":177.41677,"_2010Q2":137.36344,"_2010Q1":164.04073,"_2009Q4":160.66676,"_2009Q3":201.59428,"_2009Q2":124.84825,"_2009Q1":187.27155,"_2008Q4":189.33461,"_2008Q3":207.85031,"_2008Q2":127.77992,"_2008Q1":192.15204,"_2007Q4":242.42389,"_2007Q3":229.12606,"_2007Q2":163.12807,"_2007Q1":207.88723,"_2006Q4":233.54859,"_2006Q3":207.3179,"_2006Q2":169.77641,"_2006Q1":188.14987,"_2005Q4":198.24502,"_2005Q3":194.34778,"_2005Q2":181.59942,"_2005Q1":194.00273,"_2004Q4":109.42894,"_2004Q3":98.05393,"_2004Q2":97.81976,"_2004Q1":104.64837,"_2003Q4":147.257,"_2003Q3":136.895,"_2003Q2":106.834,"_2003Q1":162.93,"_2002Q4":156.504,"_2002Q3":186.685,"_2002Q2":128.337,"_2002Q1":152.559,"_2001Q4":181.229,"_2001Q3":191.979,"_2001Q2":174.666,"_2001Q1":153.244}},{"p":"ELEC.GEN.TSN-OR-99.Q","v":{"_2015Q4":null,"_2015Q3":44.66762,"_2015Q2":null,"_2015Q1":null,"_2014Q4":18.52706,"_2014Q3":36.86816,"_2014Q2":32.05291,"_2014Q1":16.32854}},{"p":"ELEC.GEN.DPV-OR-99.Q","v":{"_2015Q4":14.47238,"_2015Q3":35.09873,"_2015Q2":31.08873,"_2015Q1":15.82387,"_2014Q4":12.89684,"_2014Q3":29.13962,"_2014Q2":24.90211,"_2014Q1":12.79604}},{"p":"ELEC.GEN.ALL-OR-99.Q","v":{"_2015Q4":15317.91663,"_2015Q3":14171.03248,"_2015Q2":13451.83442,"_2015Q1":15916.22113,"_2014Q4":15104.81893,"_2014Q3":14214.70525,"_2014Q2":14463.11209,"_2014Q1":16337.27092,"_2013Q4":15062.27094,"_2013Q3":13746.7214,"_2013Q2":14445.21699,"_2013Q1":16641.30535,"_2012Q4":14641.68868,"_2012Q3":14488.75911,"_2012Q2":14785.8811,"_2012Q1":17016.38561,"_2011Q4":14721.24934,"_2011Q3":13697.96794,"_2011Q2":14982.50486,"_2011Q1":16293.44199,"_2010Q4":14614.50416,"_2010Q3":13045.4819,"_2010Q2":13094.57886,"_2010Q1":14372.43424,"_2009Q4":14560.97685,"_2009Q3":12815.06546,"_2009Q2":13467.6033,"_2009Q1":15847.21084,"_2008Q4":14466.98326,