{"p":"PA","c":[{"p":"ELEC.GEN.NUC-PA-99.Q","v":{"_2015Q4":19852.744,"_2015Q3":21017.903,"_2015Q2":18286.68,"_2015Q1":21322.425,"_2014Q4":20283.331,"_2014Q3":20824.962,"_2014Q2":18216.07,"_2014Q1":19390.296,"_2013Q4":19694.468,"_2013Q3":20060.29,"_2013Q2":17696.696,"_2013Q1":21262.577,"_2012Q4":18327.103,"_2012Q3":19199.073,"_2012Q2":17063.834,"_2012Q1":20584.398,"_2011Q4":20411.944,"_2011Q3":20110.776,"_2011Q2":15923.611,"_2011Q1":19700.286,"_2010Q4":20263.349,"_2010Q3":19660.707,"_2010Q2":18946.189,"_2010Q1":18958.103,"_2009Q4":18462.074,"_2009Q3":20280.936,"_2009Q2":18405.95,"_2009Q1":20178.726,"_2008Q4":20562.104,"_2008Q3":20028.759,"_2008Q2":19246.576,"_2008Q1":18820.654,"_2007Q4":18811.914,"_2007Q3":19909.866,"_2007Q2":19654.729,"_2007Q1":18999.807,"_2006Q4":18926.799,"_2006Q3":19583.999,"_2006Q2":18955.789,"_2006Q1":17831.045,"_2005Q4":19090.981,"_2005Q3":19494.335,"_2005Q2":19370.994,"_2005Q1":18333.122,"_2004Q4":19464.584,"_2004Q3":19776.758,"_2004Q2":19497.157,"_2004Q1":18720.133,"_2003Q4":18840.112,"_2003Q3":18724.829,"_2003Q2":18641.192,"_2003Q1":18154.729,"_2002Q4":19776.907,"_2002Q3":19326.048,"_2002Q2":19241.602,"_2002Q1":17744.373,"_2001Q4":18431.243,"_2001Q3":18482.308,"_2001Q2":17846.024,"_2001Q1":18971.222}},{"p":"ELEC.GEN.OOG-PA-99.Q","v":{"_2015Q4":93.17315,"_2015Q3":113.51598,"_2015Q2":103.60338,"_2015Q1":114.89626,"_2014Q4":127.57774,"_2014Q3":123.43251,"_2014Q2":115.06085,"_2014Q1":124.70585,"_2013Q4":158.49476,"_2013Q3":161.94509,"_2013Q2":177.86205,"_2013Q1":151.84552,"_2012Q4":138.74791,"_2012Q3":139.81252,"_2012Q2":146.4905,"_2012Q1":172.9168,"_2011Q4":173.43098,"_2011Q3":151.55186,"_2011Q2":142.76112,"_2011Q1":148.41932,"_2010Q4":121.89128,"_2010Q3":127.14045,"_2010Q2":147.54935,"_2010Q1":154.92831,"_2009Q4":116.55354,"_2009Q3":113.79254,"_2009Q2":98.88227,"_2009Q1":113.27593,"_2008Q4":132.57952,"_2008Q3":164.2361,"_2008Q2":155.09706,"_2008Q1":157.75086,"_2007Q4":138.20895,"_2007Q3":149.21668,"_2007Q2":139.13517,"_2007Q1":107.42494,"_2006Q4":123.97385,"_2006Q3":153.14733,"_2006Q2":152.99997,"_2006Q1":124.31072,"_2005Q4":131.72711,"_2005Q3":165.01289,"_2005Q2":126.09397,"_2005Q1":117.2314,"_2004Q4":155.05825,"_2004Q3":128.08355,"_2004Q2":161.71892,"_2004Q1":138.91108,"_2003Q4":134.55,"_2003Q3":136.861,"_2003Q2":119.579,"_2003Q1":117.185,"_2002Q4":137.355,"_2002Q3":153.256,"_2002Q2":152.873,"_2002Q1":125.241,"_2001Q4":160.305,"_2001Q3":163.639,"_2001Q2":153.452,"_2001Q1":135.741}},{"p":"ELEC.GEN.AOR-PA-99.Q","v":{"_2015Q4":1704.28312,"_2015Q3":1083.41041,"_2015Q2":1418.58072,"_2015Q1":1744.6396,"_2014Q4":1742.16394,"_2014Q3":1196.33386,"_2014Q2":1421.87887,"_2014Q1":1720.04665,"_2013Q4":1623.51738,"_2013Q3":1023.53441,"_2013Q2":1432.39605,"_2013Q1":1674.53879,"_2012Q4":1307.64373,"_2012Q3":886.58301,"_2012Q2":1030.52508,"_2012Q1":1234.36578,"_2011Q4":1097.67919,"_2011Q3":848.75711,"_2011Q2":1004.15767,"_2011Q1":1148.39607,"_2010Q4":1202.64141,"_2010Q3":895.84666,"_2010Q2":987.10013,"_2010Q1":1159.58723,"_2009Q4":1120.01096,"_2009Q3":764.81647,"_2009Q2":740.5787,"_2009Q1":726.52207,"_2008Q4":784.14633,"_2008Q3":626.03386,"_2008Q2":698.75619,"_2008Q1":694.83962,"_2007Q4":661.46299,"_2007Q3":604.80401,"_2007Q2":610.19274,"_2007Q1":669.73579,"_2006Q4":642.39142,"_2006Q3":602.09842,"_2006Q2":594.94067,"_2006Q1":633.51563,"_2005Q4":607.04017,"_2005Q3":567.44508,"_2005Q2":574.62055,"_2005Q1":580.20231,"_2004Q4":603.15003,"_2004Q3":559.63963,"_2004Q2":539.98793,"_2004Q1":572.8755,"_2003Q4":579.1613,"_2003Q3":544.0851,"_2003Q2":494.78891,"_2003Q1":479.5835,"_2002Q4":505.85834,"_2002Q3":533.65017,"_2002Q2":549.66226,"_2002Q1":473.32117,"_2001Q4":485.28917,"_2001Q3":501.34578,"_2001Q2":468.33996,"_2001Q1":441.22081}},{"p":"ELEC.GEN.HYC-PA-99.Q","v":{"_2015Q4":593.67044,"_2015Q3":527.51909,"_2015Q2":849.58315,"_2015Q1":613.4919,"_2014Q4":452.30941,"_2014Q3":316.28087,"_2014Q2":1108.07819,"_2014Q1":764.48854,"_2013Q4":591.39734,"_2013Q3":427.50829,"_2013Q2":720.85334,"_2013Q1":784.91404,"_2012Q4":571.70249,"_2012Q3":211.67865,"_2012Q2":655.09012,"_2012Q1":803.44876,"_2011Q4":973.0575,"_2011Q3":455.21076,"_2011Q2":1050.35092,"_2011Q1":738.59683,"_2010Q4":704.03178,"_2010Q3":177.90823,"_2010Q2":615.4551,"_2010Q1":834.80589,"_2009Q4":715.54917,"_2009Q3":446.70861,"_2009Q2":785.56636,"_2009Q1":735.04146,"_2008Q4":496.86592,"_2008Q3":215.22732,"_2008Q2":741.2075,"_2008Q1":1095.55725,"_2007Q4":563.9976,"_2007Q3":165.94822,"_2007Q2":661.59283,"_2007Q1":844.44339,"_2006Q4":693.58887,"_2006Q3":633.91731,"_2006Q2":679.39646,"_2006Q1":837.23938,"_2005Q4":657.81178,"_2005Q3":249.32475,"_2005Q2":572.1841,"_2005Q1":752.8582,"_2004Q4":716.07388,"_2004Q3":760.57188,"_2004Q2":873.91942,"_2004Q1":804.77274,"_2003Q4":892.21,"_2003Q3":751.108,"_2003Q2":880.195,"_2003Q1":822.755,"_2002Q4":630.645,"_2002Q3":253.119,"_2002Q2":798.708,"_2002Q1":528.09,"_2001Q4":269.506,"_2001Q3":208.191,"_2001Q2":560.527,"_2001Q1":611.78}},{"p":"ELEC.GEN.SUN-PA-99.Q","v":{"_2015Q4":18.36354,"_2015Q3":25.02101,"_2015Q2":25.7269,"_2015Q1":null,"_2014Q4":10.67414,"_2014Q3":19.63538,"_2014Q2":19.91602,"_2014Q1":12.16687,"_2013Q4":11.53242,"_2013Q3":18.52631,"_2013Q2":20.69397,"_2013Q1":12.3531,"_2012Q4":5.70441,"_2012Q3":9.53108,"_2012Q2":9.81738,"_2012Q1":7.09379,"_2011Q4":5.8204,"_2011Q3":7.46236,"_2011Q2":7.12683,"_2011Q1":2.73445,"_2010Q4":1.80251,"_2010Q3":3.20859,"_2010Q2":2.34456,"_2010Q1":0.55401,"_2009Q4":0.5034,"_2009Q3":1.33044,"_2009Q2":1.26978,"_2009Q1":0.45838,"_2008Q4":0.02087,"_2008Q3":0.06298,"_2008Q2":0.06517,"_2008Q1":0.02557}},{"p":"ELEC.GEN.WND-PA-99.Q","v":{"_2015Q4":1039.69765,"_2015Q3":415.08611,"_2015Q2":784.97649,"_2015Q1":1111.99255,"_2014Q4":1130.77166,"_2014Q3":514.72655,"_2014Q2":782.11397,"_2014Q1":1137.11782,"_2013Q4":998.44826,"_2013Q3":406.76656,"_2013Q2":859.29784,"_2013Q1":1087.53036,"_2012Q4":706.59451,"_2012Q3":302.33874,"_2012Q2":466.23266,"_2012Q1":653.49209,"_2011Q4":525.82133,"_2011Q3":245.71111,"_2011Q2":422.07137,"_2011Q1":600.8612,"_2010Q4":586.71031,"_2010Q3":282.28645,"_2010Q2":394.57989,"_2010Q1":590.45507,"_2009Q4":539.80361,"_2009Q3":180.05846,"_2009Q2":176.44358,"_2009Q1":178.48244,"_2008Q4":265.41779,"_2008Q3":93.13583,"_2008Q2":164.09316,"_2008Q1":206.77822,"_2007Q4":152.58961,"_2007Q3":71.74411,"_2007Q2":100.65382,"_2007Q1":145.03025,"_2006Q4":110.68828,"_2006Q3":58.66063,"_2006Q2":77.11125,"_2006Q1":114.64785,"_2005Q4":99.17409,"_2005Q3":38.22171,"_2005Q2":60.36725,"_2005Q1":86.47796,"_2004Q4":93.55922,"_2004Q3":42.40433,"_2004Q2":69.34025,"_2004Q1":101.00805,"_2003Q4":66.597,"_2003Q3":9.696,"_2003Q2":15.487,"_2003Q1":19.741,"_2002Q4":15.616,"_2002Q3":7.598,"_2002Q2":13.105,"_2002Q1":21.448,"_2001Q4":2.682,"_2001Q3":2.949,"_2001Q2":2.663,"_2001Q1":2.881}},{"p":"ELEC.GEN.SPV-PA-99.Q","v":{"_2015Q4":18.36354,"_2015Q3":25.02101,"_2015Q2":25.7269,"_2015Q1":null,"_2014Q4":10.67414,"_2014Q3":19.63538,"_2014Q2":19.91602,"_2014Q1":12.16687,"_2013Q4":11.53242,"_2013Q3":18.52631,"_2013Q2":20.69397,"_2013Q1":12.3531,"_2012Q4":5.70441,"_2012Q3":9.53108,"_2012Q2":9.81738,"_2012Q1":7.09379,"_2011Q4":5.8204,"_2011Q3":7.46236,"_2011Q2":7.12683,"_2011Q1":2.73445,"_2010Q4":1.80251,"_2010Q3":3.20859,"_2010Q2":2.34456,"_2010Q1":0.55401,"_2009Q4":0.5034,"_2009Q3":1.33044,"_2009Q2":1.26978,"_2009Q1":0.45838,"_2008Q4":0}},{"p":"ELEC.GEN.STH-PA-99.Q","v":{"_2009Q4":0,"_2009Q3":0,"_2009Q2":0,"_2009Q1":0,"_2008Q4":0.02087,"_2008Q3":0.06298,"_2008Q2":0.06517,"_2008Q1":0.02557}},{"p":"ELEC.GEN.HPS-PA-99.Q","v":{"_2015Q4":-111.019,"_2015Q3":-137.785,"_2015Q2":-129.055,"_2015Q1":-133.256,"_2014Q4":-147.742,"_2014Q3":-161.122,"_2014Q2":-157.815,"_2014Q1":-111.974,"_2013Q4":-135.61,"_2013Q3":-161.32,"_2013Q2":-140.288,"_2013Q1":-101.552,"_2012Q4":-119.015,"_2012Q3":-117.871,"_2012Q2":-109.964,"_2012Q1":-96.517,"_2011Q4":-103.264,"_2011Q3":-139.469,"_2011Q2":-104.782,"_2011Q1":-146.245,"_2010Q4":-169.926,"_2010Q3":-171.713,"_2010Q2":-177.735,"_2010Q1":-188.405,"_2009Q4":-167.447,"_2009Q3":-196.478,"_2009Q2":-178.881,"_2009Q1":-187.705,"_2008Q4":-174.441,