{"p":"PA","c":[{"p":"ELEC.GEN.NUC-PA-99.Q","c":{"2015Q4":19852.744,"2015Q3":21017.903,"2015Q2":18286.68,"2015Q1":21322.425,"2014Q4":20283.331,"2014Q3":20824.962,"2014Q2":18216.07,"2014Q1":19390.296,"2013Q4":19694.468,"2013Q3":20060.29,"2013Q2":17696.696,"2013Q1":21262.577,"2012Q4":18327.103,"2012Q3":19199.073,"2012Q2":17063.834,"2012Q1":20584.398,"2011Q4":20411.944,"2011Q3":20110.776,"2011Q2":15923.611,"2011Q1":19700.286,"2010Q4":20263.349,"2010Q3":19660.707,"2010Q2":18946.189,"2010Q1":18958.103,"2009Q4":18462.074,"2009Q3":20280.936,"2009Q2":18405.95,"2009Q1":20178.726,"2008Q4":20562.104,"2008Q3":20028.759,"2008Q2":19246.576,"2008Q1":18820.654,"2007Q4":18811.914,"2007Q3":19909.866,"2007Q2":19654.729,"2007Q1":18999.807,"2006Q4":18926.799,"2006Q3":19583.999,"2006Q2":18955.789,"2006Q1":17831.045,"2005Q4":19090.981,"2005Q3":19494.335,"2005Q2":19370.994,"2005Q1":18333.122,"2004Q4":19464.584,"2004Q3":19776.758,"2004Q2":19497.157,"2004Q1":18720.133,"2003Q4":18840.112,"2003Q3":18724.829,"2003Q2":18641.192,"2003Q1":18154.729,"2002Q4":19776.907,"2002Q3":19326.048,"2002Q2":19241.602,"2002Q1":17744.373,"2001Q4":18431.243,"2001Q3":18482.308,"2001Q2":17846.024,"2001Q1":18971.222}},{"p":"ELEC.GEN.OOG-PA-99.Q","c":{"2015Q4":93.17315,"2015Q3":113.51598,"2015Q2":103.60338,"2015Q1":114.89626,"2014Q4":127.57774,"2014Q3":123.43251,"2014Q2":115.06085,"2014Q1":124.70585,"2013Q4":158.49476,"2013Q3":161.94509,"2013Q2":177.86205,"2013Q1":151.84552,"2012Q4":138.74791,"2012Q3":139.81252,"2012Q2":146.4905,"2012Q1":172.9168,"2011Q4":173.43098,"2011Q3":151.55186,"2011Q2":142.76112,"2011Q1":148.41932,"2010Q4":121.89128,"2010Q3":127.14045,"2010Q2":147.54935,"2010Q1":154.92831,"2009Q4":116.55354,"2009Q3":113.79254,"2009Q2":98.88227,"2009Q1":113.27593,"2008Q4":132.57952,"2008Q3":164.2361,"2008Q2":155.09706,"2008Q1":157.75086,"2007Q4":138.20895,"2007Q3":149.21668,"2007Q2":139.13517,"2007Q1":107.42494,"2006Q4":123.97385,"2006Q3":153.14733,"2006Q2":152.99997,"2006Q1":124.31072,"2005Q4":131.72711,"2005Q3":165.01289,"2005Q2":126.09397,"2005Q1":117.2314,"2004Q4":155.05825,"2004Q3":128.08355,"2004Q2":161.71892,"2004Q1":138.91108,"2003Q4":134.55,"2003Q3":136.861,"2003Q2":119.579,"2003Q1":117.185,"2002Q4":137.355,"2002Q3":153.256,"2002Q2":152.873,"2002Q1":125.241,"2001Q4":160.305,"2001Q3":163.639,"2001Q2":153.452,"2001Q1":135.741}},{"p":"ELEC.GEN.AOR-PA-99.Q","c":{"2015Q4":1704.28312,"2015Q3":1083.41041,"2015Q2":1418.58072,"2015Q1":1744.6396,"2014Q4":1742.16394,"2014Q3":1196.33386,"2014Q2":1421.87887,"2014Q1":1720.04665,"2013Q4":1623.51738,"2013Q3":1023.53441,"2013Q2":1432.39605,"2013Q1":1674.53879,"2012Q4":1307.64373,"2012Q3":886.58301,"2012Q2":1030.52508,"2012Q1":1234.36578,"2011Q4":1097.67919,"2011Q3":848.75711,"2011Q2":1004.15767,"2011Q1":1148.39607,"2010Q4":1202.64141,"2010Q3":895.84666,"2010Q2":987.10013,"2010Q1":1159.58723,"2009Q4":1120.01096,"2009Q3":764.81647,"2009Q2":740.5787,"2009Q1":726.52207,"2008Q4":784.14633,"2008Q3":626.03386,"2008Q2":698.75619,"2008Q1":694.83962,"2007Q4":661.46299,"2007Q3":604.80401,"2007Q2":610.19274,"2007Q1":669.73579,"2006Q4":642.39142,"2006Q3":602.09842,"2006Q2":594.94067,"2006Q1":633.51563,"2005Q4":607.04017,"2005Q3":567.44508,"2005Q2":574.62055,"2005Q1":580.20231,"2004Q4":603.15003,"2004Q3":559.63963,"2004Q2":539.98793,"2004Q1":572.8755,"2003Q4":579.1613,"2003Q3":544.0851,"2003Q2":494.78891,"2003Q1":479.5835,"2002Q4":505.85834,"2002Q3":533.65017,"2002Q2":549.66226,"2002Q1":473.32117,"2001Q4":485.28917,"2001Q3":501.34578,"2001Q2":468.33996,"2001Q1":441.22081}},{"p":"ELEC.GEN.HYC-PA-99.Q","c":{"2015Q4":593.67044,"2015Q3":527.51909,"2015Q2":849.58315,"2015Q1":613.4919,"2014Q4":452.30941,"2014Q3":316.28087,"2014Q2":1108.07819,"2014Q1":764.48854,"2013Q4":591.39734,"2013Q3":427.50829,"2013Q2":720.85334,"2013Q1":784.91404,"2012Q4":571.70249,"2012Q3":211.67865,"2012Q2":655.09012,"2012Q1":803.44876,"2011Q4":973.0575,"2011Q3":455.21076,"2011Q2":1050.35092,"2011Q1":738.59683,"2010Q4":704.03178,"2010Q3":177.90823,"2010Q2":615.4551,"2010Q1":834.80589,"2009Q4":715.54917,"2009Q3":446.70861,"2009Q2":785.56636,"2009Q1":735.04146,"2008Q4":496.86592,"2008Q3":215.22732,"2008Q2":741.2075,"2008Q1":1095.55725,"2007Q4":563.9976,"2007Q3":165.94822,"2007Q2":661.59283,"2007Q1":844.44339,"2006Q4":693.58887,"2006Q3":633.91731,"2006Q2":679.39646,"2006Q1":837.23938,"2005Q4":657.81178,"2005Q3":249.32475,"2005Q2":572.1841,"2005Q1":752.8582,"2004Q4":716.07388,"2004Q3":760.57188,"2004Q2":873.91942,"2004Q1":804.77274,"2003Q4":892.21,"2003Q3":751.108,"2003Q2":880.195,"2003Q1":822.755,"2002Q4":630.645,"2002Q3":253.119,"2002Q2":798.708,"2002Q1":528.09,"2001Q4":269.506,"2001Q3":208.191,"2001Q2":560.527,"2001Q1":611.78}},{"p":"ELEC.GEN.SUN-PA-99.Q","c":{"2015Q4":18.36354,"2015Q3":25.02101,"2015Q2":25.7269,"2015Q1":null,"2014Q4":10.67414,"2014Q3":19.63538,"2014Q2":19.91602,"2014Q1":12.16687,"2013Q4":11.53242,"2013Q3":18.52631,"2013Q2":20.69397,"2013Q1":12.3531,"2012Q4":5.70441,"2012Q3":9.53108,"2012Q2":9.81738,"2012Q1":7.09379,"2011Q4":5.8204,"2011Q3":7.46236,"2011Q2":7.12683,"2011Q1":2.73445,"2010Q4":1.80251,"2010Q3":3.20859,"2010Q2":2.34456,"2010Q1":0.55401,"2009Q4":0.5034,"2009Q3":1.33044,"2009Q2":1.26978,"2009Q1":0.45838,"2008Q4":0.02087,"2008Q3":0.06298,"2008Q2":0.06517,"2008Q1":0.02557}},{"p":"ELEC.GEN.WND-PA-99.Q","c":{"2015Q4":1039.69765,"2015Q3":415.08611,"2015Q2":784.97649,"2015Q1":1111.99255,"2014Q4":1130.77166,"2014Q3":514.72655,"2014Q2":782.11397,"2014Q1":1137.11782,"2013Q4":998.44826,"2013Q3":406.76656,"2013Q2":859.29784,"2013Q1":1087.53036,"2012Q4":706.59451,"2012Q3":302.33874,"2012Q2":466.23266,"2012Q1":653.49209,"2011Q4":525.82133,"2011Q3":245.71111,"2011Q2":422.07137,"2011Q1":600.8612,"2010Q4":586.71031,"2010Q3":282.28645,"2010Q2":394.57989,"2010Q1":590.45507,"2009Q4":539.80361,"2009Q3":180.05846,"2009Q2":176.44358,"2009Q1":178.48244,"2008Q4":265.41779,"2008Q3":93.13583,"2008Q2":164.09316,"2008Q1":206.77822,"2007Q4":152.58961,"2007Q3":71.74411,"2007Q2":100.65382,"2007Q1":145.03025,"2006Q4":110.68828,"2006Q3":58.66063,"2006Q2":77.11125,"2006Q1":114.64785,"2005Q4":99.17409,"2005Q3":38.22171,"2005Q2":60.36725,"2005Q1":86.47796,"2004Q4":93.55922,"2004Q3":42.40433,"2004Q2":69.34025,"2004Q1":101.00805,"2003Q4":66.597,"2003Q3":9.696,"2003Q2":15.487,"2003Q1":19.741,"2002Q4":15.616,"2002Q3":7.598,"2002Q2":13.105,"2002Q1":21.448,"2001Q4":2.682,"2001Q3":2.949,"2001Q2":2.663,"2001Q1":2.881}},{"p":"ELEC.GEN.SPV-PA-99.Q","c":{"2015Q4":18.36354,"2015Q3":25.02101,"2015Q2":25.7269,"2015Q1":null,"2014Q4":10.67414,"2014Q3":19.63538,"2014Q2":19.91602,"2014Q1":12.16687,"2013Q4":11.53242,"2013Q3":18.52631,"2013Q2":20.69397,"2013Q1":12.3531,"2012Q4":5.70441,"2012Q3":9.53108,"2012Q2":9.81738,"2012Q1":7.09379,"2011Q4":5.8204,"2011Q3":7.46236,"2011Q2":7.12683,"2011Q1":2.73445,"2010Q4":1.80251,"2010Q3":3.20859,"2010Q2":2.34456,"2010Q1":0.55401,"2009Q4":0.5034,"2009Q3":1.33044,"2009Q2":1.26978,"2009Q1":0.45838,"2008Q4":0}},{"p":"ELEC.GEN.STH-PA-99.Q","c":{"2009Q4":0,"2009Q3":0,"2009Q2":0,"2009Q1":0,"2008Q4":0.02087,"2008Q3":0.06298,"2008Q2":0.06517,"2008Q1":0.02557}},{"p":"ELEC.GEN.HPS-PA-99.Q","c":{"2015Q4":-111.019,"2015Q3":-137.785,"2015Q2":-129.055,"2015Q1":-133.256,"2014Q4":-147.742,"2014Q3":-161.122,"2014Q2":-157.815,"2014Q1":-111.974,"2013Q4":-135.61,"2013Q3":-161.32,"2013Q2":-140.288,"2013Q1":-101.552,"2012Q4":-119.015,"2012Q3":-117.871,"2012Q2":-109.964,"2012Q1":-96.517,"2011Q4":-103.264,"2011Q3":-139.469,"2011Q2":-104.782,"2011Q1":-146.245,"2010Q4":-169.926,"2010Q3":-171.713,"2010Q2":-177.735,"2010Q1":-188.405,"2009Q4":-167.447,"2009Q3":-196.478,"2009Q2":-178.881,"2009Q1":-187.705,"2008Q4":-174.441,"2008Q3":-196.571,"2008Q2":212.538,"2008Q1":-195.288,"2007Q4":-204.608,"2007Q3":-201.816,"2007Q2":-140.873,"2007Q1":-175.558,"2006Q4":-195.109,"2006Q3":-201.907,"2006Q2":-148.374,"2006Q1":-152.787,"2005Q4":-183.625,"2005Q3":-174.794,"2005Q2":-177.229,"2005Q1":-175.393,"2004Q4":-185.106,"2004Q3":-189.044,"2004Q2":-147.613,"2004Q1":-164.121,"2003Q4":-187.236,"2003Q3":-187.896,"2003Q2":-177.413,