{"p":"PCN","c":[{"p":"ELEC.GEN.OOG-PCN-99.Q","v":{"_2015Q4":null,"_2015Q3":null,"_2015Q2":null,"_2015Q1":null,"_2014Q4":15.76528,"_2014Q3":17.78194,"_2014Q2":16.12329,"_2014Q1":12.53347,"_2013Q4":10.7439,"_2013Q3":11.73925,"_2013Q2":8.80749,"_2013Q1":10.03903,"_2012Q4":10.77181,"_2012Q3":13.02887,"_2012Q2":12.5367,"_2012Q1":13.35736,"_2011Q4":8.95651,"_2011Q3":10.55859,"_2011Q2":9.4722,"_2011Q1":9.00118,"_2010Q4":5.14082,"_2010Q3":5.76376,"_2010Q2":5.67391,"_2010Q1":5.33675,"_2009Q4":5.87973,"_2009Q3":6.30744,"_2009Q2":5.07476,"_2009Q1":5.08291,"_2008Q4":7.49912,"_2008Q3":10.34233,"_2008Q2":10.53293,"_2008Q1":10.19796,"_2007Q4":12.83391,"_2007Q3":13.32513,"_2007Q2":8.40196,"_2007Q1":10.66478,"_2006Q4":11.86321,"_2006Q3":11.75695,"_2006Q2":12.58232,"_2006Q1":6.55417,"_2005Q4":9.11008,"_2005Q3":9.56676,"_2005Q2":10.70277,"_2005Q1":11.75362,"_2004Q4":13.02439,"_2004Q3":8.59118,"_2004Q2":12.3414,"_2004Q1":13.95116,"_2003Q4":10.323,"_2003Q3":10.694,"_2003Q2":9.926,"_2003Q1":9.307,"_2002Q4":9.538,"_2002Q3":9.547,"_2002Q2":9.637,"_2002Q1":12.094,"_2001Q4":13.033,"_2001Q3":7.548,"_2001Q2":8.196,"_2001Q1":9.078}},{"p":"ELEC.GEN.AOR-PCN-99.Q","v":{"_2015Q4":390.63703,"_2015Q3":376.5751,"_2015Q2":380.01478,"_2015Q1":318.22157,"_2014Q4":360.54077,"_2014Q3":396.85824,"_2014Q2":408.69382,"_2014Q1":254.1257,"_2013Q4":318.63689,"_2013Q3":399.44928,"_2013Q2":337.84554,"_2013Q1":268.37046,"_2012Q4":247.81746,"_2012Q3":277.70691,"_2012Q2":253.1969,"_2012Q1":186.05182,"_2011Q4":249.6323,"_2011Q3":245.22543,"_2011Q2":218.03154,"_2011Q1":183.76319,"_2010Q4":171.37343,"_2010Q3":239.47364,"_2010Q2":217.47797,"_2010Q1":137.5541,"_2009Q4":160.07919,"_2009Q3":217.59075,"_2009Q2":161.27365,"_2009Q1":179.4295,"_2008Q4":172.7215,"_2008Q3":218.24918,"_2008Q2":210.49517,"_2008Q1":180.08096,"_2007Q4":206.52514,"_2007Q3":204.24028,"_2007Q2":211.68952,"_2007Q1":142.12176,"_2006Q4":162.64092,"_2006Q3":161.45294,"_2006Q2":153.60294,"_2006Q1":147.398,"_2005Q4":133.35164,"_2005Q3":140.51012,"_2005Q2":127.54986,"_2005Q1":142.40159,"_2004Q4":140.34762,"_2004Q3":146.07793,"_2004Q2":142.76216,"_2004Q1":129.64334,"_2003Q4":147.9363,"_2003Q3":153.9036,"_2003Q2":150.2333,"_2003Q1":80.73235,"_2002Q4":67.14276,"_2002Q3":118.05108,"_2002Q2":91.9054,"_2002Q1":105.97776,"_2001Q4":124.83662,"_2001Q3":124.03551,"_2001Q2":140.29271,"_2001Q1":108.20853}},{"p":"ELEC.GEN.HYC-PCN-99.Q","v":{"_2015Q4":441.51155,"_2015Q3":354.8564,"_2015Q2":399.04708,"_2015Q1":457.38261,"_2014Q4":455.82694,"_2014Q3":421.39072,"_2014Q2":349.21587,"_2014Q1":406.38756,"_2013Q4":485.43668,"_2013Q3":306.46456,"_2013Q2":322.35858,"_2013Q1":399.51425,"_2012Q4":513.9553,"_2012Q3":341.38788,"_2012Q2":362.04863,"_2012Q1":472.23419,"_2011Q4":411.20158,"_2011Q3":271.72668,"_2011Q2":329.55253,"_2011Q1":425.40569,"_2010Q4":360.98364,"_2010Q3":389.254,"_2010Q2":388.14463,"_2010Q1":365.18216,"_2009Q4":468.71998,"_2009Q3":326.20836,"_2009Q2":313.35227,"_2009Q1":328.11245,"_2008Q4":324.45924,"_2008Q3":263.07696,"_2008Q2":299.39138,"_2008Q1":369.21674,"_2007Q4":288.06927,"_2007Q3":316.4166,"_2007Q2":371.13519,"_2007Q1":407.94542,"_2006Q4":343.33985,"_2006Q3":319.13485,"_2006Q2":342.11392,"_2006Q1":339.10561,"_2005Q4":374.03565,"_2005Q3":413.20413,"_2005Q2":388.62937,"_2005Q1":384.2608,"_2004Q4":400.8375,"_2004Q3":450.42305,"_2004Q2":347.58321,"_2004Q1":393.07703,"_2003Q4":468.177,"_2003Q3":413.002,"_2003Q2":363.616,"_2003Q1":428.247,"_2002Q4":429.936,"_2002Q3":371.937,"_2002Q2":358.913,"_2002Q1":373.632,"_2001Q4":390.877,"_2001Q3":424.42,"_2001Q2":314.209,"_2001Q1":316.908}},{"p":"ELEC.GEN.SUN-PCN-99.Q","v":{"_2015Q4":null,"_2015Q3":25.90828,"_2015Q2":21.14197,"_2015Q1":null,"_2014Q4":11.99108,"_2014Q3":13.95178,"_2014Q2":8.5397,"_2014Q1":4.7792,"_2013Q4":5.68916,"_2013Q3":5.84228,"_2013Q2":4.97918,"_2013Q1":2.95535,"_2012Q4":1.24543,"_2012Q3":1.47923,"_2012Q2":1.42679,"_2012Q1":0.45655,"_2011Q4":0.55621,"_2011Q3":1.20331,"_2011Q2":1.2961,"_2011Q1":0.53738,"_2010Q4":0.25039,"_2010Q3":0.67326,"_2010Q2":0.66549,"_2010Q1":0.18085,"_2009Q4":0.19644,"_2009Q3":0.51918,"_2009Q2":0.4955,"_2009Q1":0.17888,"_2008Q4":0.018,"_2008Q3":0,"_2008Q2":0,"_2008Q1":0}},{"p":"ELEC.GEN.WND-PCN-99.Q","v":{"_2015Q4":217.373,"_2015Q3":175.84747,"_2015Q2":217.52342,"_2015Q1":148.80056,"_2014Q4":186.44973,"_2014Q3":209.00808,"_2014Q2":224.38109,"_2014Q1":110.73512,"_2013Q4":131.79616,"_2013Q3":214.12516,"_2013Q2":159.52171,"_2013Q1":143.15597,"_2012Q4":104.97949,"_2012Q3":124.5874,"_2012Q2":107.3485,"_2012Q1":78.71125,"_2011Q4":126.52157,"_2011Q3":98.84794,"_2011Q2":69.94507,"_2011Q1":57.94341,"_2010Q4":48.03945,"_2010Q3":93.66328,"_2010Q2":78.42727,"_2010Q1":53.59701,"_2009Q4":53.14804,"_2009Q3":99.61566,"_2009Q2":43.22497,"_2009Q1":62.46535,"_2008Q4":47.02653,"_2008Q3":72.42445,"_2008Q2":61.65172,"_2008Q1":58.98831,"_2007Q4":73.13768,"_2007Q3":81.04254,"_2007Q2":59.3942,"_2007Q1":25.62161,"_2006Q4":25.97761,"_2006Q3":40.39456,"_2006Q2":13.23588,"_2006Q1":0.85395,"_2005Q4":1.64462,"_2005Q3":1.8722,"_2005Q2":2.27066,"_2005Q1":1.43354,"_2004Q4":1.4425,"_2004Q3":2.48657,"_2004Q2":2.32517,"_2004Q1":1.24076,"_2003Q4":0.381,"_2003Q3":0.524,"_2003Q2":0.428,"_2003Q1":0.241,"_2002Q4":0.407,"_2002Q3":0.516,"_2002Q2":0.32,"_2002Q1":0.374,"_2001Q4":0.85,"_2001Q3":0.883,"_2001Q2":0.718,"_2001Q1":0.622}},{"p":"ELEC.GEN.SPV-PCN-99.Q","v":{"_2015Q4":null,"_2015Q3":25.90828,"_2015Q2":21.14197,"_2015Q1":null,"_2014Q4":11.99108,"_2014Q3":13.95178,"_2014Q2":8.5397,"_2014Q1":4.7792,"_2013Q4":5.68916,"_2013Q3":5.84228,"_2013Q2":4.97918,"_2013Q1":2.95535,"_2012Q4":1.24543,"_2012Q3":1.47923,"_2012Q2":1.42679,"_2012Q1":0.45655,"_2011Q4":0.55621,"_2011Q3":1.20331,"_2011Q2":1.2961,"_2011Q1":0.53738,"_2010Q4":0.25039,"_2010Q3":0.67326,"_2010Q2":0.66549,"_2010Q1":0.18085,"_2009Q4":0.19644,"_2009Q3":0.51918,"_2009Q2":0.4955,"_2009Q1":0.17888,"_2008Q4":0.018,"_2008Q3":0,"_2008Q2":0,"_2008Q1":0}},{"p":"ELEC.GEN.WAS-PCN-99.Q","v":{"_2015Q4":97.44899,"_2015Q3":110.39636,"_2015Q2":86.86338,"_2015Q1":100.8963,"_2014Q4":111.64397,"_2014Q3":118.00438,"_2014Q2":103.01905,"_2014Q1":63.87438,"_2013Q4":105.97858,"_2013Q3":112.46685,"_2013Q2":98.06966,"_2013Q1":64.88115,"_2012Q4":72.45755,"_2012Q3":90.34927,"_2012Q2":76.42062,"_2012Q1":44.31404,"_2011Q4":65.83252,"_2011Q3":92.98916,"_2011Q2":89.33536,"_2011Q1":67.75641,"_2010Q4":69.11441,"_2010Q3":84.52211,"_2010Q2":89.60323,"_2010Q1":46.53826,"_2009Q4":62.77271,"_2009Q3":85.76692,"_2009Q2":83.13219,"_2009Q1":59.26627,"_2008Q4":67.79297,"_2008Q3":86.40973,"_2008Q2":92.63042,"_2008Q1":60.27167,"_2007Q4":78.53146,"_2007Q3":65.14274,"_2007Q2":94.11133,"_2007Q1":57.6874,"_2006Q4":89.54163,"_2006Q3":73.37541,"_2006Q2":81.37878,"_2006Q1":87.54548,"_2005Q4":76.9977,"_2005Q3":78.5318,"_2005Q2":73.31802,"_2005Q1":85.76512,"_2004Q4":86.53854,"_2004Q3":88.45729,"_2004Q2":89.48616,"_2004Q1":73.17761,"_2003Q4":93.6103,"_2003Q3":96.8866,"_2003Q2":100.5623,"_2003Q1":61.12635,"_2002Q4":55.49976,"_2002Q3":106.61308,"_2002Q2":81.8114,"_2002Q1":63.74376,"_2001Q4":69.28462,"_2001Q3":81.57651,"_2001Q2":83.47071,"_2001Q1":53.37653}},{"p":"ELEC.GEN.WWW-PCN-99.Q","v":{"_2015Q4":0,"_2015Q3":0,"_2015Q2":0,"_2015Q1":0,"_2014Q4":0,"_2014Q3":0,"_2014Q2":0,"_2014Q1":0,"_2013Q4":0,"_2013Q3":0,"_2013Q2":0,"_2013Q1":0,"_2012Q4":0,"_2012Q3":0,"_2012Q2":0,"_2012Q1":0,"_2011Q4":0,"_2011Q3":0,"_2011Q2":0,"_2011Q1":0,"_2010Q4":0.00916,"_2010Q3":0,"_2010Q2":0,"_2010Q1":0,"_2008Q1":0,"_2007Q4":0,"_2007Q3":0,"_2007Q2":0,"_2007Q1":0.02176,"_2006Q4":0.13268,"_2006Q3":0.14096,"_2006Q2":0.12128,"_2006Q1":0.12059,"_2005Q4":0.17232,"_2005Q3":0.12313,"_2005Q2":0.04718,"_2005Q1":0.03993,"_2004Q4":0.04059,"_2004Q3":0.04608,"_2004Q2":0.12386,"_2004Q1":0.17798,"_2003Q4":0.209,"_2003Q3":0.175,"_2003Q2":0.172,"_2003Q1":0.205,"_2002Q4":0.295,"_2002Q3":0.251,"_2002Q2":0.229,"_2002Q1":0.256}},{"p":"ELEC.GEN.TSN-PCN-99.Q","v":{"_2015Q4":null,"_2015Q3":195.4464,"_2015Q2":187.49883,"_2015Q1":null,"_2014Q4":135.574,"_2014Q3":162.63543,"_2014Q2":153.26825,"_2014Q1":119.0243}},{"p":"ELEC.GEN.DPV-PCN-99.Q",