{"p":"RI","c":[{"p":"ELEC.GEN.AOR-RI-99.Q","v":{"_2015Q4":56.12514,"_2015Q3":58.25405,"_2015Q2":62.27982,"_2015Q1":63.14494,"_2014Q4":58.28098,"_2014Q3":56.92629,"_2014Q2":60.44487,"_2014Q1":50.76226,"_2013Q4":28.25369,"_2013Q3":8.67799,"_2013Q2":14.90211,"_2013Q1":0.89517,"_2012Q4":25.71877,"_2012Q3":25.75163,"_2012Q2":25.64013,"_2012Q1":24.78447,"_2011Q4":34.88607,"_2011Q3":33.73096,"_2011Q2":33.09084,"_2011Q1":28.60912,"_2010Q4":36.25067,"_2010Q3":35.40364,"_2010Q2":35.78496,"_2010Q1":32.63374,"_2009Q4":36.03377,"_2009Q3":37.26002,"_2009Q2":37.48714,"_2009Q1":33.81909,"_2008Q4":41.14352,"_2008Q3":40.10623,"_2008Q2":39.56041,"_2008Q1":37.59685,"_2007Q4":40.17163,"_2007Q3":39.68977,"_2007Q2":36.97937,"_2007Q1":37.91624,"_2006Q4":38.18945,"_2006Q3":38.21032,"_2006Q2":34.2003,"_2006Q1":38.31293,"_2005Q4":0,"_2005Q3":0,"_2005Q2":0,"_2005Q1":0,"_2004Q4":25.51413,"_2004Q3":26.71115,"_2004Q2":25.53534,"_2004Q1":23.76566,"_2003Q4":26.099,"_2003Q3":25.564,"_2003Q2":24.66,"_2003Q1":25.445,"_2002Q4":25.537,"_2002Q3":24,"_2002Q2":23.361,"_2002Q1":24.854,"_2001Q4":25.135,"_2001Q3":24.831,"_2001Q2":26.139,"_2001Q1":27.511}},{"p":"ELEC.GEN.HYC-RI-99.Q","v":{"_2015Q4":null,"_2015Q3":null,"_2015Q2":null,"_2015Q1":null,"_2014Q4":0.88031,"_2014Q3":0.82635,"_2014Q2":1.33217,"_2014Q1":0.92514,"_2013Q4":0.88303,"_2013Q3":1.00064,"_2013Q2":1.40622,"_2013Q1":1.15719,"_2012Q4":1.10693,"_2012Q3":0.74288,"_2012Q2":1.21474,"_2012Q1":1.20145,"_2011Q4":1.86519,"_2011Q3":1.36746,"_2011Q2":2.37842,"_2011Q1":1.79995,"_2010Q4":1.07965,"_2010Q3":0.56753,"_2010Q2":1.02682,"_2010Q1":1.032,"_2009Q4":1.09359,"_2009Q3":1.11318,"_2009Q2":1.31093,"_2009Q1":1.21829,"_2008Q4":1.13297,"_2008Q3":1.20582,"_2008Q2":1.38296,"_2008Q1":1.25526,"_2007Q4":1.12003,"_2007Q3":0.71254,"_2007Q2":1.40888,"_2007Q1":1.12257,"_2006Q4":1.15921,"_2006Q3":1.57726,"_2006Q2":1.64175,"_2006Q1":1.53078,"_2005Q4":1.95476,"_2005Q3":1.06902,"_2005Q2":1.84686,"_2005Q1":1.86337,"_2004Q4":1.36524,"_2004Q3":1.36524,"_2004Q2":1.36524,"_2004Q1":1.36524,"_2003Q4":1.441,"_2003Q3":1.833,"_2003Q2":1.029,"_2003Q1":1.717,"_2002Q4":1.046,"_2002Q3":0.911,"_2002Q2":0.78,"_2002Q1":0.947,"_2001Q4":0.871,"_2001Q3":0.942,"_2001Q2":0.722,"_2001Q1":0.608}},{"p":"ELEC.GEN.SUN-RI-99.Q","v":{"_2015Q4":null,"_2015Q3":null,"_2015Q2":null,"_2015Q1":null,"_2014Q4":2.23172,"_2014Q3":3.04558,"_2014Q2":2.90174,"_2014Q1":1.62395,"_2013Q4":0.9346,"_2013Q3":0.66811,"_2013Q2":0.40389}},{"p":"ELEC.GEN.WND-RI-99.Q","v":{"_2015Q4":null,"_2015Q3":null,"_2015Q2":null,"_2015Q1":null,"_2014Q4":2.84961,"_2014Q3":1.75679,"_2014Q2":2.24827,"_2014Q1":3.06235,"_2013Q4":0.75463,"_2013Q3":0.50185,"_2013Q2":0.60673,"_2013Q1":0.7268,"_2012Q4":0.4158,"_2012Q3":0.25483,"_2012Q2":0.30172,"_2012Q1":0.40765,"_2011Q4":1.02857,"_2011Q3":0.48244,"_2011Q2":0.5598,"_2011Q1":0.8412,"_2010Q4":1.22269,"_2010Q3":0.51732,"_2010Q2":0.61697,"_2010Q1":0.76703}},{"p":"ELEC.GEN.SPV-RI-99.Q","v":{"_2015Q4":null,"_2015Q3":null,"_2015Q2":null,"_2015Q1":null,"_2014Q4":2.23172,"_2014Q3":3.04558,"_2014Q2":2.90174,"_2014Q1":1.62395,"_2013Q4":0.9346,"_2013Q3":0.66811,"_2013Q2":0.40389}},{"p":"ELEC.GEN.WAS-RI-99.Q","v":{"_2015Q4":48.43598,"_2015Q3":50.93179,"_2015Q2":54.91073,"_2015Q1":56.72851,"_2014Q4":53.19965,"_2014Q3":52.12392,"_2014Q2":55.29485,"_2014Q1":46.07597,"_2013Q4":26.56448,"_2013Q3":7.50805,"_2013Q2":13.8915,"_2013Q1":0.16837,"_2012Q4":25.30297,"_2012Q3":25.49681,"_2012Q2":25.3384,"_2012Q1":24.37682,"_2011Q4":33.85751,"_2011Q3":33.24852,"_2011Q2":32.53105,"_2011Q1":27.76792,"_2010Q4":35.02798,"_2010Q3":34.88632,"_2010Q2":35.16799,"_2010Q1":31.86671,"_2009Q4":36.03377,"_2009Q3":37.26002,"_2009Q2":37.48714,"_2009Q1":33.81909,"_2008Q4":41.14352,"_2008Q3":40.10623,"_2008Q2":39.56041,"_2008Q1":37.59685,"_2007Q4":40.17163,"_2007Q3":39.68977,"_2007Q2":36.97937,"_2007Q1":37.91624,"_2006Q4":38.18945,"_2006Q3":38.21032,"_2006Q2":34.2003,"_2006Q1":38.31293,"_2005Q4":0,"_2005Q3":0,"_2005Q2":0,"_2005Q1":0,"_2004Q4":25.51413,"_2004Q3":26.71115,"_2004Q2":25.53534,"_2004Q1":23.76566,"_2003Q4":26.099,"_2003Q3":25.564,"_2003Q2":24.66,"_2003Q1":25.445,"_2002Q4":25.537,"_2002Q3":24,"_2002Q2":23.361,"_2002Q1":24.854,"_2001Q4":25.135,"_2001Q3":24.831,"_2001Q2":26.139,"_2001Q1":27.511}},{"p":"ELEC.GEN.TSN-RI-99.Q","v":{"_2015Q4":null,"_2015Q3":null,"_2015Q2":null,"_2015Q1":null,"_2014Q4":4.34621,"_2014Q3":6.40209,"_2014Q2":6.36901,"_2014Q1":3.91777}},{"p":"ELEC.GEN.DPV-RI-99.Q","v":{"_2015Q4":2.70388,"_2015Q3":4.0088,"_2015Q2":3.77893,"_2015Q1":2.72721,"_2014Q4":2.11449,"_2014Q3":3.35651,"_2014Q2":3.46727,"_2014Q1":2.29382}},{"p":"ELEC.GEN.ALL-RI-99.Q","v":{"_2015Q4":1526.03195,"_2015Q3":2374.34146,"_2015Q2":1955.62062,"_2015Q1":1144.54609,"_2014Q4":1352.83668,"_2014Q3":2290.38868,"_2014Q2":1654.27381,"_2014Q1":984.24906,"_2013Q4":1263.62892,"_2013Q3":2194.53947,"_2013Q2":1887.0967,"_2013Q1":901.54163,"_2012Q4":1710.42683,"_2012Q3":2555.6746,"_2012Q2":2055.6022,"_2012Q1":1987.33222,"_2011Q4":2262.02797,"_2011Q3":2523.85696,"_2011Q2":1947.32272,"_2011Q1":1989.06491,"_2010Q4":1801.45019,"_2010Q3":2374.93854,"_2010Q2":1872.29194,"_2010Q1":1690.03834,"_2009Q4":1857.08639,"_2009Q3":2335.47553,"_2009Q2":1627.30171,"_2009Q1":1876.96083,"_2008Q4":1752.01698,"_2008Q3":2093.97085,"_2008Q2":1863.56637,"_2008Q1":1677.71159,"_2007Q4":1821.69658,"_2007Q3":2366.06139,"_2007Q2":1402.63684,"_2007Q1":1459.44914,"_2006Q4":1579.50742,"_2006Q3":1954.68957,"_2006Q2":1255.21216,"_2006Q1":1178.3154,"_2005Q4":1414.0309,"_2005Q3":1833.75199,"_2005Q2":1653.14736,"_2005Q1":1152.36383,"_2004Q4":1189.972,"_2004Q3":1335.62202,"_2004Q2":1351.6142,"_2004Q1":1062.21152,"_2003Q4":1344.29,"_2003Q3":1710.911,"_2003Q2":962.619,"_2003Q1":1603.324,"_2002Q4":2001.957,"_2002Q3":1744.984,"_2002Q2":1492.714,"_2002Q1":1817.109,"_2001Q4":2067.342,"_2001Q3":2247.811,"_2001Q2":1729.845,"_2001Q1":1456.894}},{"p":"ELEC.GEN.PEL-RI-99.Q","v":{"_2015Q4":null,"_2015Q3":null,"_2015Q2":null,"_2015Q1":null,"_2014Q4":null,"_2014Q3":null,"_2014Q2":null,"_2014Q1":82.85306,"_2013Q4":null,"_2013Q3":null,"_2013Q2":null,"_2013Q1":null,"_2012Q4":3.2698,"_2012Q3":4.85653,"_2012Q2":5.06792,"_2012Q1":4.67997,"_2011Q4":1.21983,"_2011Q3":3.42737,"_2011Q2":1.60125,"_2011Q1":7.39188,"_2010Q4":0.30899,"_2010Q3":4.95049,"_2010Q2":1.01067,"_2010Q1":5.38847,"_2009Q4":1.52491,"_2009Q3":1.92477,"_2009Q2":1.70028,"_2009Q1":11.98073,"_2008Q4":9.75734,"_2008Q3":4.6006,"_2008Q2":2.76534,"_2008Q1":9.2106,"_2007Q4":6.57255,"_2007Q3":3.9109,"_2007Q2":4.99399,"_2007Q1":18.47355,"_2006Q4":7.59677,"_2006Q3":7.85113,"_2006Q2":7.59025,"_2006Q1":9.63762,"_2005Q4":15.16282,"_2005Q3":17.91297,"_2005Q2":9.12756,"_2005Q1":14.96647,"_2004Q4":12.38832,"_2004Q3":11.94732,"_2004Q2":11.94732,"_2004Q1":12.24232,"_2003Q4":10.628,"_2003Q3":14.903,"_2003Q2":10.161,"_2003Q1":22.667,"_2002Q4":14.822,"_2002Q3":16.758,"_2002Q2":12.339,"_2002Q1":13.609,"_2001Q4":13.823,"_2001Q3":14.586,"_2001Q2":14.409,"_2001Q1":27.185}},{"p":"ELEC.GEN.NG-RI-99.Q","v":{"_2015Q4":1460.8831,"_2015Q3":2309.53942,"_2015Q2":1887.69493,"_2015Q1":985.64977,"_2014Q4":1291.2974,"_2014Q3":2230.78797,"_2014Q2":1591.157,"_2014Q1":849.70862,"_2013Q4":1216.44323,"_2013Q3":2180.90453,"_2013Q2":1868.50322,"_2013Q1":873.23944,"_2012Q4":1680.33134,"_2012Q3":2524.32353,"_2012Q2":2023.67941,"_2012Q1":1956.66632,"_2011Q4":2224.05688,"_2011Q3":2485.33117,"_2011Q2":1910.25222,"_2011Q1":1951.26397,"_2010Q4":1763.81089,"_2010Q3":2334.01688,"_2010Q2":1834.46949,"_2010Q1":1650.98413,"_2009Q4":1818.43412,"_2009Q3":2295.17757,"_2009Q2":1586.80338,"_2009Q1":1829.94271,"_2008Q4":1699.98315,"_2008Q3":2048.05821,"_2008Q2":1819.85765,"_2008Q1":1629.64888,"_2007Q4":1773.83238,"_2007Q3":2321.7482,"_2007Q2":1359.25461,"_2007Q1":1401.93679,"_2006Q4":1532.56198,"_2006Q3":1907.05086,"_2006Q2":1211.77985,"_2006Q1":1128.83408,"_2005Q4":1396.91331,"_2005Q3":1814.77002,"_2005Q2":1642.17293,"_2005Q1":1135.53399,"_2004Q4":1150.7043,"_2004Q3":1295.5983,"_2004Q2":1312.7663,"_2004Q1":1024.8383,"_2003Q4":1306.122,"_2003Q3":1668.612,"_2003Q2":926.767,"_2003Q1":1553.495,