{"p":"SAT","c":[{"p":"ELEC.GEN.NUC-SAT-99.Q","v":{"_2015Q4":47595.843,"_2015Q3":52315.29,"_2015Q2":50176.016,"_2015Q1":49829.993,"_2014Q4":51306.117,"_2014Q3":50749.828,"_2014Q2":46825.216,"_2014Q1":49507.175,"_2013Q4":48628.703,"_2013Q3":52684.451,"_2013Q2":49084.164,"_2013Q1":47115.559,"_2012Q4":45490.265,"_2012Q3":48896.292,"_2012Q2":44516.053,"_2012Q1":45742.509,"_2011Q4":47541.248,"_2011Q3":49810.242,"_2011Q2":43714.48,"_2011Q1":46630.423,"_2010Q4":47644.746,"_2010Q3":50340.617,"_2010Q2":44872.09356,"_2010Q1":47883.953,"_2009Q4":46350.496,"_2009Q3":51885.75,"_2009Q2":47844.266,"_2009Q1":50479.76,"_2008Q4":48907.8,"_2008Q3":52255.308,"_2008Q2":46974.411,"_2008Q1":49835.541,"_2007Q4":47958.821,"_2007Q3":51797.734,"_2007Q2":47588.203,"_2007Q1":49355.815,"_2006Q4":46551.06,"_2006Q3":52737.43,"_2006Q2":47352.205,"_2006Q1":48975.947,"_2005Q4":47676.182,"_2005Q3":51962.353,"_2005Q2":47426.894,"_2005Q1":48968.651,"_2004Q4":48457.378,"_2004Q3":52072.364,"_2004Q2":47699.01,"_2004Q1":50921.346,"_2003Q4":46472.453,"_2003Q3":51777.573,"_2003Q2":47865.295,"_2003Q1":47952.134,"_2002Q4":47856.233,"_2002Q3":52386.759,"_2002Q2":47810.874,"_2002Q1":49184.97,"_2001Q4":45488.675,"_2001Q3":51253.723,"_2001Q2":47813.829,"_2001Q1":47769.366}},{"p":"ELEC.GEN.OOG-SAT-99.Q","v":{"_2015Q4":66.75274,"_2015Q3":103.59224,"_2015Q2":56.75977,"_2015Q1":44.82767,"_2014Q4":65.73363,"_2014Q3":113.95903,"_2014Q2":43.76748,"_2014Q1":40.46609,"_2013Q4":47.46141,"_2013Q3":85.02937,"_2013Q2":30.15461,"_2013Q1":27.38177,"_2012Q4":36.84138,"_2012Q3":101.27563,"_2012Q2":139.23046,"_2012Q1":116.2413,"_2011Q4":118.56269,"_2011Q3":198.9488,"_2011Q2":70.85842,"_2011Q1":11.19351,"_2010Q4":11.93362,"_2010Q3":33.7613,"_2010Q2":111.34763,"_2010Q1":105.83397,"_2009Q4":107.32884,"_2009Q3":217.72486,"_2009Q2":131.53871,"_2009Q1":82.39559,"_2008Q4":62.67534,"_2008Q3":269.04138,"_2008Q2":202.44856,"_2008Q1":340.30824,"_2007Q4":263.86239,"_2007Q3":307.74032,"_2007Q2":281.19556,"_2007Q1":316.71933,"_2006Q4":335.08093,"_2006Q3":314.81291,"_2006Q2":308.04165,"_2006Q1":354.51196,"_2005Q4":230.83248,"_2005Q3":327.16196,"_2005Q2":189.56317,"_2005Q1":191.96898,"_2004Q4":238.92687,"_2004Q3":242.19097,"_2004Q2":204.19995,"_2004Q1":178.51039,"_2003Q4":216.919,"_2003Q3":157.235,"_2003Q2":155.076,"_2003Q1":164.608,"_2002Q4":201.133,"_2002Q3":223.132,"_2002Q2":216.71,"_2002Q1":198.739,"_2001Q4":169.264,"_2001Q3":183.605,"_2001Q2":172.699,"_2001Q1":162.797}},{"p":"ELEC.GEN.AOR-SAT-99.Q","v":{"_2015Q4":5605.47561,"_2015Q3":5862.03233,"_2015Q2":5650.88336,"_2015Q1":5589.07276,"_2014Q4":5468.47211,"_2014Q3":5339.51318,"_2014Q2":5258.85,"_2014Q1":5434.96449,"_2013Q4":5024.28465,"_2013Q3":4603.47687,"_2013Q2":4711.26718,"_2013Q1":4683.89677,"_2012Q4":4503.81183,"_2012Q3":4261.02782,"_2012Q2":4156.45437,"_2012Q1":4412.64174,"_2011Q4":4310.98649,"_2011Q3":4225.40071,"_2011Q2":4008.31014,"_2011Q1":4076.77528,"_2010Q4":4086.2875,"_2010Q3":3922.99216,"_2010Q2":3774.46138,"_2010Q1":3710.43453,"_2009Q4":3719.13244,"_2009Q3":3717.41135,"_2009Q2":3534.72093,"_2009Q1":3671.12412,"_2008Q4":3700.04214,"_2008Q3":3715.40917,"_2008Q2":3644.89342,"_2008Q1":3628.37089,"_2007Q4":3766.14128,"_2007Q3":3804.27677,"_2007Q2":3588.35626,"_2007Q1":3612.45502,"_2006Q4":3637.0187,"_2006Q3":3798.0294,"_2006Q2":3584.61815,"_2006Q1":3727.76422,"_2005Q4":3586.29115,"_2005Q3":3775.29174,"_2005Q2":3546.84631,"_2005Q1":3587.30954,"_2004Q4":3513.90123,"_2004Q3":3591.91426,"_2004Q2":3694.42979,"_2004Q1":3573.87207,"_2003Q4":3448.90344,"_2003Q3":3480.88379,"_2003Q2":3529.45607,"_2003Q1":3491.16211,"_2002Q4":4090.26419,"_2002Q3":4167.34518,"_2002Q2":4326.29396,"_2002Q1":3175.48439,"_2001Q4":2940.6243,"_2001Q3":2859.01705,"_2001Q2":2879.52696,"_2001Q1":2894.40108}},{"p":"ELEC.GEN.HYC-SAT-99.Q","v":{"_2015Q4":4945.63203,"_2015Q3":2916.13916,"_2015Q2":3526.72519,"_2015Q1":3535.05166,"_2014Q4":2755.90247,"_2014Q3":2694.11412,"_2014Q2":3800.57159,"_2014Q1":5163.04099,"_2013Q4":3927.56462,"_2013Q3":5279.46341,"_2013Q2":4772.86635,"_2013Q1":4768.18183,"_2012Q4":2686.16537,"_2012Q3":2341.04088,"_2012Q2":2989.41193,"_2012Q1":3650.15591,"_2011Q4":3448.87078,"_2011Q3":2639.7725,"_2011Q2":3875.62806,"_2011Q1":3581.02621,"_2010Q4":2986.10651,"_2010Q3":2409.76879,"_2010Q2":3563.59505,"_2010Q1":6207.63763,"_2009Q4":5690.42198,"_2009Q3":2878.07013,"_2009Q2":3985.21229,"_2009Q1":3430.76799,"_2008Q4":2435.33029,"_2008Q3":2212.60622,"_2008Q2":2767.31178,"_2008Q1":3325.39321,"_2007Q4":1905.66529,"_2007Q3":2067.25065,"_2007Q2":2800.42671,"_2007Q1":4312.23872,"_2006Q4":3511.21321,"_2006Q3":3097.25555,"_2006Q2":2914.48551,"_2006Q1":3923.16675,"_2005Q4":3676.83573,"_2005Q3":4129.69288,"_2005Q2":4569.98606,"_2005Q1":4891.90478,"_2004Q4":5530.3509,"_2004Q3":4356.66841,"_2004Q2":3186.5987,"_2004Q1":4174.99527,"_2003Q4":4456.732,"_2003Q3":5325.751,"_2003Q2":6335.061,"_2003Q1":4936.344,"_2002Q4":4028.767,"_2002Q3":1936.484,"_2002Q2":2781.787,"_2002Q1":2629.541,"_2001Q4":1916.765,"_2001Q3":2266.693,"_2001Q2":2758.423,"_2001Q1":2773.098}},{"p":"ELEC.GEN.SUN-SAT-99.Q","v":{"_2015Q4":590.42756,"_2015Q3":735.48025,"_2015Q2":694.16082,"_2015Q1":427.17815,"_2014Q4":303.81979,"_2014Q3":358.55055,"_2014Q2":348.91513,"_2014Q1":231.18858,"_2013Q4":181.80474,"_2013Q3":196.72796,"_2013Q2":181.95101,"_2013Q1":116.9058,"_2012Q4":138.06362,"_2012Q3":95.4248,"_2012Q2":90.05801,"_2012Q1":57.51339,"_2011Q4":30.38802,"_2011Q3":36.86985,"_2011Q2":39.32529,"_2011Q1":47.50911,"_2010Q4":23.64397,"_2010Q3":26.52383,"_2010Q2":29.1899,"_2010Q1":12.5027,"_2009Q4":10.1149,"_2009Q3":1.70443,"_2009Q2":1.62671,"_2009Q1":0.58723,"_2008Q4":1.801,"_2008Q3":0,"_2008Q2":0,"_2008Q1":0,"_2002Q4":0,"_2002Q3":0,"_2002Q2":0,"_2002Q1":0,"_2001Q4":0,"_2001Q3":0,"_2001Q2":0,"_2001Q1":0}},{"p":"ELEC.GEN.WND-SAT-99.Q","v":{"_2015Q4":556.45477,"_2015Q3":230.81867,"_2015Q2":409.421,"_2015Q1":617.94618,"_2014Q4":576.03945,"_2014Q3":255.52527,"_2014Q2":369.95688,"_2014Q1":578.52474,"_2013Q4":461.55339,"_2013Q3":200.92722,"_2013Q2":436.18673,"_2013Q1":613.97666,"_2012Q4":424.57538,"_2012Q3":234.58479,"_2012Q2":345.39891,"_2012Q1":606.78992,"_2011Q4":494.13467,"_2011Q3":218.16597,"_2011Q2":272.64198,"_2011Q1":393.1077,"_2010Q4":318.08893,"_2010Q3":148.92208,"_2010Q2":220.137,"_2010Q1":256.074,"_2009Q4":224.227,"_2009Q3":126.674,"_2009Q2":151.506,"_2009Q1":240.032,"_2008Q4":195.849,"_2008Q3":65.012,"_2008Q2":66.003,"_2008Q1":65.046,"_2007Q4":54.392,"_2007Q3":18.728,"_2007Q2":34.77,"_2007Q1":59.698,"_2006Q4":53.315,"_2006Q3":24.53,"_2006Q2":32.639,"_2006Q1":63.273,"_2005Q4":52.097,"_2005Q3":19.596,"_2005Q2":35.957,"_2005Q1":46.242,"_2004Q4":44.227,"_2004Q3":22.039,"_2004Q2":35.701,"_2004Q1":59.224,"_2003Q4":54.646,"_2003Q3":27.046,"_2003Q2":40.649,"_2003Q1":47.421,"_2002Q4":9.023}},{"p":"ELEC.GEN.SPV-SAT-99.Q","v":{"_2015Q4":578.52956,"_2015Q3":695.83625,"_2015Q2":653.55782,"_2015Q1":413.22015,"_2014Q4":272.33579,"_2014Q3":323.98355,"_2014Q2":313.67713,"_2014Q1":208.00158,"_2013Q4":166.64674,"_2013Q3":164.95396,"_2013Q2":147.56101,"_2013Q1":96.3468,"_2012Q4":122.96262,"_2012Q3":70.7138,"_2012Q2":59.38503,"_2012Q1":39.66039,"_2011Q4":27.83902,"_2011Q3":33.47185,"_2011Q2":32.96329,"_2011Q1":30.75111,"_2010Q4":23.64397,"_2010Q3":26.52383,"_2010Q2":29.1899,"_2010Q1":12.5027,"_2009Q4":10.1149,"_2009Q3":1.70443,"_2009Q2":1.62671,"_2009Q1":0.58723,"_2008Q4":1.801,"_2008Q3":0,"_2008Q2":0,"_2008Q1":0}},{"p":"ELEC.GEN.STH-SAT-99.Q","v":{"_2015Q4":11.898,"_2015Q3":39.644,"_2015Q2":40.603,"_2015Q1":13.958,"_2014Q4":31.484,"_2014Q3":34.567,"_2014Q2":35.238,"_2014Q1":23.187,"_2013Q4":15.158,"_2013Q3":31.774,"_2013Q2":34.39,"_2013Q1":20.559,"_2012Q4":15.101,"_2012Q3":24.711,"_2012Q2":30.67299,"_2012Q1":17.853,"_2011Q4":2.549,"_2011Q3":3.398,"_2011Q2":6.362,"_2011Q1":16.758}},{"p":"ELEC.GEN.HPS-SAT-99.Q","v":{"_2015Q4":-450.077,"_2015Q3":-1032.356,"_2015Q2":-703.883,"_2015Q1":-568.883,"_2014Q4":-664.844,"_2014Q3":-1057.416,"_2014Q2":-734.214,"_2014Q1":-425.999,"_2013Q4":-560.367,"_2013Q3":-629.209,"_2013Q2":-635.057,"_2013Q1":-586.59,"_2012Q4":-628.639,