{"p":"SC","c":[{"p":"ELEC.GEN.NUC-SC-99.Q","v":{"_2015Q4":11660.858,"_2015Q3":14404.102,"_2015Q2":13552.481,"_2015Q1":13538.879,"_2014Q4":13917.27,"_2014Q3":13587.125,"_2014Q2":10879.516,"_2014Q1":14034.642,"_2013Q4":11753.96,"_2013Q3":13750.424,"_2013Q2":14446.164,"_2013Q1":14301.42,"_2012Q4":11693.646,"_2012Q3":14397.752,"_2012Q2":12401.037,"_2012Q1":12652.867,"_2011Q4":13878.927,"_2011Q3":14336.001,"_2011Q2":10492.035,"_2011Q1":14195.613,"_2010Q4":12592.618,"_2010Q3":13426.404,"_2010Q2":11792.844,"_2010Q1":14176.213,"_2009Q4":10683.34,"_2009Q3":14436.218,"_2009Q2":13273.592,"_2009Q1":13756.584,"_2008Q4":12586.385,"_2008Q3":14270.974,"_2008Q2":10689.672,"_2008Q1":14215.919,"_2007Q4":12171.943,"_2007Q3":14000.987,"_2007Q2":13007.288,"_2007Q1":14019.696,"_2006Q4":10666.941,"_2006Q3":14258.602,"_2006Q2":11791.886,"_2006Q1":14079.943,"_2005Q4":13289.417,"_2005Q3":13946.821,"_2005Q2":11764.075,"_2005Q1":14137.241,"_2004Q4":11902.864,"_2004Q3":13848.106,"_2004Q2":11768.677,"_2004Q1":13680.993,"_2003Q4":10034.256,"_2003Q3":13752.962,"_2003Q2":13121.413,"_2003Q1":13509.059,"_2002Q4":13006.081,"_2002Q3":14270.287,"_2002Q2":11919.832,"_2002Q1":14129.654,"_2001Q4":12745.324,"_2001Q3":13629.85,"_2001Q2":12218.56,"_2001Q1":11276.264}},{"p":"ELEC.GEN.OOG-SC-99.Q","v":{"_2010Q4":0,"_2010Q3":0,"_2010Q2":0,"_2010Q1":0,"_2009Q4":0,"_2009Q3":0,"_2009Q2":0,"_2009Q1":0,"_2008Q4":0,"_2008Q3":0,"_2008Q2":0,"_2008Q1":0,"_2007Q4":0.00666,"_2007Q3":0.00196,"_2007Q2":0.00245,"_2007Q1":0.00357,"_2006Q4":0.00569,"_2006Q3":0.00505,"_2006Q2":0,"_2006Q1":0.00478,"_2005Q4":0.2334,"_2005Q3":5.19324,"_2005Q2":0.16309,"_2005Q1":0.05217,"_2004Q4":0.00952,"_2004Q3":0,"_2004Q2":0,"_2004Q1":0,"_2003Q4":0,"_2003Q3":0,"_2003Q2":0,"_2003Q1":0.073,"_2002Q4":0.047,"_2002Q3":0.054,"_2002Q2":0,"_2002Q1":0.213,"_2001Q4":0.011,"_2001Q3":0.008,"_2001Q2":0,"_2001Q1":0.179}},{"p":"ELEC.GEN.AOR-SC-99.Q","v":{"_2015Q4":502.7751,"_2015Q3":614.51878,"_2015Q2":549.97855,"_2015Q1":567.75003,"_2014Q4":560.44558,"_2014Q3":595.09944,"_2014Q2":678.35722,"_2014Q1":608.59303,"_2013Q4":566.26931,"_2013Q3":543.64097,"_2013Q2":567.15537,"_2013Q1":548.93317,"_2012Q4":503.85007,"_2012Q3":532.11156,"_2012Q2":523.63545,"_2012Q1":583.87555,"_2011Q4":531.76166,"_2011Q3":559.98119,"_2011Q2":534.422,"_2011Q1":503.00331,"_2010Q4":499.45682,"_2010Q3":484.98236,"_2010Q2":461.83013,"_2010Q1":426.79455,"_2009Q4":423.96051,"_2009Q3":449.66059,"_2009Q2":415.51458,"_2009Q1":458.83577,"_2008Q4":434.18313,"_2008Q3":485.05556,"_2008Q2":440.46136,"_2008Q1":456.12527,"_2007Q4":478.36779,"_2007Q3":533.18707,"_2007Q2":490.91511,"_2007Q1":493.56427,"_2006Q4":441.63568,"_2006Q3":498.72159,"_2006Q2":484.53287,"_2006Q1":485.54649,"_2005Q4":424.20455,"_2005Q3":464.81968,"_2005Q2":462.54257,"_2005Q1":462.07348,"_2004Q4":425.80196,"_2004Q3":442.1221,"_2004Q2":466.97339,"_2004Q1":428.28124,"_2003Q4":298.4833,"_2003Q3":338.59781,"_2003Q2":327.62598,"_2003Q1":331.23958,"_2002Q4":284.385,"_2002Q3":350.74,"_2002Q2":316.74,"_2002Q1":292.552,"_2001Q4":207.59511,"_2001Q3":213.81558,"_2001Q2":230.33249,"_2001Q1":242.41042}},{"p":"ELEC.GEN.HYC-SC-99.Q","v":{"_2015Q4":1092.25757,"_2015Q3":510.50088,"_2015Q2":611.67245,"_2015Q1":633.51237,"_2014Q4":381.53736,"_2014Q3":443.87642,"_2014Q2":632.14418,"_2014Q1":1111.56805,"_2013Q4":668.94721,"_2013Q3":1243.4743,"_2013Q2":685.44684,"_2013Q1":562.40566,"_2012Q4":299.68967,"_2012Q3":356.82961,"_2012Q2":379.89628,"_2012Q1":383.85644,"_2011Q4":289.99998,"_2011Q3":358.8192,"_2011Q2":480.66487,"_2011Q1":424.69696,"_2010Q4":291.52086,"_2010Q3":349.81898,"_2010Q2":514.74477,"_2010Q1":1220.35941,"_2009Q4":1097.40918,"_2009Q3":314.39172,"_2009Q2":496.07837,"_2009Q1":424.12601,"_2008Q4":293.47423,"_2008Q3":246.63022,"_2008Q2":297.44372,"_2008Q1":285.56683,"_2007Q4":214.6731,"_2007Q3":282.40961,"_2007Q2":360.30682,"_2007Q1":698.52206,"_2006Q4":376.7114,"_2006Q3":427.89416,"_2006Q2":416.70688,"_2006Q1":585.63556,"_2005Q4":548.60836,"_2005Q3":780.1386,"_2005Q2":856.52503,"_2005Q1":752.87502,"_2004Q4":886.13964,"_2004Q3":578.98457,"_2004Q2":365.63944,"_2004Q1":616.14574,"_2003Q4":563.141,"_2003Q3":937.858,"_2003Q2":1288.791,"_2003Q1":875.635,"_2002Q4":516.635,"_2002Q3":259.782,"_2002Q2":283.057,"_2002Q1":330.278,"_2001Q4":262.44,"_2001Q3":301.897,"_2001Q2":308.245,"_2001Q1":352.862}},{"p":"ELEC.GEN.SUN-SC-99.Q","v":{"_2015Q4":null,"_2015Q3":null,"_2015Q2":null,"_2015Q1":null,"_2014Q4":1.08899,"_2014Q3":1.34703,"_2014Q2":1.37773,"_2014Q1":0.97125,"_2013Q4":0.115}},{"p":"ELEC.GEN.SPV-SC-99.Q","v":{"_2015Q4":null,"_2015Q3":null,"_2015Q2":null,"_2015Q1":null,"_2014Q4":1.08899,"_2014Q3":1.34703,"_2014Q2":1.37773,"_2014Q1":0.97125,"_2013Q4":0.115}},{"p":"ELEC.GEN.HPS-SC-99.Q","v":{"_2015Q4":-180.346,"_2015Q3":-274.034,"_2015Q2":-273.304,"_2015Q1":-176.695,"_2014Q4":-210.246,"_2014Q3":-261.614,"_2014Q2":-277.07,"_2014Q1":-135.565,"_2013Q4":-178.473,"_2013Q3":-247.909,"_2013Q2":-235.619,"_2013Q1":-132.921,"_2012Q4":-194.498,"_2012Q3":-308.337,"_2012Q2":-239.982,"_2012Q1":-153.216,"_2011Q4":-169.937,"_2011Q3":-320.89,"_2011Q2":-241.241,"_2011Q1":-158.075,"_2010Q4":-170.339,"_2010Q3":-352.984,"_2010Q2":-258.559,"_2010Q1":-152.819,"_2009Q4":-165.336,"_2009Q3":-309.353,"_2009Q2":-298.639,"_2009Q1":-203.115,"_2008Q4":-235.93,"_2008Q3":-425.331,"_2008Q2":-357.614,"_2008Q1":-247.689,"_2007Q4":-327.953,"_2007Q3":-380.365,"_2007Q2":-256.972,"_2007Q1":-245.324,"_2006Q4":-201.839,"_2006Q3":-376.132,"_2006Q2":-325.05,"_2006Q1":-216.878,"_2005Q4":-273.096,"_2005Q3":-394.368,"_2005Q2":-285.486,"_2005Q1":-245.725,"_2004Q4":-242.057,"_2004Q3":-298.482,"_2004Q2":-330.819,"_2004Q1":-277.732,"_2003Q4":-245.944,"_2003Q3":-370.165,"_2003Q2":-257.595,"_2003Q1":-333.109,"_2002Q4":-269.75,"_2002Q3":-414.241,"_2002Q2":-305.119,"_2002Q1":-154.106,"_2001Q4":-187.305,"_2001Q3":-347.437,"_2001Q2":-314.013,"_2001Q1":-186.967}},{"p":"ELEC.GEN.WAS-SC-99.Q","v":{"_2015Q4":49.03561,"_2015Q3":48.1826,"_2015Q2":45.89933,"_2015Q1":45.84897,"_2014Q4":47.23676,"_2014Q3":44.72959,"_2014Q2":49.46153,"_2014Q1":52.63083,"_2013Q4":55.95217,"_2013Q3":50.59607,"_2013Q2":52.48558,"_2013Q1":53.86248,"_2012Q4":53.91182,"_2012Q3":48.0385,"_2012Q2":49.89277,"_2012Q1":50.67691,"_2011Q4":38.57961,"_2011Q3":36.08728,"_2011Q2":32.90311,"_2011Q1":33.52401,"_2010Q4":34.62281,"_2010Q3":32.04253,"_2010Q2":32.04393,"_2010Q1":32.28773,"_2009Q4":25.21874,"_2009Q3":32.30776,"_2009Q2":35.57817,"_2009Q1":44.14939,"_2008Q4":35.64416,"_2008Q3":28.45299,"_2008Q2":27.62564,"_2008Q1":28.03585,"_2007Q4":24.75024,"_2007Q3":25.87036,"_2007Q2":24.76595,"_2007Q1":25.21593,"_2006Q4":27.41643,"_2006Q3":26.60924,"_2006Q2":25.71847,"_2006Q1":26.30892,"_2005Q4":21.07476,"_2005Q3":22.98562,"_2005Q2":22.2364,"_2005Q1":21.36245,"_2004Q4":17.23999,"_2004Q3":17.23999,"_2004Q2":17.23999,"_2004Q1":17.23999,"_2003Q4":13.0253,"_2003Q3":12.61181,"_2003Q2":13.35398,"_2003Q1":12.69358,"_2002Q4":3.737,"_2002Q3":3.319,"_2002Q2":4.77,"_2002Q1":3.696,"_2001Q4":6.96711,"_2001Q3":7.17858,"_2001Q2":6.75549,"_2001Q1":7.14342}},{"p":"ELEC.GEN.WWW-SC-99.Q","v":{"_2015Q4":452.64882,"_2015Q3":564.74414,"_2015Q2":502.42188,"_2015Q1":520.79955,"_2014Q4":512.11983,"_2014Q3":549.02283,"_2014Q2":627.51797,"_2014Q1":554.99095,"_2013Q4":510.20214,"_2013Q3":493.04491,"_2013Q2":514.66979,"_2013Q1":495.0707,"_2012Q4":449.93825,"_2012Q3":484.07305,"_2012Q2":473.74267,"_2012Q1":533.19865,"_2011Q4":493.18204,"_2011Q3":523.89393,"_2011Q2":501.51889,"_2011Q1":469.47931,"_2010Q4":464.834,"_2010Q3":452.93984,"_2010Q2":429.78619,"_2010Q1":394.50682,"_2009Q4":398.74177,"_2009Q3":417.35283,"_2009Q2":379.93642,"_2009Q1":414.68639,"_2008Q4":398.53897,"_2008Q3":456.60258,"_2008Q2":412.8357,"_2008Q1":428.08942,"_2007Q4":453.61755,"_2007Q3":507.31671,"_2007Q2":466.14916,"_2007Q1":468.34833,"_2006Q4":414.21924,"_2006Q3":472.11236,"_2006Q2":458.81441,"_2006Q1":459.23756,"_2005Q4":403.1298,"_2005Q3":441.83405,"_2005Q2":440.30617,"_2005Q1":440.71102,"_2004Q4":408.56196,"_2004Q3":424.88211,"_2004Q2":449.73339,"_2004Q1":411.04125,"_2003Q4":285.458,