{"p":"SC","c":[{"p":"ELEC.GEN.NUC-SC-99.Q","c":{"2015Q4":11660.858,"2015Q3":14404.102,"2015Q2":13552.481,"2015Q1":13538.879,"2014Q4":13917.27,"2014Q3":13587.125,"2014Q2":10879.516,"2014Q1":14034.642,"2013Q4":11753.96,"2013Q3":13750.424,"2013Q2":14446.164,"2013Q1":14301.42,"2012Q4":11693.646,"2012Q3":14397.752,"2012Q2":12401.037,"2012Q1":12652.867,"2011Q4":13878.927,"2011Q3":14336.001,"2011Q2":10492.035,"2011Q1":14195.613,"2010Q4":12592.618,"2010Q3":13426.404,"2010Q2":11792.844,"2010Q1":14176.213,"2009Q4":10683.34,"2009Q3":14436.218,"2009Q2":13273.592,"2009Q1":13756.584,"2008Q4":12586.385,"2008Q3":14270.974,"2008Q2":10689.672,"2008Q1":14215.919,"2007Q4":12171.943,"2007Q3":14000.987,"2007Q2":13007.288,"2007Q1":14019.696,"2006Q4":10666.941,"2006Q3":14258.602,"2006Q2":11791.886,"2006Q1":14079.943,"2005Q4":13289.417,"2005Q3":13946.821,"2005Q2":11764.075,"2005Q1":14137.241,"2004Q4":11902.864,"2004Q3":13848.106,"2004Q2":11768.677,"2004Q1":13680.993,"2003Q4":10034.256,"2003Q3":13752.962,"2003Q2":13121.413,"2003Q1":13509.059,"2002Q4":13006.081,"2002Q3":14270.287,"2002Q2":11919.832,"2002Q1":14129.654,"2001Q4":12745.324,"2001Q3":13629.85,"2001Q2":12218.56,"2001Q1":11276.264}},{"p":"ELEC.GEN.OOG-SC-99.Q","c":{"2010Q4":0,"2010Q3":0,"2010Q2":0,"2010Q1":0,"2009Q4":0,"2009Q3":0,"2009Q2":0,"2009Q1":0,"2008Q4":0,"2008Q3":0,"2008Q2":0,"2008Q1":0,"2007Q4":0.00666,"2007Q3":0.00196,"2007Q2":0.00245,"2007Q1":0.00357,"2006Q4":0.00569,"2006Q3":0.00505,"2006Q2":0,"2006Q1":0.00478,"2005Q4":0.2334,"2005Q3":5.19324,"2005Q2":0.16309,"2005Q1":0.05217,"2004Q4":0.00952,"2004Q3":0,"2004Q2":0,"2004Q1":0,"2003Q4":0,"2003Q3":0,"2003Q2":0,"2003Q1":0.073,"2002Q4":0.047,"2002Q3":0.054,"2002Q2":0,"2002Q1":0.213,"2001Q4":0.011,"2001Q3":0.008,"2001Q2":0,"2001Q1":0.179}},{"p":"ELEC.GEN.AOR-SC-99.Q","c":{"2015Q4":502.7751,"2015Q3":614.51878,"2015Q2":549.97855,"2015Q1":567.75003,"2014Q4":560.44558,"2014Q3":595.09944,"2014Q2":678.35722,"2014Q1":608.59303,"2013Q4":566.26931,"2013Q3":543.64097,"2013Q2":567.15537,"2013Q1":548.93317,"2012Q4":503.85007,"2012Q3":532.11156,"2012Q2":523.63545,"2012Q1":583.87555,"2011Q4":531.76166,"2011Q3":559.98119,"2011Q2":534.422,"2011Q1":503.00331,"2010Q4":499.45682,"2010Q3":484.98236,"2010Q2":461.83013,"2010Q1":426.79455,"2009Q4":423.96051,"2009Q3":449.66059,"2009Q2":415.51458,"2009Q1":458.83577,"2008Q4":434.18313,"2008Q3":485.05556,"2008Q2":440.46136,"2008Q1":456.12527,"2007Q4":478.36779,"2007Q3":533.18707,"2007Q2":490.91511,"2007Q1":493.56427,"2006Q4":441.63568,"2006Q3":498.72159,"2006Q2":484.53287,"2006Q1":485.54649,"2005Q4":424.20455,"2005Q3":464.81968,"2005Q2":462.54257,"2005Q1":462.07348,"2004Q4":425.80196,"2004Q3":442.1221,"2004Q2":466.97339,"2004Q1":428.28124,"2003Q4":298.4833,"2003Q3":338.59781,"2003Q2":327.62598,"2003Q1":331.23958,"2002Q4":284.385,"2002Q3":350.74,"2002Q2":316.74,"2002Q1":292.552,"2001Q4":207.59511,"2001Q3":213.81558,"2001Q2":230.33249,"2001Q1":242.41042}},{"p":"ELEC.GEN.HYC-SC-99.Q","c":{"2015Q4":1092.25757,"2015Q3":510.50088,"2015Q2":611.67245,"2015Q1":633.51237,"2014Q4":381.53736,"2014Q3":443.87642,"2014Q2":632.14418,"2014Q1":1111.56805,"2013Q4":668.94721,"2013Q3":1243.4743,"2013Q2":685.44684,"2013Q1":562.40566,"2012Q4":299.68967,"2012Q3":356.82961,"2012Q2":379.89628,"2012Q1":383.85644,"2011Q4":289.99998,"2011Q3":358.8192,"2011Q2":480.66487,"2011Q1":424.69696,"2010Q4":291.52086,"2010Q3":349.81898,"2010Q2":514.74477,"2010Q1":1220.35941,"2009Q4":1097.40918,"2009Q3":314.39172,"2009Q2":496.07837,"2009Q1":424.12601,"2008Q4":293.47423,"2008Q3":246.63022,"2008Q2":297.44372,"2008Q1":285.56683,"2007Q4":214.6731,"2007Q3":282.40961,"2007Q2":360.30682,"2007Q1":698.52206,"2006Q4":376.7114,"2006Q3":427.89416,"2006Q2":416.70688,"2006Q1":585.63556,"2005Q4":548.60836,"2005Q3":780.1386,"2005Q2":856.52503,"2005Q1":752.87502,"2004Q4":886.13964,"2004Q3":578.98457,"2004Q2":365.63944,"2004Q1":616.14574,"2003Q4":563.141,"2003Q3":937.858,"2003Q2":1288.791,"2003Q1":875.635,"2002Q4":516.635,"2002Q3":259.782,"2002Q2":283.057,"2002Q1":330.278,"2001Q4":262.44,"2001Q3":301.897,"2001Q2":308.245,"2001Q1":352.862}},{"p":"ELEC.GEN.SUN-SC-99.Q","c":{"2015Q4":null,"2015Q3":null,"2015Q2":null,"2015Q1":null,"2014Q4":1.08899,"2014Q3":1.34703,"2014Q2":1.37773,"2014Q1":0.97125,"2013Q4":0.115}},{"p":"ELEC.GEN.SPV-SC-99.Q","c":{"2015Q4":null,"2015Q3":null,"2015Q2":null,"2015Q1":null,"2014Q4":1.08899,"2014Q3":1.34703,"2014Q2":1.37773,"2014Q1":0.97125,"2013Q4":0.115}},{"p":"ELEC.GEN.HPS-SC-99.Q","c":{"2015Q4":-180.346,"2015Q3":-274.034,"2015Q2":-273.304,"2015Q1":-176.695,"2014Q4":-210.246,"2014Q3":-261.614,"2014Q2":-277.07,"2014Q1":-135.565,"2013Q4":-178.473,"2013Q3":-247.909,"2013Q2":-235.619,"2013Q1":-132.921,"2012Q4":-194.498,"2012Q3":-308.337,"2012Q2":-239.982,"2012Q1":-153.216,"2011Q4":-169.937,"2011Q3":-320.89,"2011Q2":-241.241,"2011Q1":-158.075,"2010Q4":-170.339,"2010Q3":-352.984,"2010Q2":-258.559,"2010Q1":-152.819,"2009Q4":-165.336,"2009Q3":-309.353,"2009Q2":-298.639,"2009Q1":-203.115,"2008Q4":-235.93,"2008Q3":-425.331,"2008Q2":-357.614,"2008Q1":-247.689,"2007Q4":-327.953,"2007Q3":-380.365,"2007Q2":-256.972,"2007Q1":-245.324,"2006Q4":-201.839,"2006Q3":-376.132,"2006Q2":-325.05,"2006Q1":-216.878,"2005Q4":-273.096,"2005Q3":-394.368,"2005Q2":-285.486,"2005Q1":-245.725,"2004Q4":-242.057,"2004Q3":-298.482,"2004Q2":-330.819,"2004Q1":-277.732,"2003Q4":-245.944,"2003Q3":-370.165,"2003Q2":-257.595,"2003Q1":-333.109,"2002Q4":-269.75,"2002Q3":-414.241,"2002Q2":-305.119,"2002Q1":-154.106,"2001Q4":-187.305,"2001Q3":-347.437,"2001Q2":-314.013,"2001Q1":-186.967}},{"p":"ELEC.GEN.WAS-SC-99.Q","c":{"2015Q4":49.03561,"2015Q3":48.1826,"2015Q2":45.89933,"2015Q1":45.84897,"2014Q4":47.23676,"2014Q3":44.72959,"2014Q2":49.46153,"2014Q1":52.63083,"2013Q4":55.95217,"2013Q3":50.59607,"2013Q2":52.48558,"2013Q1":53.86248,"2012Q4":53.91182,"2012Q3":48.0385,"2012Q2":49.89277,"2012Q1":50.67691,"2011Q4":38.57961,"2011Q3":36.08728,"2011Q2":32.90311,"2011Q1":33.52401,"2010Q4":34.62281,"2010Q3":32.04253,"2010Q2":32.04393,"2010Q1":32.28773,"2009Q4":25.21874,"2009Q3":32.30776,"2009Q2":35.57817,"2009Q1":44.14939,"2008Q4":35.64416,"2008Q3":28.45299,"2008Q2":27.62564,"2008Q1":28.03585,"2007Q4":24.75024,"2007Q3":25.87036,"2007Q2":24.76595,"2007Q1":25.21593,"2006Q4":27.41643,"2006Q3":26.60924,"2006Q2":25.71847,"2006Q1":26.30892,"2005Q4":21.07476,"2005Q3":22.98562,"2005Q2":22.2364,"2005Q1":21.36245,"2004Q4":17.23999,"2004Q3":17.23999,"2004Q2":17.23999,"2004Q1":17.23999,"2003Q4":13.0253,"2003Q3":12.61181,"2003Q2":13.35398,"2003Q1":12.69358,"2002Q4":3.737,"2002Q3":3.319,"2002Q2":4.77,"2002Q1":3.696,"2001Q4":6.96711,"2001Q3":7.17858,"2001Q2":6.75549,"2001Q1":7.14342}},{"p":"ELEC.GEN.WWW-SC-99.Q","c":{"2015Q4":452.64882,"2015Q3":564.74414,"2015Q2":502.42188,"2015Q1":520.79955,"2014Q4":512.11983,"2014Q3":549.02283,"2014Q2":627.51797,"2014Q1":554.99095,"2013Q4":510.20214,"2013Q3":493.04491,"2013Q2":514.66979,"2013Q1":495.0707,"2012Q4":449.93825,"2012Q3":484.07305,"2012Q2":473.74267,"2012Q1":533.19865,"2011Q4":493.18204,"2011Q3":523.89393,"2011Q2":501.51889,"2011Q1":469.47931,"2010Q4":464.834,"2010Q3":452.93984,"2010Q2":429.78619,"2010Q1":394.50682,"2009Q4":398.74177,"2009Q3":417.35283,"2009Q2":379.93642,"2009Q1":414.68639,"2008Q4":398.53897,"2008Q3":456.60258,"2008Q2":412.8357,"2008Q1":428.08942,"2007Q4":453.61755,"2007Q3":507.31671,"2007Q2":466.14916,"2007Q1":468.34833,"2006Q4":414.21924,"2006Q3":472.11236,"2006Q2":458.81441,"2006Q1":459.23756,"2005Q4":403.1298,"2005Q3":441.83405,"2005Q2":440.30617,"2005Q1":440.71102,"2004Q4":408.56196,"2004Q3":424.88211,"2004Q2":449.73339,"2004Q1":411.04125,"2003Q4":285.458,"2003Q3":325.986,"2003Q2":314.272,"2003Q1":318.546,"2002Q4":280.648,"2002Q3":347.421,"2002Q2":311.97,"2002Q1":288.856,"2001Q4":200.628,"2001Q3":206.637,"2001Q2":223.577,"2001Q1":235.267}},{"p":"ELEC.GEN.TSN-SC-99.Q","c":{"2015Q4":null,"2015Q3":null,"2015Q2":null,"2015Q1":null,"2014Q4":2.01198,"2014Q3":2.40639,"2014Q2":2.4089,"2014Q1":1.69785}},{"p":"ELEC.GEN.DPV-SC-99.Q","c":{"2015Q4":1.70846,"2015Q3":1.86514,