{"p":"TN","c":[{"p":"ELEC.GEN.NUC-TN-99.Q","v":{"_2015Q4":5364.764,"_2015Q3":6487.569,"_2015Q2":6350.066,"_2015Q1":6758.073,"_2014Q4":7654.766,"_2014Q3":7373.379,"_2014Q2":5350.367,"_2014Q1":7291.494,"_2013Q4":6437.73,"_2013Q3":7412.638,"_2013Q2":7466.221,"_2013Q1":7177.225,"_2012Q4":4603.298,"_2012Q3":6678.196,"_2012Q2":7260.439,"_2012Q1":6560.168,"_2011Q4":7405.586,"_2011Q3":7211.257,"_2011Q2":4860.258,"_2011Q1":7442.076,"_2010Q4":5993.857,"_2010Q3":7257.909,"_2010Q2":7067.126,"_2010Q1":7420.329,"_2009Q4":6135.766,"_2009Q3":7164.91,"_2009Q2":6401.445,"_2009Q1":7259.88,"_2008Q4":7408.556,"_2008Q3":7044.97,"_2008Q2":6279.806,"_2008Q1":6296.285,"_2007Q4":6347.141,"_2007Q3":7380.415,"_2007Q2":7565.957,"_2007Q1":7406.858,"_2006Q4":4972.225,"_2006Q3":6737.138,"_2006Q2":5695.317,"_2006Q1":7274.097,"_2005Q4":7668.522,"_2005Q3":7427.904,"_2005Q2":6352.339,"_2005Q1":6354.343,"_2004Q4":6844.939,"_2004Q3":7390.556,"_2004Q2":7514.457,"_2004Q1":6862.319,"_2003Q4":6002.842,"_2003Q3":6605.294,"_2003Q2":5222.342,"_2003Q1":6322.102,"_2002Q4":7464.369,"_2002Q3":7256.143,"_2002Q2":6098.546,"_2002Q1":6754.867,"_2001Q4":6616.641,"_2001Q3":7053.086,"_2001Q2":7437.391,"_2001Q1":7469.313}},{"p":"ELEC.GEN.OOG-TN-99.Q","v":{"_2015Q4":3.43351,"_2015Q3":2.79353,"_2015Q2":2.97522,"_2015Q1":2.83518,"_2014Q4":2.958,"_2014Q3":3.09741,"_2014Q2":3.50528,"_2014Q1":3.48587,"_2013Q4":2.97366,"_2013Q3":3.70803,"_2013Q2":3.06901,"_2013Q1":3.01756,"_2012Q4":3.12837,"_2012Q3":3.98403,"_2012Q2":3.71562,"_2012Q1":2.65752,"_2011Q4":3.48174,"_2011Q3":6.37734,"_2011Q2":3.4504,"_2011Q1":3.37981,"_2010Q4":2.67786,"_2010Q3":3.89611,"_2010Q2":3.55059,"_2010Q1":3.33778,"_2009Q4":3.11321,"_2009Q3":2.80647,"_2009Q2":3.04202,"_2009Q1":3.04864,"_2008Q4":2.5398,"_2008Q3":3.1589,"_2008Q2":3.14428,"_2008Q1":3.18728,"_2007Q4":3.18885,"_2007Q3":3.57774,"_2007Q2":3.52046,"_2007Q1":3.20098,"_2006Q4":3.81708,"_2006Q3":3.25161,"_2006Q2":3.22887,"_2006Q1":3.33727,"_2005Q4":3.13878,"_2005Q3":4.35139,"_2005Q2":3.49136,"_2005Q1":3.61652,"_2004Q4":3.13037,"_2004Q3":3.62873,"_2004Q2":2.84341,"_2004Q1":3.72234,"_2003Q4":0.551,"_2003Q3":0.436,"_2003Q2":1.305,"_2003Q1":0.543,"_2002Q4":1.329,"_2002Q3":3.385,"_2002Q2":3.601,"_2002Q1":3.557,"_2001Q4":4.81,"_2001Q3":4.952,"_2001Q2":4.806,"_2001Q1":3.928}},{"p":"ELEC.GEN.AOR-TN-99.Q","v":{"_2015Q4":301.83113,"_2015Q3":311.33266,"_2015Q2":297.87301,"_2015Q1":289.87864,"_2014Q4":277.07933,"_2014Q3":292.46989,"_2014Q2":283.42311,"_2014Q1":288.02622,"_2013Q4":305.93323,"_2013Q3":280.47674,"_2013Q2":259.35375,"_2013Q1":264.42563,"_2012Q4":229.98806,"_2012Q3":217.84636,"_2012Q2":193.98296,"_2012Q1":194.64049,"_2011Q4":261.89345,"_2011Q3":245.95529,"_2011Q2":259.44358,"_2011Q1":252.48431,"_2010Q4":258.80183,"_2010Q3":243.83777,"_2010Q2":263.93166,"_2010Q1":220.97829,"_2009Q4":253.31342,"_2009Q3":244.98675,"_2009Q2":225.53362,"_2009Q1":226.63429,"_2008Q4":236.68837,"_2008Q3":247.2912,"_2008Q2":235.39584,"_2008Q1":245.93483,"_2007Q4":251.72955,"_2007Q3":234.75343,"_2007Q2":246.66591,"_2007Q1":237.3775,"_2006Q4":211.34318,"_2006Q3":201.61778,"_2006Q2":204.82759,"_2006Q1":192.81075,"_2005Q4":184.18278,"_2005Q3":193.13051,"_2005Q2":190.12684,"_2005Q1":198.64521,"_2004Q4":209.23757,"_2004Q3":205.21764,"_2004Q2":212.02997,"_2004Q1":203.44354,"_2003Q4":211.503,"_2003Q3":212.631,"_2003Q2":204.46,"_2003Q1":201.2405,"_2002Q4":230.73475,"_2002Q3":202.044,"_2002Q2":175.07128,"_2002Q1":192.37968,"_2001Q4":211.14497,"_2001Q3":212.91312,"_2001Q2":210.08053,"_2001Q1":187.88653}},{"p":"ELEC.GEN.HYC-TN-99.Q","v":{"_2015Q4":2933.03089,"_2015Q3":2263.1196,"_2015Q2":1898.33869,"_2015Q1":2666.93065,"_2014Q4":2862.68618,"_2014Q3":1924.46786,"_2014Q2":1236.51455,"_2014Q1":2876.98142,"_2013Q4":2921.71631,"_2013Q3":2952.78649,"_2013Q2":3030.43192,"_2013Q1":3538.34828,"_2012Q4":2306.23828,"_2012Q3":1913.97911,"_2012Q2":1003.28932,"_2012Q1":3072.15329,"_2011Q4":2706.53889,"_2011Q3":1930.57731,"_2011Q2":2294.27336,"_2011Q1":2644.24943,"_2010Q4":2229.74945,"_2010Q3":1719.50354,"_2010Q2":1276.25527,"_2010Q1":2912.28674,"_2009Q4":3646.81029,"_2009Q3":2066.23416,"_2009Q2":2254.50518,"_2009Q1":2244.41237,"_2008Q4":1402.11004,"_2008Q3":1482.08858,"_2008Q2":1097.40925,"_2008Q1":1664.46514,"_2007Q4":678.98119,"_2007Q3":1297.98387,"_2007Q2":1082.87986,"_2007Q1":1879.75609,"_2006Q4":2398.7441,"_2006Q3":1896.60212,"_2006Q2":1445.61434,"_2006Q1":2007.68945,"_2005Q4":1844.69889,"_2005Q3":2416.54694,"_2005Q2":2072.15397,"_2005Q1":2976.14122,"_2004Q4":3606.34813,"_2004Q3":2766.0797,"_2004Q2":1448.14056,"_2004Q1":2587.54362,"_2003Q4":3194.048,"_2003Q3":3226.553,"_2003Q2":2794.043,"_2003Q1":2789.002,"_2002Q4":2487.819,"_2002Q3":1789.427,"_2002Q2":1622.572,"_2002Q1":2073.844,"_2001Q4":1975.652,"_2001Q3":2227.107,"_2001Q2":1047.354,"_2001Q1":1696.416}},{"p":"ELEC.GEN.SUN-TN-99.Q","v":{"_2015Q4":20.53859,"_2015Q3":31.01244,"_2015Q2":32.16877,"_2015Q1":null,"_2014Q4":10.11873,"_2014Q3":6.98406,"_2014Q2":6.65421,"_2014Q1":3.72399,"_2013Q4":5.96039,"_2013Q3":6.12081,"_2013Q2":5.21656,"_2013Q1":3.09624,"_2012Q4":null,"_2012Q3":null,"_2012Q2":null,"_2012Q1":null}},{"p":"ELEC.GEN.WND-TN-99.Q","v":{"_2015Q4":16.65,"_2015Q3":4.707,"_2015Q2":10.608,"_2015Q1":13.876,"_2014Q4":16.109,"_2014Q3":5.721,"_2014Q2":12.769,"_2014Q1":16.541,"_2013Q4":15.004,"_2013Q3":5.489,"_2013Q2":13.133,"_2013Q1":13.119,"_2012Q4":14.45,"_2012Q3":6.299,"_2012Q2":8.595,"_2012Q1":18.148,"_2011Q4":17.753,"_2011Q3":5.285,"_2011Q2":14.494,"_2011Q1":15.611,"_2010Q4":13.127,"_2010Q3":4.681,"_2010Q2":11.949,"_2010Q1":10.813,"_2009Q4":14.76,"_2009Q3":6.761,"_2009Q2":12.819,"_2009Q1":17.407,"_2008Q4":14.71,"_2008Q3":5.435,"_2008Q2":12.996,"_2008Q1":16.976,"_2007Q4":17.349,"_2007Q3":5.633,"_2007Q2":9.196,"_2007Q1":17.759,"_2006Q4":17.081,"_2006Q3":7.939,"_2006Q2":11.147,"_2006Q1":18.431,"_2005Q4":1.014,"_2005Q3":0.449,"_2005Q2":0.615,"_2005Q1":1.261,"_2004Q4":1.23,"_2004Q3":0.388,"_2004Q2":0.882,"_2004Q1":1.313,"_2003Q4":1.372,"_2003Q3":0.46,"_2003Q2":0.981,"_2003Q1":1.12,"_2002Q4":1.156,"_2002Q3":0.447,"_2002Q2":1.011,"_2002Q1":1.454,"_2001Q4":0,"_2001Q3":0,"_2001Q2":0,"_2001Q1":0}},{"p":"ELEC.GEN.SPV-TN-99.Q","v":{"_2015Q4":20.53859,"_2015Q3":31.01244,"_2015Q2":32.16877,"_2015Q1":null,"_2014Q4":10.11873,"_2014Q3":6.98406,"_2014Q2":6.65421,"_2014Q1":3.72399,"_2013Q4":5.96039,"_2013Q3":6.12081,"_2013Q2":5.21656,"_2013Q1":3.09624,"_2012Q4":null,"_2012Q3":null,"_2012Q2":null,"_2012Q1":null}},{"p":"ELEC.GEN.HPS-TN-99.Q","v":{"_2015Q4":-73.757,"_2015Q3":-251.926,"_2015Q2":-114.835,"_2015Q1":-90.184,"_2014Q4":-115.552,"_2014Q3":-181.23,"_2014Q2":-139.933,"_2014Q1":-54.468,"_2013Q4":-16.341,"_2013Q3":-2.563,"_2013Q2":-2.266,"_2013Q1":-20.842,"_2012Q4":-19.392,"_2012Q3":0,"_2012Q2":-44.272,"_2012Q1":-99.275,"_2011Q4":-148.86,"_2011Q3":-230.745,"_2011Q2":-156.741,"_2011Q1":-124.021,"_2010Q4":-151.732,"_2010Q3":-231.213,"_2010Q2":-188.414,"_2010Q1":-150.113,"_2009Q4":-109.196,"_2009Q3":-224.819,"_2009Q2":-169.963,"_2009Q1":-145.854,"_2008Q4":-171.859,"_2008Q3":-223.48,"_2008Q2":-194.83,"_2008Q1":-148.51,"_2007Q4":-138.702,"_2007Q3":-250.158,"_2007Q2":-169.041,"_2007Q1":-146.463,"_2006Q4":-111.497,"_2006Q3":-217.092,"_2006Q2":-197.45,"_2006Q1":-141.501,"_2005Q4":-128.038,"_2005Q3":-211.87,"_2005Q2":-97.159,"_2005Q1":-160.868,"_2004Q4":-178.282,"_2004Q3":-234.45,"_2004Q2":-231.762,"_2004Q1":-173.332,"_2003Q4":-118.845,"_2003Q3":-236.034,"_2003Q2":-206.846,"_2003Q1":-166.924,"_2002Q4":-168.261,"_2002Q3":-189.363,"_2002Q2":-188.608,"_2002Q1":-149.611,"_2001Q4":-146.377,"_2001Q3":-219.371,"_2001Q2":-212.119,"_2001Q1":-155.857}},{"p":"ELEC.GEN.WAS-TN-99.Q","v":{"_2015Q4":23.10614,"_2015Q3":22.33263,"_2015Q2":22.58794,"_2015Q1":21.23262,"_2014Q4":20.01843,"_2014Q3":22.11375,"_2014Q2":23.49714,"_2014Q1":23.93807,"_2013Q4":17.01707,"_2013Q3":21.44469,"_2013Q2":23.87817,"_2013Q1":22.69344,"_2012Q4":17.55048,"_2012Q3":11.78157,"_2012Q2":21.9614,"_2012Q1":10.91264,"_2011Q4":8.39223,"_2011Q3":8.45125,"_2011Q2":9.22017,"_2011Q1":10.11623,"_2010Q4":10.63314,"_2010Q3":7.68336,"_2010Q2":7.82575,