{"p":"TX","c":[{"p":"ELEC.GEN.NUC-TX-99.Q","v":{"_2015Q4":7686.106,"_2015Q3":11025.572,"_2015Q2":9690.348,"_2015Q1":10952.651,"_2014Q4":9630.443,"_2014Q3":11084.386,"_2014Q2":8238.796,"_2014Q1":10333.818,"_2013Q4":9523.123,"_2013Q3":10931.319,"_2013Q2":9591.053,"_2013Q1":8269.501,"_2012Q4":8816.858,"_2012Q3":11134.968,"_2012Q2":10264.104,"_2012Q1":8225.087,"_2011Q4":8817.777,"_2011Q3":10714.478,"_2011Q2":9048.561,"_2011Q1":11067.641,"_2010Q4":10574.932,"_2010Q3":11065.524,"_2010Q2":9286.115,"_2010Q1":10408.677,"_2009Q4":8927.844,"_2009Q3":10616.37,"_2009Q2":10916.019,"_2009Q1":11037.384,"_2008Q4":9700.045,"_2008Q3":10819.958,"_2008Q2":9503.967,"_2008Q1":10703.4,"_2007Q4":11127.157,"_2007Q3":10941.153,"_2007Q2":9432.767,"_2007Q1":9453.953,"_2006Q4":9207.001,"_2006Q3":10677.257,"_2006Q2":10708.348,"_2006Q1":10671.672,"_2005Q4":8942.383,"_2005Q3":10657.892,"_2005Q2":9339.125,"_2005Q1":9293.093,"_2004Q4":10734.928,"_2004Q3":10658.915,"_2004Q2":8725.059,"_2004Q1":10316.47,"_2003Q4":9764.114,"_2003Q3":8762.13,"_2003Q2":7153.443,"_2003Q1":7757.797,"_2002Q4":5971.176,"_2002Q3":10256.398,"_2002Q2":9123.955,"_2002Q1":10266.475,"_2001Q4":9604.711,"_2001Q3":10018.099,"_2001Q2":9494.28,"_2001Q1":9045.773}},{"p":"ELEC.GEN.OOG-TX-99.Q","v":{"_2015Q4":691.28221,"_2015Q3":646.00255,"_2015Q2":560.82954,"_2015Q1":649.64917,"_2014Q4":687.13609,"_2014Q3":647.58416,"_2014Q2":514.06517,"_2014Q1":457.88661,"_2013Q4":586.07033,"_2013Q3":682.04567,"_2013Q2":563.37185,"_2013Q1":568.48144,"_2012Q4":650.15723,"_2012Q3":799.22192,"_2012Q2":793.43519,"_2012Q1":756.0018,"_2011Q4":812.06472,"_2011Q3":871.45979,"_2011Q2":863.58608,"_2011Q1":842.72925,"_2010Q4":727.36564,"_2010Q3":869.60081,"_2010Q2":823.55731,"_2010Q1":870.04613,"_2009Q4":945.16933,"_2009Q3":984.35355,"_2009Q2":868.59508,"_2009Q1":851.18654,"_2008Q4":774.76901,"_2008Q3":861.64061,"_2008Q2":911.20694,"_2008Q1":852.88988,"_2007Q4":887.00751,"_2007Q3":916.75966,"_2007Q2":856.07995,"_2007Q1":941.36404,"_2006Q4":902.51903,"_2006Q3":1047.332,"_2006Q2":1015.38363,"_2006Q1":833.16857,"_2005Q4":763.35742,"_2005Q3":757.24934,"_2005Q2":899.77554,"_2005Q1":851.38589,"_2004Q4":973.51981,"_2004Q3":1071.0915,"_2004Q2":1167.91237,"_2004Q1":991.16046,"_2003Q4":1497.325,"_2003Q3":1493.605,"_2003Q2":1488.991,"_2003Q1":1519.569,"_2002Q4":735.107,"_2002Q3":858.024,"_2002Q2":658.196,"_2002Q1":801.666,"_2001Q4":404.796,"_2001Q3":437.144,"_2001Q2":320.024,"_2001Q1":412.361}},{"p":"ELEC.GEN.AOR-TX-99.Q","v":{"_2015Q4":13981.0176,"_2015Q3":11341.9916,"_2015Q2":12466.00317,"_2015Q1":9369.89606,"_2014Q4":10802.79902,"_2014Q3":8183.26594,"_2014Q2":12265.20784,"_2014Q1":10844.44088,"_2013Q4":9215.2789,"_2013Q3":7050.39025,"_2013Q2":11544.15901,"_2013Q1":9949.72925,"_2012Q4":9097.09,"_2012Q3":6652.83691,"_2012Q2":8828.65041,"_2012Q1":9438.1192,"_2011Q4":8457.91855,"_2011Q3":6128.42085,"_2011Q2":9890.89905,"_2011Q1":7705.89501,"_2010Q4":7596.71119,"_2010Q3":5485.41923,"_2010Q2":7962.67491,"_2010Q1":6660.02259,"_2009Q4":5784.64792,"_2009Q3":4348.02013,"_2009Q2":5419.56095,"_2009Q1":5552.24743,"_2008Q4":5125.34725,"_2008Q3":2872.45366,"_2008Q2":5371.15761,"_2008Q1":4270.1358,"_2007Q4":3399.09093,"_2007Q3":2362.31044,"_2007Q2":2245.17846,"_2007Q1":2281.03242,"_2006Q4":2376.89867,"_2006Q3":1637.99287,"_2006Q2":2005.96048,"_2006Q1":1797.40786,"_2005Q4":1480.17771,"_2005Q3":1163.66558,"_2005Q2":1548.90105,"_2005Q1":1142.86727,"_2004Q4":1029.41124,"_2004Q3":875.39004,"_2004Q2":1258.36571,"_2004Q1":1083.52058,"_2003Q4":1024.055,"_2003Q3":994.725,"_2003Q2":1066.793,"_2003Q1":880.162,"_2002Q4":900.718,"_2002Q3":1011.072,"_2002Q2":1084.597,"_2002Q1":978.86421,"_2001Q4":619.73875,"_2001Q3":452.82149,"_2001Q2":540.25135,"_2001Q1":568.13336}},{"p":"ELEC.GEN.HYC-TX-99.Q","v":{"_2015Q4":null,"_2015Q3":null,"_2015Q2":273.62013,"_2015Q1":156.92584,"_2014Q4":85.87539,"_2014Q3":85.76634,"_2014Q2":139.93906,"_2014Q1":74.31747,"_2013Q4":173.72904,"_2013Q3":93.71429,"_2013Q2":47.70527,"_2013Q1":164.8934,"_2012Q4":126.19549,"_2012Q3":77.94202,"_2012Q2":257.68909,"_2012Q1":122.64783,"_2011Q4":34.65286,"_2011Q3":191.38507,"_2011Q2":257.5816,"_2011Q1":79.4342,"_2010Q4":65.55808,"_2010Q3":268.54198,"_2010Q2":350.25261,"_2010Q1":577.47958,"_2009Q4":400.75274,"_2009Q3":194.40573,"_2009Q2":344.36779,"_2009Q1":89.13106,"_2008Q4":88.02946,"_2008Q3":263.58868,"_2008Q2":474.71578,"_2008Q1":213.13344,"_2007Q4":90.07849,"_2007Q3":885.62552,"_2007Q2":347.56692,"_2007Q1":321.16573,"_2006Q4":110.9186,"_2006Q3":197.52523,"_2006Q2":206.66735,"_2006Q1":146.85983,"_2005Q4":210.19252,"_2005Q3":315.34268,"_2005Q2":343.99689,"_2005Q1":463.02791,"_2004Q4":472.21375,"_2004Q3":291.11975,"_2004Q2":330.65777,"_2004Q1":206.6177,"_2003Q4":94.821,"_2003Q3":288.49,"_2003Q2":248.023,"_2003Q1":265.205,"_2002Q4":171.21,"_2002Q3":383.981,"_2002Q2":312.453,"_2002Q1":255.85,"_2001Q4":163.122,"_2001Q3":272.576,"_2001Q2":336.255,"_2001Q1":428.381}},{"p":"ELEC.GEN.SUN-TX-99.Q","v":{"_2015Q4":98.60623,"_2015Q3":137.23118,"_2015Q2":111.44808,"_2015Q1":75.77073,"_2014Q4":79.49559,"_2014Q3":95.72628,"_2014Q2":70.90765,"_2014Q1":36.22179,"_2013Q4":36.62288,"_2013Q3":49.75205,"_2013Q2":43.54454,"_2013Q1":33.09346,"_2012Q4":32.95652,"_2012Q3":36.20315,"_2012Q2":35.04549,"_2012Q1":14.05983,"_2011Q4":4.43348,"_2011Q3":9.59133,"_2011Q2":10.33091,"_2011Q1":4.2833,"_2010Q4":8.208,"_2010Q3":0,"_2010Q2":0,"_2010Q1":0,"_2002Q4":0,"_2002Q3":0,"_2002Q2":0,"_2002Q1":0,"_2001Q4":0,"_2001Q3":-0.005,"_2001Q2":0,"_2001Q1":0}},{"p":"ELEC.GEN.WND-TX-99.Q","v":{"_2015Q4":13440.68953,"_2015Q3":10726.17736,"_2015Q2":11944.37706,"_2015Q1":8848.17584,"_2014Q4":10297.18942,"_2014Q3":7640.77488,"_2014Q2":11724.52878,"_2014Q1":10342.63044,"_2013Q4":8788.39197,"_2013Q3":6532.87165,"_2013Q2":11102.92058,"_2013Q1":9449.43675,"_2012Q4":8630.811,"_2012Q3":6160.6001,"_2012Q2":8425.57488,"_2012Q1":8997.18668,"_2011Q4":8010.91499,"_2011Q3":5733.72061,"_2011Q2":9522.70628,"_2011Q1":7280.74535,"_2010Q4":7190.34699,"_2010Q3":5109.85171,"_2010Q2":7630.73821,"_2010Q1":6320.47266,"_2009Q4":5513.85942,"_2009Q3":4070.19216,"_2009Q2":5161.07883,"_2009Q1":5280.97261,"_2008Q4":4778.73209,"_2008Q3":2507.14063,"_2008Q2":5027.85818,"_2008Q1":3911.29079,"_2007Q4":3024.75525,"_2007Q3":2044.56939,"_2007Q2":1971.16764,"_2007Q1":1965.89072,"_2006Q4":2102.82934,"_2006Q3":1330.9971,"_2006Q2":1724.54337,"_2006Q1":1512.1452,"_2005Q4":1214.32544,"_2005Q3":884.82632,"_2005Q2":1267.66191,"_2005Q1":870.39533,"_2004Q4":763.85009,"_2004Q3":590.45535,"_2004Q2":986.55095,"_2004Q1":796.83361,"_2003Q4":682.128,"_2003Q3":628.456,"_2003Q2":682.713,"_2003Q1":576.555,"_2002Q4":547.668,"_2002Q3":629.221,"_2002Q2":759.052,"_2002Q1":720.163,"_2001Q4":355.423,"_2001Q3":207.923,"_2001Q2":310.955,"_2001Q1":313.209}},{"p":"ELEC.GEN.SPV-TX-99.Q","v":{"_2015Q4":98.60623,"_2015Q3":137.23118,"_2015Q2":111.44808,"_2015Q1":75.77073,"_2014Q4":79.49559,"_2014Q3":95.72628,"_2014Q2":70.90765,"_2014Q1":36.22179,"_2013Q4":36.62288,"_2013Q3":49.75205,"_2013Q2":43.54454,"_2013Q1":33.09346,"_2012Q4":32.95652,"_2012Q3":36.20315,"_2012Q2":35.04549,"_2012Q1":11.01083,"_2011Q4":4.43348,"_2011Q3":9.59133,"_2011Q2":10.33091,"_2011Q1":4.2833,"_2010Q4":8.208,"_2010Q3":0,"_2010Q2":0,"_2010Q1":0}},{"p":"ELEC.GEN.STH-TX-99.Q","v":{"_2012Q1":3.049}},{"p":"ELEC.GEN.WAS-TX-99.Q","v":{"_2015Q4":195.24813,"_2015Q3":180.32627,"_2015Q2":177.23594,"_2015Q1":181.19979,"_2014Q4":168.05915,"_2014Q3":139.09255,"_2014Q2":194.37581,"_2014Q1":231.92624,"_2013Q4":161.12169,"_2013Q3":163.14498,"_2013Q2":150.71758,"_2013Q1":255.24532,"_2012Q4":217.00946,"_2012Q3":153.40817,"_2012Q2":123.15093,"_2012Q1":206.70623,"_2011Q4":204.93395,"_2011Q3":143.36004,"_2011Q2":129.26394,"_2011Q1":200.5688,"_2010Q4":166.8885,"_2010Q3":123.10971,"_2010Q2":122.39798,"_2010Q1":132.74023,"_2009Q4":125.06548,"_2009Q3":103.83876,"_2009Q2":91.31877,"_2009Q1":108.85239,"_2008Q4":129.02191,"_2008Q3":114.88379,"_2008Q2":94.38919,"_2008Q1":100.17852,"_2007Q4":146.74994,"_2007Q3":82.52332,"_2007Q2":52.73622,"_2007Q1":85.05565,"_2006Q4":65.99163,"_2006Q3":64.10895,