{"p":"UT","c":[{"p":"ELEC.GEN.OOG-UT-99.Q","c":{"2015Q4":0,"2015Q3":0,"2015Q2":0,"2015Q1":0,"2014Q4":0,"2014Q3":0,"2014Q2":0,"2014Q1":0,"2013Q4":0.48814,"2013Q3":0.31781,"2013Q2":0.45026,"2013Q1":0.51407,"2012Q4":1.00631,"2012Q3":0.86027,"2012Q2":0.8764,"2012Q1":1.18816,"2011Q4":9.06644,"2011Q3":4.61235,"2011Q2":8.14026,"2011Q1":10.81921,"2010Q4":9.45888,"2010Q3":8.0774,"2010Q2":7.77638,"2010Q1":10.90745,"2009Q4":7.91488,"2009Q3":5.25843,"2009Q2":6.89821,"2009Q1":7.861,"2008Q4":8.96256,"2008Q3":6.97868,"2008Q2":8.10527,"2008Q1":11.7416,"2007Q4":0,"2007Q3":0,"2007Q2":0,"2007Q1":0,"2006Q4":0,"2006Q3":0,"2006Q2":0,"2006Q1":0,"2005Q4":0,"2005Q3":0,"2005Q2":0,"2005Q1":0,"2004Q4":0,"2004Q3":0,"2004Q2":0,"2004Q1":0,"2003Q4":0,"2003Q3":0,"2003Q2":0,"2003Q1":0,"2002Q4":0,"2002Q3":0,"2002Q2":0,"2002Q1":0}},{"p":"ELEC.GEN.AOR-UT-99.Q","c":{"2015Q4":307.42957,"2015Q3":335.92705,"2015Q2":313.69751,"2015Q1":268.21861,"2014Q4":306.75385,"2014Q3":286.2574,"2014Q2":337.44441,"2014Q1":325.84251,"2013Q4":245.92087,"2013Q3":260.5193,"2013Q2":235.19988,"2013Q1":190.10018,"2012Q4":280.63443,"2012Q3":221.15778,"2012Q2":323.46629,"2012Q1":274.46545,"2011Q4":236.32123,"2011Q3":231.19721,"2011Q2":268.83249,"2011Q1":224.6339,"2010Q4":176.04022,"2010Q3":217.43612,"2010Q2":210.56576,"2010Q1":176.9251,"2009Q4":185.64532,"2009Q3":119.94232,"2009Q2":87.01475,"2009Q1":93.93358,"2008Q4":88.88375,"2008Q3":84.67689,"2008Q2":72.30652,"2008Q1":55.99527,"2007Q4":63.43659,"2007Q3":51.21761,"2007Q2":24.75042,"2007Q1":55.55086,"2006Q4":55.87927,"2006Q3":54.25782,"2006Q2":46.91009,"2006Q1":48.42885,"2005Q4":47.09045,"2005Q3":50.30301,"2005Q2":48.548,"2005Q1":42.80898,"2004Q4":50.68555,"2004Q3":47.52587,"2004Q2":51.02385,"2004Q1":49.46222,"2003Q4":49.92087,"2003Q3":50.06934,"2003Q2":51.48664,"2003Q1":52.06971,"2002Q4":62.15472,"2002Q3":52.22232,"2002Q2":52.53552,"2002Q1":57.00976,"2001Q4":41.65098,"2001Q3":46.39807,"2001Q2":29.08764,"2001Q1":41.10125}},{"p":"ELEC.GEN.HYC-UT-99.Q","c":{"2015Q4":null,"2015Q3":null,"2015Q2":156.60119,"2015Q1":182.43472,"2014Q4":122.63723,"2014Q3":165.2668,"2014Q2":211.28218,"2014Q1":133.63679,"2013Q4":93.52953,"2013Q3":130.4805,"2013Q2":172.84653,"2013Q1":108.13944,"2012Q4":136.87219,"2012Q3":197.04193,"2012Q2":251.90372,"2012Q1":161.96816,"2011Q4":216.61974,"2011Q3":352.39025,"2011Q2":376.67868,"2011Q1":284.47634,"2010Q4":144.94674,"2010Q3":204.3488,"2010Q2":210.73155,"2010Q1":135.48468,"2009Q4":167.53839,"2009Q3":214.30124,"2009Q2":274.85845,"2009Q1":178.55913,"2008Q4":125.50273,"2008Q3":192.88816,"2008Q2":217.33317,"2008Q1":132.35979,"2007Q4":100.99181,"2007Q3":114.40133,"2007Q2":184.93935,"2007Q1":138.44955,"2006Q4":142.07774,"2006Q3":151.88959,"2006Q2":259.09068,"2006Q1":193.72501,"2005Q4":175.76434,"2005Q3":191.84703,"2005Q2":266.53941,"2005Q1":150.31221,"2004Q4":92.02444,"2004Q3":118.00953,"2004Q2":142.04949,"2004Q1":97.76455,"2003Q4":95.594,"2003Q3":106.162,"2003Q2":122.601,"2003Q1":96.981,"2002Q4":96.52,"2002Q3":110.947,"2002Q2":149.364,"2002Q1":100.901,"2001Q4":99.507,"2001Q3":117.523,"2001Q2":168.582,"2001Q1":122.794}},{"p":"ELEC.GEN.SUN-UT-99.Q","c":{"2015Q4":13.85896,"2015Q3":null,"2015Q2":null,"2015Q1":null,"2014Q4":0.47635,"2014Q3":0.64743,"2014Q2":0.66675,"2014Q1":0.44447,"2013Q4":0.58052,"2013Q3":0.56515,"2013Q2":0.57106,"2013Q1":0.38326,"2012Q4":0.57014,"2012Q3":0.63935,"2012Q2":0.40951}},{"p":"ELEC.GEN.WND-UT-99.Q","c":{"2015Q4":144.80048,"2015Q3":183.95708,"2015Q2":175.62366,"2015Q1":117.04214,"2014Q4":145.57026,"2014Q3":146.0893,"2014Q2":196.6846,"2014Q1":171.60685,"2013Q4":120.94009,"2013Q3":162.49555,"2013Q2":163.81523,"2013Q1":92.55513,"2012Q4":174.84985,"2012Q3":126.93768,"2012Q2":232.96319,"2012Q1":169.16029,"2011Q4":132.30148,"2011Q3":141.18421,"2011Q2":169.73591,"2011Q1":129.5684,"2010Q4":93.32945,"2010Q3":133.52376,"2010Q2":129.94253,"2010Q1":90.88426,"2009Q4":97.70353,"2009Q3":38.16495,"2009Q2":9.883,"2009Q1":13.78536,"2008Q4":15.47463,"2008Q3":8.42538,"2008Q2":0,"2008Q1":0}},{"p":"ELEC.GEN.SPV-UT-99.Q","c":{"2015Q4":13.85896,"2015Q3":null,"2015Q2":null,"2015Q1":null,"2014Q4":0.47635,"2014Q3":0.64743,"2014Q2":0.66675,"2014Q1":0.44447,"2013Q4":0.58052,"2013Q3":0.56515,"2013Q2":0.57106,"2013Q1":0.38326,"2012Q4":0.57014,"2012Q3":0.63935,"2012Q2":0.40951}},{"p":"ELEC.GEN.WAS-UT-99.Q","c":{"2015Q4":18.56244,"2015Q3":18.14875,"2015Q2":17.84652,"2015Q1":16.98397,"2014Q4":18.00574,"2014Q3":18.28836,"2014Q2":18.36823,"2014Q1":17.86783,"2013Q4":18.60666,"2013Q3":17.96518,"2013Q2":17.48691,"2013Q1":16.86749,"2012Q4":15.69122,"2012Q3":14.89714,"2012Q2":14.64719,"2012Q1":14.3204,"2011Q4":15.14409,"2011Q3":14.97887,"2011Q2":14.24769,"2011Q1":13.63621,"2010Q4":14.39293,"2010Q3":14.42467,"2010Q2":14.18993,"2010Q1":13.33056,"2009Q4":12.80979,"2009Q3":13.13537,"2009Q2":12.80576,"2009Q1":9.12722,"2008Q4":5.91914,"2008Q3":6.0445,"2008Q2":6.02152,"2008Q1":5.70027,"2007Q4":8.40559,"2007Q3":7.50061,"2007Q2":8.07042,"2007Q1":7.05386,"2006Q4":5.79627,"2006Q3":5.08582,"2006Q2":2.53509,"2006Q1":1.45085,"2005Q4":0.94445,"2005Q3":1.02301,"2005Q2":0.985,"2005Q1":0.99598,"2004Q4":0.95555,"2004Q3":0.95587,"2004Q2":0.95585,"2004Q1":0.95422,"2003Q4":1.27287,"2003Q3":1.38134,"2003Q2":1.26264,"2003Q1":1.16471,"2002Q4":1.70072,"2002Q3":1.27232,"2002Q2":1.54952,"2002Q1":1.74776,"2001Q4":1.71798,"2001Q3":0.99807,"2001Q2":1.39764,"2001Q1":1.38225}},{"p":"ELEC.GEN.TSN-UT-99.Q","c":{"2015Q4":31.27307,"2015Q3":null,"2015Q2":null,"2015Q1":null,"2014Q4":9.83552,"2014Q3":12.21234,"2014Q2":10.77304,"2014Q1":6.68142}},{"p":"ELEC.GEN.DPV-UT-99.Q","c":{"2015Q4":17.41411,"2015Q3":20.34639,"2015Q2":17.79242,"2015Q1":10.74355,"2014Q4":9.35917,"2014Q3":11.56491,"2014Q2":10.10629,"2014Q1":6.23695}},{"p":"ELEC.GEN.ALL-UT-99.Q","c":{"2015Q4":10165.92035,"2015Q3":11480.29974,"2015Q2":10128.73131,"2015Q1":10269.10644,"2014Q4":11054.18332,"2014Q3":12337.51876,"2014Q2":9988.19711,"2014Q1":10404.6267,"2013Q4":11196.99381,"2013Q3":11479.46963,"2013Q2":9716.63449,"2013Q1":10123.65289,"2012Q4":10208.71452,"2012Q3":11067.04702,"2012Q2":9136.30183,"2012Q1":8990.8974,"2011Q4":10211.43317,"2011Q3":11553.96182,"2011Q2":9402.71367,"2011Q1":9668.04135,"2010Q4":9087.05795,"2010Q3":11456.71706,"2010Q2":10885.48821,"2010Q1":10820.09139,"2009Q4":10936.77539,"2009Q3":11510.80361,"2009Q2":10032.9618,"2009Q1":11062.40479,"2008Q4":11743.17694,"2008Q3":12384.51696,"2008Q2":10835.2109,"2008Q1":11615.85784,"2007Q4":11763.30715,"2007Q3":12136.27944,"2007Q2":9909.87274,"2007Q1":11563.11539,"2006Q4":10619.08353,"2006Q3":11197.6025,"2006Q2":9346.4261,"2006Q1":10100.21178,"2005Q4":9759.25335,"2005Q3":10159.45104,"2005Q2":9318.90322,"2005Q1":8927.52326,"2004Q4":9946.45978,"2004Q3":9983.89441,"2004Q2":9649.39716,"2004Q1":8632.22612,"2003Q4":9520.055,"2003Q3":10338.107,"2003Q2":9448.746,"2003Q1":8716.759,"2002Q4":9256.55,"2002Q3":9792.15,"2002Q2":8744.871,"2002Q1":8814.433,"2001Q4":9242.143,"2001Q3":9745.649,"2001Q2":8677.555,"2001Q1":8188.403}},{"p":"ELEC.GEN.COW-UT-99.Q","c":{"2015Q4":7613.94881,"2015Q3":8546.7697,"2015Q2":7590.25874,"2015Q1":8223.21462,"2014Q4":8532.12555,"2014Q3":9214.10423,"2014Q2":7472.51792,"2014Q1":8157.93997,"2013Q4":8920.88307,"2013Q3":9097.52051,"2013Q2":8013.51946,"2013Q1":8253.03379,"2012Q4":8408.99268,"2012Q3":8752.27306,"2012Q2":6834.10614,"2012Q1":6803.74858,"2011Q4":8319.52346,"2011Q3":9365.49131,"2011Q2":7648.31882,"2011Q1":7804.32967,"2010Q4":7110.61627,"2010Q3":9206.58051,"2010Q2":9043.25727,"2010Q1":8696.8109,"2009Q4":9192.93842,"2009Q3":9303.34636,"2009Q2":8193.5147,"2009Q1":8836.32688,"2008Q4":9678.35517,"2008Q3":10040.37244,"2008Q2":8910.7952,"2008Q1":9390.84377,"2007Q4":9409.62827,"2007Q3":10104.7349,"2007Q2":8176.87493,"2007Q1":9479.55607,"2006Q4":9198.06236,"2006Q3":9678.84227,"2006Q2":8474.55963,"2006Q1":9504.08574,"2005Q4":9296.71286,"2005Q3":9377.97668,"2005Q2":8763.54074,"2005Q1":8532.17472,"2004Q4":9624.86652,"2004Q3":9421.60966,"2004Q2":9188.78996,"2004Q1":8382.58787,"2003Q4":9200.948,"2003Q3":9694.049,"2003Q2":8910.136,"2003Q1":8173.515,"2002Q4":8648.128,