{"p":"UT","c":[{"p":"ELEC.GEN.OOG-UT-99.Q","v":{"_2015Q4":0,"_2015Q3":0,"_2015Q2":0,"_2015Q1":0,"_2014Q4":0,"_2014Q3":0,"_2014Q2":0,"_2014Q1":0,"_2013Q4":0.48814,"_2013Q3":0.31781,"_2013Q2":0.45026,"_2013Q1":0.51407,"_2012Q4":1.00631,"_2012Q3":0.86027,"_2012Q2":0.8764,"_2012Q1":1.18816,"_2011Q4":9.06644,"_2011Q3":4.61235,"_2011Q2":8.14026,"_2011Q1":10.81921,"_2010Q4":9.45888,"_2010Q3":8.0774,"_2010Q2":7.77638,"_2010Q1":10.90745,"_2009Q4":7.91488,"_2009Q3":5.25843,"_2009Q2":6.89821,"_2009Q1":7.861,"_2008Q4":8.96256,"_2008Q3":6.97868,"_2008Q2":8.10527,"_2008Q1":11.7416,"_2007Q4":0,"_2007Q3":0,"_2007Q2":0,"_2007Q1":0,"_2006Q4":0,"_2006Q3":0,"_2006Q2":0,"_2006Q1":0,"_2005Q4":0,"_2005Q3":0,"_2005Q2":0,"_2005Q1":0,"_2004Q4":0,"_2004Q3":0,"_2004Q2":0,"_2004Q1":0,"_2003Q4":0,"_2003Q3":0,"_2003Q2":0,"_2003Q1":0,"_2002Q4":0,"_2002Q3":0,"_2002Q2":0,"_2002Q1":0}},{"p":"ELEC.GEN.AOR-UT-99.Q","v":{"_2015Q4":307.42957,"_2015Q3":335.92705,"_2015Q2":313.69751,"_2015Q1":268.21861,"_2014Q4":306.75385,"_2014Q3":286.2574,"_2014Q2":337.44441,"_2014Q1":325.84251,"_2013Q4":245.92087,"_2013Q3":260.5193,"_2013Q2":235.19988,"_2013Q1":190.10018,"_2012Q4":280.63443,"_2012Q3":221.15778,"_2012Q2":323.46629,"_2012Q1":274.46545,"_2011Q4":236.32123,"_2011Q3":231.19721,"_2011Q2":268.83249,"_2011Q1":224.6339,"_2010Q4":176.04022,"_2010Q3":217.43612,"_2010Q2":210.56576,"_2010Q1":176.9251,"_2009Q4":185.64532,"_2009Q3":119.94232,"_2009Q2":87.01475,"_2009Q1":93.93358,"_2008Q4":88.88375,"_2008Q3":84.67689,"_2008Q2":72.30652,"_2008Q1":55.99527,"_2007Q4":63.43659,"_2007Q3":51.21761,"_2007Q2":24.75042,"_2007Q1":55.55086,"_2006Q4":55.87927,"_2006Q3":54.25782,"_2006Q2":46.91009,"_2006Q1":48.42885,"_2005Q4":47.09045,"_2005Q3":50.30301,"_2005Q2":48.548,"_2005Q1":42.80898,"_2004Q4":50.68555,"_2004Q3":47.52587,"_2004Q2":51.02385,"_2004Q1":49.46222,"_2003Q4":49.92087,"_2003Q3":50.06934,"_2003Q2":51.48664,"_2003Q1":52.06971,"_2002Q4":62.15472,"_2002Q3":52.22232,"_2002Q2":52.53552,"_2002Q1":57.00976,"_2001Q4":41.65098,"_2001Q3":46.39807,"_2001Q2":29.08764,"_2001Q1":41.10125}},{"p":"ELEC.GEN.HYC-UT-99.Q","v":{"_2015Q4":null,"_2015Q3":null,"_2015Q2":156.60119,"_2015Q1":182.43472,"_2014Q4":122.63723,"_2014Q3":165.2668,"_2014Q2":211.28218,"_2014Q1":133.63679,"_2013Q4":93.52953,"_2013Q3":130.4805,"_2013Q2":172.84653,"_2013Q1":108.13944,"_2012Q4":136.87219,"_2012Q3":197.04193,"_2012Q2":251.90372,"_2012Q1":161.96816,"_2011Q4":216.61974,"_2011Q3":352.39025,"_2011Q2":376.67868,"_2011Q1":284.47634,"_2010Q4":144.94674,"_2010Q3":204.3488,"_2010Q2":210.73155,"_2010Q1":135.48468,"_2009Q4":167.53839,"_2009Q3":214.30124,"_2009Q2":274.85845,"_2009Q1":178.55913,"_2008Q4":125.50273,"_2008Q3":192.88816,"_2008Q2":217.33317,"_2008Q1":132.35979,"_2007Q4":100.99181,"_2007Q3":114.40133,"_2007Q2":184.93935,"_2007Q1":138.44955,"_2006Q4":142.07774,"_2006Q3":151.88959,"_2006Q2":259.09068,"_2006Q1":193.72501,"_2005Q4":175.76434,"_2005Q3":191.84703,"_2005Q2":266.53941,"_2005Q1":150.31221,"_2004Q4":92.02444,"_2004Q3":118.00953,"_2004Q2":142.04949,"_2004Q1":97.76455,"_2003Q4":95.594,"_2003Q3":106.162,"_2003Q2":122.601,"_2003Q1":96.981,"_2002Q4":96.52,"_2002Q3":110.947,"_2002Q2":149.364,"_2002Q1":100.901,"_2001Q4":99.507,"_2001Q3":117.523,"_2001Q2":168.582,"_2001Q1":122.794}},{"p":"ELEC.GEN.SUN-UT-99.Q","v":{"_2015Q4":13.85896,"_2015Q3":null,"_2015Q2":null,"_2015Q1":null,"_2014Q4":0.47635,"_2014Q3":0.64743,"_2014Q2":0.66675,"_2014Q1":0.44447,"_2013Q4":0.58052,"_2013Q3":0.56515,"_2013Q2":0.57106,"_2013Q1":0.38326,"_2012Q4":0.57014,"_2012Q3":0.63935,"_2012Q2":0.40951}},{"p":"ELEC.GEN.WND-UT-99.Q","v":{"_2015Q4":144.80048,"_2015Q3":183.95708,"_2015Q2":175.62366,"_2015Q1":117.04214,"_2014Q4":145.57026,"_2014Q3":146.0893,"_2014Q2":196.6846,"_2014Q1":171.60685,"_2013Q4":120.94009,"_2013Q3":162.49555,"_2013Q2":163.81523,"_2013Q1":92.55513,"_2012Q4":174.84985,"_2012Q3":126.93768,"_2012Q2":232.96319,"_2012Q1":169.16029,"_2011Q4":132.30148,"_2011Q3":141.18421,"_2011Q2":169.73591,"_2011Q1":129.5684,"_2010Q4":93.32945,"_2010Q3":133.52376,"_2010Q2":129.94253,"_2010Q1":90.88426,"_2009Q4":97.70353,"_2009Q3":38.16495,"_2009Q2":9.883,"_2009Q1":13.78536,"_2008Q4":15.47463,"_2008Q3":8.42538,"_2008Q2":0,"_2008Q1":0}},{"p":"ELEC.GEN.SPV-UT-99.Q","v":{"_2015Q4":13.85896,"_2015Q3":null,"_2015Q2":null,"_2015Q1":null,"_2014Q4":0.47635,"_2014Q3":0.64743,"_2014Q2":0.66675,"_2014Q1":0.44447,"_2013Q4":0.58052,"_2013Q3":0.56515,"_2013Q2":0.57106,"_2013Q1":0.38326,"_2012Q4":0.57014,"_2012Q3":0.63935,"_2012Q2":0.40951}},{"p":"ELEC.GEN.WAS-UT-99.Q","v":{"_2015Q4":18.56244,"_2015Q3":18.14875,"_2015Q2":17.84652,"_2015Q1":16.98397,"_2014Q4":18.00574,"_2014Q3":18.28836,"_2014Q2":18.36823,"_2014Q1":17.86783,"_2013Q4":18.60666,"_2013Q3":17.96518,"_2013Q2":17.48691,"_2013Q1":16.86749,"_2012Q4":15.69122,"_2012Q3":14.89714,"_2012Q2":14.64719,"_2012Q1":14.3204,"_2011Q4":15.14409,"_2011Q3":14.97887,"_2011Q2":14.24769,"_2011Q1":13.63621,"_2010Q4":14.39293,"_2010Q3":14.42467,"_2010Q2":14.18993,"_2010Q1":13.33056,"_2009Q4":12.80979,"_2009Q3":13.13537,"_2009Q2":12.80576,"_2009Q1":9.12722,"_2008Q4":5.91914,"_2008Q3":6.0445,"_2008Q2":6.02152,"_2008Q1":5.70027,"_2007Q4":8.40559,"_2007Q3":7.50061,"_2007Q2":8.07042,"_2007Q1":7.05386,"_2006Q4":5.79627,"_2006Q3":5.08582,"_2006Q2":2.53509,"_2006Q1":1.45085,"_2005Q4":0.94445,"_2005Q3":1.02301,"_2005Q2":0.985,"_2005Q1":0.99598,"_2004Q4":0.95555,"_2004Q3":0.95587,"_2004Q2":0.95585,"_2004Q1":0.95422,"_2003Q4":1.27287,"_2003Q3":1.38134,"_2003Q2":1.26264,"_2003Q1":1.16471,"_2002Q4":1.70072,"_2002Q3":1.27232,"_2002Q2":1.54952,"_2002Q1":1.74776,"_2001Q4":1.71798,"_2001Q3":0.99807,"_2001Q2":1.39764,"_2001Q1":1.38225}},{"p":"ELEC.GEN.TSN-UT-99.Q","v":{"_2015Q4":31.27307,"_2015Q3":null,"_2015Q2":null,"_2015Q1":null,"_2014Q4":9.83552,"_2014Q3":12.21234,"_2014Q2":10.77304,"_2014Q1":6.68142}},{"p":"ELEC.GEN.DPV-UT-99.Q","v":{"_2015Q4":17.41411,"_2015Q3":20.34639,"_2015Q2":17.79242,"_2015Q1":10.74355,"_2014Q4":9.35917,"_2014Q3":11.56491,"_2014Q2":10.10629,"_2014Q1":6.23695}},{"p":"ELEC.GEN.ALL-UT-99.Q","v":{"_2015Q4":10165.92035,"_2015Q3":11480.29974,"_2015Q2":10128.73131,"_2015Q1":10269.10644,"_2014Q4":11054.18332,"_2014Q3":12337.51876,"_2014Q2":9988.19711,"_2014Q1":10404.6267,"_2013Q4":11196.99381,"_2013Q3":11479.46963,"_2013Q2":9716.63449,"_2013Q1":10123.65289,"_2012Q4":10208.71452,"_2012Q3":11067.04702,"_2012Q2":9136.30183,"_2012Q1":8990.8974,"_2011Q4":10211.43317,"_2011Q3":11553.96182,"_2011Q2":9402.71367,"_2011Q1":9668.04135,"_2010Q4":9087.05795,"_2010Q3":11456.71706,"_2010Q2":10885.48821,"_2010Q1":10820.09139,"_2009Q4":10936.77539,"_2009Q3":11510.80361,"_2009Q2":10032.9618,"_2009Q1":11062.40479,"_2008Q4":11743.17694,"_2008Q3":12384.51696,"_2008Q2":10835.2109,"_2008Q1":11615.85784,"_2007Q4":11763.30715,"_2007Q3":12136.27944,"_2007Q2":9909.87274,"_2007Q1":11563.11539,"_2006Q4":10619.08353,"_2006Q3":11197.6025,"_2006Q2":9346.4261,"_2006Q1":10100.21178,"_2005Q4":9759.25335,"_2005Q3":10159.45104,"_2005Q2":9318.90322,"_2005Q1":8927.52326,"_2004Q4":9946.45978,"_2004Q3":9983.89441,"_2004Q2":9649.39716,"_2004Q1":8632.22612,"_2003Q4":9520.055,"_2003Q3":10338.107,"_2003Q2":9448.746,"_2003Q1":8716.759,"_2002Q4":9256.55,"_2002Q3":9792.15,"_2002Q2":8744.871,"_2002Q1":8814.433,"_2001Q4":9242.143,"_2001Q3":9745.649,"_2001Q2":8677.555,"_2001Q1":8188.403}},{"p":"ELEC.GEN.COW-UT-99.Q","v":{"_2015Q4":7613.94881,"_2015Q3":8546.7697,"_2015Q2":7590.25874,"_2015Q1":8223.21462,"_2014Q4":8532.12555,"_2014Q3":9214.10423,"_2014Q2":7472.51792,"_2014Q1":8157.93997,"_2013Q4":8920.88307,"_2013Q3":9097.52051,"_2013Q2":8013.51946,"_2013Q1":8253.03379,"_2012Q4":8408.99268,"_2012Q3":8752.27306,"_2012Q2":6834.10614,"_2012Q1":6803.74858,"_2011Q4":8319.52346,"_2011Q3":9365.49131,"_2011Q2":7648.31882,"_2011Q1":7804.32967,"_2010Q4":7110.61627,"_2010Q3":9206.58051,"_2010Q2":9043.25727,"_2010Q1":8696.8109,"_2009Q4":9192.93842,"_2009Q3":9303.34636,"_2009Q2":8193.5147,"_2009Q1":8836.32688,"_2008Q4":9678.35517,"_2008Q3":10040.37244,"_2008Q2":8910.7952,"_2008Q1":9390.84377,