{"p":"VA","c":[{"p":"ELEC.GEN.NUC-VA-99.Q","v":{"_2015Q4":6195.809,"_2015Q3":7484.485,"_2015Q2":7022.274,"_2015Q1":7357.79,"_2014Q4":7618.899,"_2014Q3":7408.444,"_2014Q2":7302.834,"_2014Q1":7890.8,"_2013Q4":7137.945,"_2013Q3":7426.84,"_2013Q2":6835.498,"_2013Q1":7925.948,"_2012Q4":7070.403,"_2012Q3":7895.021,"_2012Q2":6360.523,"_2012Q1":7397.443,"_2011Q4":5733.768,"_2011Q3":6094.207,"_2011Q2":6292.75,"_2011Q1":7427.272,"_2010Q4":5804.418,"_2010Q3":6958.043,"_2010Q2":6601.126,"_2010Q1":7208.312,"_2009Q4":6739.707,"_2009Q3":7543.216,"_2009Q2":6996.097,"_2009Q1":6933.232,"_2008Q4":6542.491,"_2008Q3":7160.934,"_2008Q2":6901.798,"_2008Q1":7325.541,"_2007Q4":6311.557,"_2007Q3":6909.512,"_2007Q2":6968.28,"_2007Q1":7079.126,"_2006Q4":6549.618,"_2006Q3":7577.201,"_2006Q2":6623.336,"_2006Q1":6843.361,"_2005Q4":6530.491,"_2005Q3":7173.959,"_2005Q2":6805.294,"_2005Q1":7408.737,"_2004Q4":6860.208,"_2004Q3":7242.231,"_2004Q2":6741.357,"_2004Q1":7471.498,"_2003Q4":6278.52,"_2003Q3":7337.409,"_2003Q2":5774.069,"_2003Q1":5426.024,"_2002Q4":5622.436,"_2002Q3":7133.695,"_2002Q2":7176.89,"_2002Q1":7413.142,"_2001Q4":4971.702,"_2001Q3":6837.243,"_2001Q2":7107.193,"_2001Q1":6842.992}},{"p":"ELEC.GEN.OOG-VA-99.Q","v":{"_2005Q4":0,"_2005Q3":0,"_2005Q2":0,"_2005Q1":0,"_2004Q4":0,"_2004Q3":0,"_2004Q2":0,"_2004Q1":0,"_2003Q4":0,"_2003Q3":2.959,"_2003Q2":0,"_2003Q1":0,"_2002Q4":0,"_2002Q3":0,"_2002Q2":0,"_2002Q1":0,"_2001Q4":0,"_2001Q3":0,"_2001Q2":0,"_2001Q1":0}},{"p":"ELEC.GEN.AOR-VA-99.Q","v":{"_2015Q4":954.40292,"_2015Q3":1151.34835,"_2015Q2":991.61519,"_2015Q1":979.09791,"_2014Q4":1052.15929,"_2014Q3":1025.03601,"_2014Q2":885.18812,"_2014Q1":889.41984,"_2013Q4":888.7091,"_2013Q3":782.10935,"_2013Q2":636.85389,"_2013Q1":598.26919,"_2012Q4":606.13703,"_2012Q3":641.69539,"_2012Q2":562.63639,"_2012Q1":547.97479,"_2011Q4":494.63014,"_2011Q3":595.71681,"_2011Q2":551.67117,"_2011Q1":553.62245,"_2010Q4":538.26827,"_2010Q3":586.17883,"_2010Q2":575.71488,"_2010Q1":519.4871,"_2009Q4":585.88704,"_2009Q3":629.91598,"_2009Q2":595.30808,"_2009Q1":606.40811,"_2008Q4":664.75546,"_2008Q3":707.47648,"_2008Q2":674.26751,"_2008Q1":651.96007,"_2007Q4":653.41112,"_2007Q3":691.10409,"_2007Q2":612.70469,"_2007Q1":608.35131,"_2006Q4":588.34409,"_2006Q3":622.97859,"_2006Q2":604.19631,"_2006Q1":642.93113,"_2005Q4":647.84163,"_2005Q3":651.491,"_2005Q2":589.41843,"_2005Q1":609.14431,"_2004Q4":637.60178,"_2004Q3":646.06442,"_2004Q2":562.96798,"_2004Q1":585.72275,"_2003Q4":557.97833,"_2003Q3":550.61471,"_2003Q2":556.55826,"_2003Q1":596.20877,"_2002Q4":581.68541,"_2002Q3":558.78394,"_2002Q2":494.96048,"_2002Q1":435.84154,"_2001Q4":455.4113,"_2001Q3":448.9775,"_2001Q2":415.70104,"_2001Q1":426.98215}},{"p":"ELEC.GEN.HYC-VA-99.Q","v":{"_2015Q4":312.14268,"_2015Q3":183.38249,"_2015Q2":243.36162,"_2015Q1":228.45995,"_2014Q4":165.7724,"_2014Q3":188.28713,"_2014Q2":294.74219,"_2014Q1":306.3862,"_2013Q4":185.03091,"_2013Q3":360.24232,"_2013Q2":420.60863,"_2013Q1":287.78766,"_2012Q4":160.69776,"_2012Q3":275.02677,"_2012Q2":335.28928,"_2012Q1":272.7602,"_2011Q4":243.98225,"_2011Q3":271.76551,"_2011Q2":403.69376,"_2011Q1":290.94749,"_2010Q4":258.30778,"_2010Q3":288.80252,"_2010Q2":356.73053,"_2010Q1":596.34106,"_2009Q4":475.41003,"_2009Q3":290.32218,"_2009Q2":402.29829,"_2009Q1":310.59911,"_2008Q4":193.65578,"_2008Q3":333.72843,"_2008Q2":257.82278,"_2008Q1":225.78569,"_2007Q4":179.07999,"_2007Q3":317.06476,"_2007Q2":318.84262,"_2007Q1":433.27637,"_2006Q4":357.90615,"_2006Q3":342.07968,"_2006Q2":324.66258,"_2006Q1":326.54556,"_2005Q4":329.96823,"_2005Q3":352.98137,"_2005Q2":384.94837,"_2005Q1":416.45505,"_2004Q4":440.32311,"_2004Q3":378.78453,"_2004Q2":382.60509,"_2004Q1":381.33756,"_2003Q4":440.448,"_2003Q3":456.014,"_2003Q2":485.974,"_2003Q1":399.134,"_2002Q4":284.119,"_2002Q3":190.567,"_2002Q2":201.745,"_2002Q1":191.786,"_2001Q4":171.645,"_2001Q3":253.803,"_2001Q2":335.88,"_2001Q1":252.895}},{"p":"ELEC.GEN.HPS-VA-99.Q","v":{"_2015Q4":-185.745,"_2015Q3":-409.153,"_2015Q2":-263.339,"_2015Q1":-178.145,"_2014Q4":-248.698,"_2014Q3":-443.714,"_2014Q2":-342.736,"_2014Q1":-260.206,"_2013Q4":-240.714,"_2013Q3":-358.625,"_2013Q2":-301.409,"_2013Q1":-288.252,"_2012Q4":-277.218,"_2012Q3":-470.47,"_2012Q2":-381.235,"_2012Q1":-236.651,"_2011Q4":-298.959,"_2011Q3":-431.086,"_2011Q2":-414.476,"_2011Q1":-325.018,"_2010Q4":-326.354,"_2010Q3":-540.754,"_2010Q2":-424.111,"_2010Q1":-199.383,"_2009Q4":-328.516,"_2009Q3":-440.012,"_2009Q2":-272,"_2009Q1":-294.181,"_2008Q4":-303.563,"_2008Q3":-450.258,"_2008Q2":-366.716,"_2008Q1":-517.151,"_2007Q4":-323.888,"_2007Q3":-532.081,"_2007Q2":-410.188,"_2007Q1":-354.126,"_2006Q4":-270.503,"_2006Q3":-348.443,"_2006Q2":-303.314,"_2006Q1":-245.184,"_2005Q4":-330.252,"_2005Q3":-468.214,"_2005Q2":-357.98,"_2005Q1":-264.377,"_2004Q4":-272.488,"_2004Q3":-320.342,"_2004Q2":-311.745,"_2004Q1":-261.536,"_2003Q4":-321.696,"_2003Q3":-479.718,"_2003Q2":-353.421,"_2003Q1":-343.324,"_2002Q4":-368.974,"_2002Q3":-670.961,"_2002Q2":-533.427,"_2002Q1":-415.473,"_2001Q4":-733.887,"_2001Q3":-674.325,"_2001Q2":-439.524,"_2001Q1":-392.341}},{"p":"ELEC.GEN.WAS-VA-99.Q","v":{"_2015Q4":277.91458,"_2015Q3":268.91611,"_2015Q2":270.32835,"_2015Q1":253.91261,"_2014Q4":271.02421,"_2014Q3":282.77414,"_2014Q2":298.38424,"_2014Q1":244.82809,"_2013Q4":237.31922,"_2013Q3":257.59838,"_2013Q2":250.42067,"_2013Q1":214.38653,"_2012Q4":227.16946,"_2012Q3":234.84724,"_2012Q2":243.18344,"_2012Q1":217.45374,"_2011Q4":202.15832,"_2011Q3":205.86002,"_2011Q2":196.81722,"_2011Q1":184.80229,"_2010Q4":211.66355,"_2010Q3":226.69466,"_2010Q2":223.73308,"_2010Q1":153.25339,"_2009Q4":169.85306,"_2009Q3":175.1538,"_2009Q2":193.9651,"_2009Q1":170.23139,"_2008Q4":201.20908,"_2008Q3":203.40288,"_2008Q2":206.71758,"_2008Q1":170.84221,"_2007Q4":198.83274,"_2007Q3":198.09413,"_2007Q2":191.0129,"_2007Q1":185.30522,"_2006Q4":165.23552,"_2006Q3":168.34895,"_2006Q2":173.04801,"_2006Q1":171.7751,"_2005Q4":168.82662,"_2005Q3":180.48678,"_2005Q2":179.54661,"_2005Q1":166.34283,"_2004Q4":167.81182,"_2004Q3":185.47144,"_2004Q2":183.08038,"_2004Q1":162.87314,"_2003Q4":171.49133,"_2003Q3":171.72571,"_2003Q2":165.15326,"_2003Q1":165.44377,"_2002Q4":150.19841,"_2002Q3":194.14594,"_2002Q2":173.61748,"_2002Q1":145.38854,"_2001Q4":154.0383,"_2001Q3":158.3295,"_2001Q2":149.43704,"_2001Q1":137.16415}},{"p":"ELEC.GEN.WWW-VA-99.Q","v":{"_2015Q4":676.48835,"_2015Q3":882.43226,"_2015Q2":721.28685,"_2015Q1":725.1853,"_2014Q4":781.13508,"_2014Q3":742.26186,"_2014Q2":586.80388,"_2014Q1":644.59175,"_2013Q4":651.38987,"_2013Q3":524.51097,"_2013Q2":386.43323,"_2013Q1":383.88265,"_2012Q4":378.96756,"_2012Q3":406.84816,"_2012Q2":319.45296,"_2012Q1":330.52105,"_2011Q4":292.47184,"_2011Q3":389.8568,"_2011Q2":354.85396,"_2011Q1":368.82017,"_2010Q4":326.60472,"_2010Q3":359.48419,"_2010Q2":351.98181,"_2010Q1":366.23371,"_2009Q4":416.03399,"_2009Q3":454.76217,"_2009Q2":401.34298,"_2009Q1":436.17673,"_2008Q4":463.54637,"_2008Q3":504.0736,"_2008Q2":467.54993,"_2008Q1":481.11785,"_2007Q4":454.57838,"_2007Q3":493.00998,"_2007Q2":421.69179,"_2007Q1":423.04607,"_2006Q4":423.10857,"_2006Q3":454.62963,"_2006Q2":431.1483,"_2006Q1":471.15602,"_2005Q4":479.01501,"_2005Q3":471.00422,"_2005Q2":409.87182,"_2005Q1":442.80147,"_2004Q4":469.78996,"_2004Q3":460.59298,"_2004Q2":379.8876,"_2004Q1":422.84961,"_2003Q4":386.487,"_2003Q3":378.89,"_2003Q2":391.403,"_2003Q1":430.764,"_2002Q4":431.487,"_2002Q3":364.638,"_2002Q2":321.343,"_2002Q1":290.453,"_2001Q4":301.373,"_2001Q3":290.648,"_2001Q2":266.264,"_2001Q1":289.818}},{"p":"ELEC.GEN.TSN-VA-99.Q","v":{"_2015Q4":6.85826,"_2015Q3":8.53705,"_2015Q2":8.0681,"_2015Q1":5.80085,"_2014Q4":4.82362,"_2014Q3":6.26482,"_2014Q2":6.20282,"_2014Q1":4.47647}},{"p":"ELEC.GEN.DPV-VA-99.Q","v":{"_2015Q4":6.85826,"_2015Q3":8.53705,"_2015Q2":8.0681,"_2015Q1":5.80085,"_2014Q4":4.82362,"_2014Q3":6.26482,"_2014Q2":6.20282,"_2014Q1":4.47647}},{"p":"ELEC.GEN.ALL-VA-99.Q","v":{"_2015Q4":18372.97579,"_2015Q3":24348.59088,"_2015Q2":19543.37615,"_2015Q1":22085.67316,