{"p":"VT","c":[{"p":"ELEC.GEN.NUC-VT-99.Q","v":{"_2014Q4":1105.631,"_2014Q3":1312.087,"_2014Q2":1322.14,"_2014Q1":1320.724,"_2013Q4":1367.82,"_2013Q3":1280.965,"_2013Q2":1251.621,"_2013Q1":945.921,"_2012Q4":1322.894,"_2012Q3":1276.811,"_2012Q2":1139.903,"_2012Q1":1249.73,"_2011Q4":956.328,"_2011Q3":1258.752,"_2011Q2":1342.37,"_2011Q1":1349.905,"_2010Q4":1314.33,"_2010Q3":1319.078,"_2010Q2":810.387,"_2010Q1":1338.678,"_2009Q4":1364.343,"_2009Q3":1337.339,"_2009Q2":1323.16,"_2009Q1":1335.766,"_2008Q4":1011.926,"_2008Q3":1220.237,"_2008Q2":1303.426,"_2008Q1":1359.464,"_2007Q4":1347.364,"_2007Q3":1098.335,"_2007Q2":921.279,"_2007Q1":1336.75,"_2006Q4":1343.41,"_2006Q3":1330.188,"_2006Q2":1305.965,"_2006Q1":1126.96,"_2005Q4":876.473,"_2005Q3":1039.156,"_2005Q2":1064.881,"_2005Q1":1091.037,"_2004Q4":1125.782,"_2004Q3":1016.326,"_2004Q2":565.266,"_2004Q1":1150.646,"_2003Q4":1120.872,"_2003Q3":1056.424,"_2003Q2":1136.113,"_2003Q1":1130.743,"_2002Q4":867.785,"_2002Q3":1088.49,"_2002Q2":920.971,"_2002Q1":1085.37,"_2001Q4":1120.243,"_2001Q3":1116.112,"_2001Q2":829.854,"_2001Q1":1104.911}},{"p":"ELEC.GEN.AOR-VT-99.Q","v":{"_2015Q4":223.17815,"_2015Q3":184.15192,"_2015Q2":185.67576,"_2015Q1":248.77062,"_2014Q4":215.78503,"_2014Q3":170.00421,"_2014Q2":165.9986,"_2014Q1":235.76556,"_2013Q4":196.93742,"_2013Q3":178.0935,"_2013Q2":169.20067,"_2013Q1":200.30683,"_2012Q4":140.32633,"_2012Q3":110.37194,"_2012Q2":94.90513,"_2012Q1":119.5652,"_2011Q4":103.6869,"_2011Q3":125.49688,"_2011Q2":71.87237,"_2011Q1":131.63946,"_2010Q4":121.29931,"_2010Q3":117.64246,"_2010Q2":110.72997,"_2010Q1":132.66685,"_2009Q4":106.60207,"_2009Q3":112.14996,"_2009Q2":93.95767,"_2009Q1":116.33562,"_2008Q4":105.05784,"_2008Q3":93.14263,"_2008Q2":96.58618,"_2008Q1":130.55123,"_2007Q4":123.22192,"_2007Q3":114.42168,"_2007Q2":100.93391,"_2007Q1":124.97129,"_2006Q4":103.97206,"_2006Q3":109.71627,"_2006Q2":95.25054,"_2006Q1":140.97099,"_2005Q4":92.19587,"_2005Q3":122.59939,"_2005Q2":86.57519,"_2005Q1":120.60675,"_2004Q4":107.13953,"_2004Q3":101.84222,"_2004Q2":80.43616,"_2004Q1":114.66045,"_2003Q4":90.573,"_2003Q3":109.448,"_2003Q2":89.195,"_2003Q1":115.92,"_2002Q4":104.816,"_2002Q3":107.409,"_2002Q2":65.971,"_2002Q1":87.775,"_2001Q4":86.303,"_2001Q3":104.381,"_2001Q2":82.163,"_2001Q1":109.694}},{"p":"ELEC.GEN.HYC-VT-99.Q","v":{"_2015Q4":345.11799,"_2015Q3":null,"_2015Q2":null,"_2015Q1":302.97804,"_2014Q4":294.39316,"_2014Q3":161.11223,"_2014Q2":438.35413,"_2014Q1":281.46149,"_2013Q4":282.88601,"_2013Q3":276.44085,"_2013Q2":412.83585,"_2013Q1":313.7493,"_2012Q4":329.66205,"_2012Q3":99.47849,"_2012Q2":342.668,"_2012Q1":337.39647,"_2011Q4":395.7411,"_2011Q3":170.69768,"_2011Q2":488.88743,"_2011Q1":369.40679,"_2010Q4":420.7121,"_2010Q3":160.55895,"_2010Q2":418.20942,"_2010Q1":347.40652,"_2009Q4":324.44496,"_2009Q3":288.05546,"_2009Q2":459.26662,"_2009Q1":414.0583,"_2008Q4":372.10147,"_2008Q3":280.89716,"_2008Q2":396.89544,"_2008Q1":443.00988,"_2007Q4":189.20673,"_2007Q3":91.93276,"_2007Q2":187.12296,"_2007Q1":178.34207,"_2006Q4":305.07088,"_2006Q3":399.34089,"_2006Q2":421.00781,"_2006Q1":393.24523,"_2005Q4":320.2749,"_2005Q3":226.42975,"_2005Q2":330.87493,"_2005Q1":333.23185,"_2004Q4":219.35332,"_2004Q3":277.89098,"_2004Q2":413.79634,"_2004Q1":276.21581,"_2003Q4":348.978,"_2003Q3":217.095,"_2003Q2":346.067,"_2003Q1":241.897,"_2002Q4":221.066,"_2002Q3":193.343,"_2002Q2":389.419,"_2002Q1":311.095,"_2001Q4":167.268,"_2001Q3":159.198,"_2001Q2":297.405,"_2001Q1":260.342}},{"p":"ELEC.GEN.SUN-VT-99.Q","v":{"_2015Q4":null,"_2015Q3":19.35015,"_2015Q2":20.06712,"_2015Q1":null,"_2014Q4":6.62144,"_2014Q3":8.06222,"_2014Q2":5.67127,"_2014Q1":3.18104,"_2013Q4":6.64851,"_2013Q3":5.05902,"_2013Q2":3.50508,"_2013Q1":2.08041,"_2012Q4":null,"_2012Q3":null,"_2012Q2":1.09366,"_2012Q1":0.34995,"_2011Q4":0.37539,"_2011Q3":0.8121,"_2011Q2":0.62752,"_2011Q1":0}},{"p":"ELEC.GEN.WND-VT-99.Q","v":{"_2015Q4":88.66548,"_2015Q3":52.02977,"_2015Q2":81.41798,"_2015Q1":100.59549,"_2014Q4":89.99448,"_2014Q3":56.47655,"_2014Q2":77.82364,"_2014Q1":87.01532,"_2013Q4":69.78963,"_2013Q3":46.98073,"_2013Q2":56.02003,"_2013Q1":63.24361,"_2012Q4":38.202,"_2012Q3":14.686,"_2012Q2":25.217,"_2012Q1":28.792,"_2011Q4":25.918,"_2011Q3":1.789,"_2011Q2":2.272,"_2011Q1":3.206,"_2010Q4":4.29,"_2010Q3":2.476,"_2010Q2":2.871,"_2010Q1":4.255,"_2009Q4":3.651,"_2009Q3":1.464,"_2009Q2":2.432,"_2009Q1":4.042,"_2008Q4":2.992,"_2008Q3":1.606,"_2008Q2":2.257,"_2008Q1":3.38,"_2007Q4":3.224,"_2007Q3":1.617,"_2007Q2":2.125,"_2007Q1":3.545,"_2006Q4":3.359,"_2006Q3":2.251,"_2006Q2":2.134,"_2006Q1":2.944,"_2005Q4":3.569,"_2005Q3":2.062,"_2005Q2":2.232,"_2005Q1":3.623,"_2004Q4":3.737,"_2004Q3":1.67,"_2004Q2":2.856,"_2004Q1":3.101,"_2003Q4":3.64,"_2003Q3":2.138,"_2003Q2":1.879,"_2003Q1":3.172,"_2002Q4":3.342,"_2002Q3":1.792,"_2002Q2":2.603,"_2002Q1":2.635,"_2001Q4":3.482,"_2001Q3":1.745,"_2001Q2":2.65,"_2001Q1":4.256}},{"p":"ELEC.GEN.SPV-VT-99.Q","v":{"_2015Q4":null,"_2015Q3":19.35015,"_2015Q2":20.06712,"_2015Q1":null,"_2014Q4":6.62144,"_2014Q3":8.06222,"_2014Q2":5.67127,"_2014Q1":3.18104,"_2013Q4":6.64851,"_2013Q3":5.05902,"_2013Q2":3.50508,"_2013Q1":2.08041,"_2012Q4":null,"_2012Q3":null,"_2012Q2":1.09366,"_2012Q1":0.34995,"_2011Q4":0.37539,"_2011Q3":0.8121,"_2011Q2":0.62752,"_2011Q1":0}},{"p":"ELEC.GEN.WAS-VT-99.Q","v":{"_2015Q4":6.1903,"_2015Q3":null,"_2015Q2":null,"_2015Q1":null,"_2014Q4":5.9858,"_2014Q3":6.04881,"_2014Q2":6.00869,"_2014Q1":5.44569,"_2013Q4":6.80305,"_2013Q3":6.4745,"_2013Q2":6.6048,"_2013Q1":5.81566,"_2012Q4":6.45595,"_2012Q3":6.50541,"_2012Q2":6.46499,"_2012Q1":6.21965,"_2011Q4":6.76273,"_2011Q3":6.6411,"_2011Q2":6.49778,"_2011Q1":5.54639,"_2010Q4":6.41506,"_2010Q3":6.38912,"_2010Q2":6.44071,"_2010Q1":5.8361,"_2009Q4":6.02806,"_2009Q3":6.23319,"_2009Q2":6.27119,"_2009Q1":5.65757,"_2008Q4":0,"_2008Q3":0,"_2008Q2":0,"_2008Q1":0}},{"p":"ELEC.GEN.WWW-VT-99.Q","v":{"_2015Q4":115.35496,"_2015Q3":106.75607,"_2015Q2":78.19019,"_2015Q1":129.12138,"_2014Q4":113.1833,"_2014Q3":99.41663,"_2014Q2":76.49499,"_2014Q1":140.12351,"_2013Q4":113.69622,"_2013Q3":119.57928,"_2013Q2":103.07077,"_2013Q1":129.16716,"_2012Q4":93.94427,"_2012Q3":87.28413,"_2012Q2":62.12947,"_2012Q1":84.2036,"_2011Q4":70.63079,"_2011Q3":116.25469,"_2011Q2":62.47507,"_2011Q1":122.88708,"_2010Q4":110.59425,"_2010Q3":108.77734,"_2010Q2":101.41827,"_2010Q1":122.57575,"_2009Q4":96.92302,"_2009Q3":104.45277,"_2009Q2":85.25449,"_2009Q1":106.63605,"_2008Q4":102.06584,"_2008Q3":91.53663,"_2008Q2":94.32918,"_2008Q1":127.17123,"_2007Q4":119.99792,"_2007Q3":112.80468,"_2007Q2":98.80891,"_2007Q1":121.42629,"_2006Q4":100.61306,"_2006Q3":107.46527,"_2006Q2":93.11654,"_2006Q1":138.02699,"_2005Q4":88.62687,"_2005Q3":120.53739,"_2005Q2":84.34319,"_2005Q1":116.98375,"_2004Q4":103.40253,"_2004Q3":100.17222,"_2004Q2":77.58016,"_2004Q1":111.55945,"_2003Q4":86.933,"_2003Q3":107.31,"_2003Q2":87.316,"_2003Q1":112.748,"_2002Q4":101.474,"_2002Q3":105.617,"_2002Q2":63.368,"_2002Q1":85.14,"_2001Q4":82.821,"_2001Q3":102.636,"_2001Q2":79.513,"_2001Q1":105.438}},{"p":"ELEC.GEN.TSN-VT-99.Q","v":{"_2015Q4":null,"_2015Q3":37.79672,"_2015Q2":36.52519,"_2015Q1":null,"_2014Q4":12.6212,"_2014Q3":18.67426,"_2014Q2":15.67302,"_2014Q1":9.30618}},{"p":"ELEC.GEN.DPV-VT-99.Q","v":{"_2015Q4":10.59561,"_2015Q3":18.44657,"_2015Q2":16.45807,"_2015Q1":8.91882,"_2014Q4":5.99976,"_2014Q3":10.61204,"_2014Q2":10.00175,"_2014Q1":6.12514}},{"p":"ELEC.GEN.ALL-VT-99.Q","v":{"_2015Q4":568.75225,"_2015Q3":478.07645,"_2015Q2":489.51043,"_2015Q1":554.4771,"_2014Q4":1616.69683,"_2014Q3":1643.97571,"_2014Q2":1927.03357,"_2014Q1":1843.68787,"_2013Q4":1849.99295,"_2013Q3":1736.90958,"_2013Q2":1834.58207,"_2013Q1":1463.42541,"_2012Q4":1794.20482,"_2012Q3":1488.17695,"_2012Q2":1579.09571,"_2012Q1":1708.19264,"_2011Q4":1457.64747,"_2011Q3":1559.26666,"_2011Q2":1904.57226,"_2011Q1":1854.73242,"_2010Q4":1858.21059,"_2010Q3":1600.38078,"_2010Q2":1340.96757,"_2010Q1":1820.43106,"_2009Q4":1796.95495,"_2009Q3":1739.19409,"_2009Q2":1877.63658,"_2009Q1":1868.56269,