{"p":"VT","c":[{"p":"ELEC.GEN.NUC-VT-99.Q","c":{"2014Q4":1105.631,"2014Q3":1312.087,"2014Q2":1322.14,"2014Q1":1320.724,"2013Q4":1367.82,"2013Q3":1280.965,"2013Q2":1251.621,"2013Q1":945.921,"2012Q4":1322.894,"2012Q3":1276.811,"2012Q2":1139.903,"2012Q1":1249.73,"2011Q4":956.328,"2011Q3":1258.752,"2011Q2":1342.37,"2011Q1":1349.905,"2010Q4":1314.33,"2010Q3":1319.078,"2010Q2":810.387,"2010Q1":1338.678,"2009Q4":1364.343,"2009Q3":1337.339,"2009Q2":1323.16,"2009Q1":1335.766,"2008Q4":1011.926,"2008Q3":1220.237,"2008Q2":1303.426,"2008Q1":1359.464,"2007Q4":1347.364,"2007Q3":1098.335,"2007Q2":921.279,"2007Q1":1336.75,"2006Q4":1343.41,"2006Q3":1330.188,"2006Q2":1305.965,"2006Q1":1126.96,"2005Q4":876.473,"2005Q3":1039.156,"2005Q2":1064.881,"2005Q1":1091.037,"2004Q4":1125.782,"2004Q3":1016.326,"2004Q2":565.266,"2004Q1":1150.646,"2003Q4":1120.872,"2003Q3":1056.424,"2003Q2":1136.113,"2003Q1":1130.743,"2002Q4":867.785,"2002Q3":1088.49,"2002Q2":920.971,"2002Q1":1085.37,"2001Q4":1120.243,"2001Q3":1116.112,"2001Q2":829.854,"2001Q1":1104.911}},{"p":"ELEC.GEN.AOR-VT-99.Q","c":{"2015Q4":223.17815,"2015Q3":184.15192,"2015Q2":185.67576,"2015Q1":248.77062,"2014Q4":215.78503,"2014Q3":170.00421,"2014Q2":165.9986,"2014Q1":235.76556,"2013Q4":196.93742,"2013Q3":178.0935,"2013Q2":169.20067,"2013Q1":200.30683,"2012Q4":140.32633,"2012Q3":110.37194,"2012Q2":94.90513,"2012Q1":119.5652,"2011Q4":103.6869,"2011Q3":125.49688,"2011Q2":71.87237,"2011Q1":131.63946,"2010Q4":121.29931,"2010Q3":117.64246,"2010Q2":110.72997,"2010Q1":132.66685,"2009Q4":106.60207,"2009Q3":112.14996,"2009Q2":93.95767,"2009Q1":116.33562,"2008Q4":105.05784,"2008Q3":93.14263,"2008Q2":96.58618,"2008Q1":130.55123,"2007Q4":123.22192,"2007Q3":114.42168,"2007Q2":100.93391,"2007Q1":124.97129,"2006Q4":103.97206,"2006Q3":109.71627,"2006Q2":95.25054,"2006Q1":140.97099,"2005Q4":92.19587,"2005Q3":122.59939,"2005Q2":86.57519,"2005Q1":120.60675,"2004Q4":107.13953,"2004Q3":101.84222,"2004Q2":80.43616,"2004Q1":114.66045,"2003Q4":90.573,"2003Q3":109.448,"2003Q2":89.195,"2003Q1":115.92,"2002Q4":104.816,"2002Q3":107.409,"2002Q2":65.971,"2002Q1":87.775,"2001Q4":86.303,"2001Q3":104.381,"2001Q2":82.163,"2001Q1":109.694}},{"p":"ELEC.GEN.HYC-VT-99.Q","c":{"2015Q4":345.11799,"2015Q3":null,"2015Q2":null,"2015Q1":302.97804,"2014Q4":294.39316,"2014Q3":161.11223,"2014Q2":438.35413,"2014Q1":281.46149,"2013Q4":282.88601,"2013Q3":276.44085,"2013Q2":412.83585,"2013Q1":313.7493,"2012Q4":329.66205,"2012Q3":99.47849,"2012Q2":342.668,"2012Q1":337.39647,"2011Q4":395.7411,"2011Q3":170.69768,"2011Q2":488.88743,"2011Q1":369.40679,"2010Q4":420.7121,"2010Q3":160.55895,"2010Q2":418.20942,"2010Q1":347.40652,"2009Q4":324.44496,"2009Q3":288.05546,"2009Q2":459.26662,"2009Q1":414.0583,"2008Q4":372.10147,"2008Q3":280.89716,"2008Q2":396.89544,"2008Q1":443.00988,"2007Q4":189.20673,"2007Q3":91.93276,"2007Q2":187.12296,"2007Q1":178.34207,"2006Q4":305.07088,"2006Q3":399.34089,"2006Q2":421.00781,"2006Q1":393.24523,"2005Q4":320.2749,"2005Q3":226.42975,"2005Q2":330.87493,"2005Q1":333.23185,"2004Q4":219.35332,"2004Q3":277.89098,"2004Q2":413.79634,"2004Q1":276.21581,"2003Q4":348.978,"2003Q3":217.095,"2003Q2":346.067,"2003Q1":241.897,"2002Q4":221.066,"2002Q3":193.343,"2002Q2":389.419,"2002Q1":311.095,"2001Q4":167.268,"2001Q3":159.198,"2001Q2":297.405,"2001Q1":260.342}},{"p":"ELEC.GEN.SUN-VT-99.Q","c":{"2015Q4":null,"2015Q3":19.35015,"2015Q2":20.06712,"2015Q1":null,"2014Q4":6.62144,"2014Q3":8.06222,"2014Q2":5.67127,"2014Q1":3.18104,"2013Q4":6.64851,"2013Q3":5.05902,"2013Q2":3.50508,"2013Q1":2.08041,"2012Q4":null,"2012Q3":null,"2012Q2":1.09366,"2012Q1":0.34995,"2011Q4":0.37539,"2011Q3":0.8121,"2011Q2":0.62752,"2011Q1":0}},{"p":"ELEC.GEN.WND-VT-99.Q","c":{"2015Q4":88.66548,"2015Q3":52.02977,"2015Q2":81.41798,"2015Q1":100.59549,"2014Q4":89.99448,"2014Q3":56.47655,"2014Q2":77.82364,"2014Q1":87.01532,"2013Q4":69.78963,"2013Q3":46.98073,"2013Q2":56.02003,"2013Q1":63.24361,"2012Q4":38.202,"2012Q3":14.686,"2012Q2":25.217,"2012Q1":28.792,"2011Q4":25.918,"2011Q3":1.789,"2011Q2":2.272,"2011Q1":3.206,"2010Q4":4.29,"2010Q3":2.476,"2010Q2":2.871,"2010Q1":4.255,"2009Q4":3.651,"2009Q3":1.464,"2009Q2":2.432,"2009Q1":4.042,"2008Q4":2.992,"2008Q3":1.606,"2008Q2":2.257,"2008Q1":3.38,"2007Q4":3.224,"2007Q3":1.617,"2007Q2":2.125,"2007Q1":3.545,"2006Q4":3.359,"2006Q3":2.251,"2006Q2":2.134,"2006Q1":2.944,"2005Q4":3.569,"2005Q3":2.062,"2005Q2":2.232,"2005Q1":3.623,"2004Q4":3.737,"2004Q3":1.67,"2004Q2":2.856,"2004Q1":3.101,"2003Q4":3.64,"2003Q3":2.138,"2003Q2":1.879,"2003Q1":3.172,"2002Q4":3.342,"2002Q3":1.792,"2002Q2":2.603,"2002Q1":2.635,"2001Q4":3.482,"2001Q3":1.745,"2001Q2":2.65,"2001Q1":4.256}},{"p":"ELEC.GEN.SPV-VT-99.Q","c":{"2015Q4":null,"2015Q3":19.35015,"2015Q2":20.06712,"2015Q1":null,"2014Q4":6.62144,"2014Q3":8.06222,"2014Q2":5.67127,"2014Q1":3.18104,"2013Q4":6.64851,"2013Q3":5.05902,"2013Q2":3.50508,"2013Q1":2.08041,"2012Q4":null,"2012Q3":null,"2012Q2":1.09366,"2012Q1":0.34995,"2011Q4":0.37539,"2011Q3":0.8121,"2011Q2":0.62752,"2011Q1":0}},{"p":"ELEC.GEN.WAS-VT-99.Q","c":{"2015Q4":6.1903,"2015Q3":null,"2015Q2":null,"2015Q1":null,"2014Q4":5.9858,"2014Q3":6.04881,"2014Q2":6.00869,"2014Q1":5.44569,"2013Q4":6.80305,"2013Q3":6.4745,"2013Q2":6.6048,"2013Q1":5.81566,"2012Q4":6.45595,"2012Q3":6.50541,"2012Q2":6.46499,"2012Q1":6.21965,"2011Q4":6.76273,"2011Q3":6.6411,"2011Q2":6.49778,"2011Q1":5.54639,"2010Q4":6.41506,"2010Q3":6.38912,"2010Q2":6.44071,"2010Q1":5.8361,"2009Q4":6.02806,"2009Q3":6.23319,"2009Q2":6.27119,"2009Q1":5.65757,"2008Q4":0,"2008Q3":0,"2008Q2":0,"2008Q1":0}},{"p":"ELEC.GEN.WWW-VT-99.Q","c":{"2015Q4":115.35496,"2015Q3":106.75607,"2015Q2":78.19019,"2015Q1":129.12138,"2014Q4":113.1833,"2014Q3":99.41663,"2014Q2":76.49499,"2014Q1":140.12351,"2013Q4":113.69622,"2013Q3":119.57928,"2013Q2":103.07077,"2013Q1":129.16716,"2012Q4":93.94427,"2012Q3":87.28413,"2012Q2":62.12947,"2012Q1":84.2036,"2011Q4":70.63079,"2011Q3":116.25469,"2011Q2":62.47507,"2011Q1":122.88708,"2010Q4":110.59425,"2010Q3":108.77734,"2010Q2":101.41827,"2010Q1":122.57575,"2009Q4":96.92302,"2009Q3":104.45277,"2009Q2":85.25449,"2009Q1":106.63605,"2008Q4":102.06584,"2008Q3":91.53663,"2008Q2":94.32918,"2008Q1":127.17123,"2007Q4":119.99792,"2007Q3":112.80468,"2007Q2":98.80891,"2007Q1":121.42629,"2006Q4":100.61306,"2006Q3":107.46527,"2006Q2":93.11654,"2006Q1":138.02699,"2005Q4":88.62687,"2005Q3":120.53739,"2005Q2":84.34319,"2005Q1":116.98375,"2004Q4":103.40253,"2004Q3":100.17222,"2004Q2":77.58016,"2004Q1":111.55945,"2003Q4":86.933,"2003Q3":107.31,"2003Q2":87.316,"2003Q1":112.748,"2002Q4":101.474,"2002Q3":105.617,"2002Q2":63.368,"2002Q1":85.14,"2001Q4":82.821,"2001Q3":102.636,"2001Q2":79.513,"2001Q1":105.438}},{"p":"ELEC.GEN.TSN-VT-99.Q","c":{"2015Q4":null,"2015Q3":37.79672,"2015Q2":36.52519,"2015Q1":null,"2014Q4":12.6212,"2014Q3":18.67426,"2014Q2":15.67302,"2014Q1":9.30618}},{"p":"ELEC.GEN.DPV-VT-99.Q","c":{"2015Q4":10.59561,"2015Q3":18.44657,"2015Q2":16.45807,"2015Q1":8.91882,"2014Q4":5.99976,"2014Q3":10.61204,"2014Q2":10.00175,"2014Q1":6.12514}},{"p":"ELEC.GEN.ALL-VT-99.Q","c":{"2015Q4":568.75225,"2015Q3":478.07645,"2015Q2":489.51043,"2015Q1":554.4771,"2014Q4":1616.69683,"2014Q3":1643.97571,"2014Q2":1927.03357,"2014Q1":1843.68787,"2013Q4":1849.99295,"2013Q3":1736.90958,"2013Q2":1834.58207,"2013Q1":1463.42541,"2012Q4":1794.20482,"2012Q3":1488.17695,"2012Q2":1579.09571,"2012Q1":1708.19264,"2011Q4":1457.64747,"2011Q3":1559.26666,"2011Q2":1904.57226,"2011Q1":1854.73242,"2010Q4":1858.21059,"2010Q3":1600.38078,"2010Q2":1340.96757,"2010Q1":1820.43106,"2009Q4":1796.95495,"2009Q3":1739.19409,"2009Q2":1877.63658,"2009Q1":1868.56269,"2008Q4":1490.98774,"2008Q3":1595.99301,"2008Q2":1798.51992,"2008Q1":1934.71531,"2007Q4":1661.89914,"2007Q3":1306.73922,"2007Q2":1211.10451,"2007Q1":1643.83863,"2006Q4":1754.58933,"2006Q3":1842.20687,"2006Q2":1824.45497,"2006Q1":1663.09251,"2005Q4":1292.11012,"2005Q3":1391.3566,"2005Q2":1484.96682,"2005Q1":1548.32109,"2004Q4":1454.83919,"2004Q3":1397.90605,"2004Q2":1064.32514,"2004Q1":1553.30841,