{"p":"WA","c":[{"p":"ELEC.GEN.NUC-WA-99.Q","c":{"2015Q4":2516.919,"2015Q3":2241.225,"2015Q2":989.15,"2015Q1":2413.618,"2014Q4":2468.673,"2014Q3":2218.98,"2014Q2":2388.312,"2014Q1":2421.356,"2013Q4":2489.221,"2013Q3":2420.033,"2013Q2":1134.661,"2013Q1":2416.975,"2012Q4":2479.002,"2012Q3":2397.52,"2012Q2":2001.64,"2012Q1":2455.547,"2011Q4":2386.563,"2011Q3":13.801,"2011Q2":22.512,"2011Q1":2383.402,"2010Q4":2424.989,"2010Q3":2327.173,"2010Q2":2156.276,"2010Q1":2332.695,"2009Q4":2168.604,"2009Q3":1348.359,"2009Q2":896.923,"2009Q1":2220.128,"2008Q4":2282.881,"2008Q3":2310.132,"2008Q2":2267.402,"2008Q1":2409.224,"2007Q4":2466.841,"2007Q3":2316.896,"2007Q2":916.767,"2007Q1":2408.056,"2006Q4":2241.5,"2006Q3":2411.317,"2006Q2":2336.584,"2006Q1":2338.876,"2005Q4":2461.739,"2005Q3":2397.352,"2005Q2":1000.921,"2005Q1":2382.261,"2004Q4":2447.183,"2004Q3":1768.866,"2004Q2":2355.984,"2004Q1":2409.55,"2003Q4":2455.107,"2003Q3":2282.829,"2003Q2":875.637,"2003Q1":2001.135,"2002Q4":2474.588,"2002Q3":2265.133,"2002Q2":2162.846,"2002Q1":2145.908,"2001Q4":2497.758,"2001Q3":2186.542,"2001Q2":1134.265,"2001Q1":2431.864}},{"p":"ELEC.GEN.OOG-WA-99.Q","c":{"2015Q4":105.96845,"2015Q3":99.5335,"2015Q2":96.75864,"2015Q1":92.74377,"2014Q4":99.52645,"2014Q3":97.72606,"2014Q2":70.30886,"2014Q1":69.37044,"2013Q4":113.91015,"2013Q3":116.15189,"2013Q2":96.50064,"2013Q1":83.22307,"2012Q4":96.95412,"2012Q3":108.12841,"2012Q2":99.80524,"2012Q1":100.44885,"2011Q4":85.80384,"2011Q3":76.70556,"2011Q2":68.04744,"2011Q1":66.65153,"2010Q4":75.16318,"2010Q3":73.29232,"2010Q2":72.25677,"2010Q1":71.3064,"2009Q4":78.40532,"2009Q3":71.23333,"2009Q2":50.12491,"2009Q1":45.12407,"2008Q4":70.0992,"2008Q3":49.46123,"2008Q2":75.17699,"2008Q1":77.60141,"2007Q4":70.67499,"2007Q3":100.48542,"2007Q2":81.8687,"2007Q1":80.74392,"2006Q4":82.53151,"2006Q3":95.6574,"2006Q2":91.92464,"2006Q1":78.53518,"2005Q4":78.89356,"2005Q3":82.34707,"2005Q2":83.37234,"2005Q1":77.111,"2004Q4":78.99169,"2004Q3":82.85758,"2004Q2":72.9614,"2004Q1":40.47368,"2003Q4":83.788,"2003Q3":68.266,"2003Q2":75.136,"2003Q1":75.998,"2002Q4":69.81,"2002Q3":88.271,"2002Q2":78.212,"2002Q1":76.345}},{"p":"ELEC.GEN.AOR-WA-99.Q","c":{"2015Q4":2389.65906,"2015Q3":2540.74956,"2015Q2":2244.80557,"2015Q1":1805.66821,"2014Q4":2162.62391,"2014Q3":2054.69854,"2014Q2":2697.86378,"2014Q1":2192.98068,"2013Q4":2023.57223,"2013Q3":2101.56866,"2013Q2":2407.42891,"2013Q1":2289.19507,"2012Q4":1922.12218,"2012Q3":1702.48397,"2012Q2":2316.19582,"2012Q1":2273.54822,"2011Q4":1835.92578,"2011Q3":1957.10277,"2011Q2":2318.23679,"2011Q1":1903.07689,"2010Q4":1580.00857,"2010Q3":1744.07934,"2010Q2":2063.65671,"2010Q1":1229.21865,"2009Q4":1265.94525,"2009Q3":1296.64081,"2009Q2":1271.71929,"2009Q1":1210.36511,"2008Q4":1147.21297,"2008Q3":1111.02371,"2008Q2":1370.82796,"2008Q1":1309.37363,"2007Q4":1148.49354,"2007Q3":886.99233,"2007Q2":900.07267,"2007Q1":794.99517,"2006Q4":701.9141,"2006Q3":588.21665,"2006Q2":522.04792,"2006Q1":690.67531,"2005Q4":537.62871,"2005Q3":564.38181,"2005Q2":470.89713,"2005Q1":540.75361,"2004Q4":627.8473,"2004Q3":562.4806,"2004Q2":515.17893,"2004Q1":605.91789,"2003Q4":518.30145,"2003Q3":534.11715,"2003Q2":567.21805,"2003Q1":508.6687,"2002Q4":466.4982,"2002Q3":408.28656,"2002Q2":396.028,"2002Q1":453.35236,"2001Q4":276.95527,"2001Q3":316.56597,"2001Q2":307.51437,"2001Q1":320.29575}},{"p":"ELEC.GEN.HYC-WA-99.Q","c":{"2015Q4":15922.26354,"2015Q3":15471.25992,"2015Q2":18368.38009,"2015Q1":24560.5416,"2014Q4":17196.72796,"2014Q3":18237.1287,"2014Q2":25925.0549,"2014Q1":18104.23278,"2013Q4":16178.6595,"2013Q3":18157.56347,"2013Q2":25374.83165,"2013Q1":18444.03238,"2012Q4":18293.08351,"2012Q3":22864.49913,"2012Q2":28437.10895,"2012Q1":19869.6634,"2011Q4":17214.04784,"2011Q3":22595.6683,"2011Q2":27579.93933,"2011Q1":24428.04624,"2010Q4":16378.63779,"2010Q3":15970.99946,"2010Q2":21164.4922,"2010Q1":14774.25373,"2009Q4":15676.0074,"2009Q3":14560.74126,"2009Q2":25137.16,"2009Q1":17558.7955,"2008Q4":15918.14953,"2008Q3":18025.01758,"2008Q2":25893.49622,"2008Q1":17800.09431,"2007Q4":15604.42289,"2007Q3":17079.42045,"2007Q2":24978.9161,"2007Q1":21166.43568,"2006Q4":16547.68824,"2006Q3":16853.53665,"2006Q2":27677.73098,"2006Q1":20928.67266,"2005Q4":16935.46434,"2005Q3":16781.26211,"2005Q2":20182.85662,"2005Q1":18175.06605,"2004Q4":18145.05397,"2004Q3":16447.71064,"2004Q2":20060.28464,"2004Q1":16922.65048,"2003Q4":17087.431,"2003Q3":15301.467,"2003Q2":22462.29,"2003Q1":16905.596,"2002Q4":16172.008,"2002Q3":19351.103,"2002Q2":24626.689,"2002Q1":18016.865,"2001Q4":14205.068,"2001Q3":11896.428,"2001Q2":13526.634,"2001Q1":15105.766}},{"p":"ELEC.GEN.SUN-WA-99.Q","c":{"2015Q4":0.118,"2015Q3":0.242,"2015Q2":0.283,"2015Q1":0.147,"2014Q4":0.123,"2014Q3":0.196,"2014Q2":0.279,"2014Q1":0.131,"2013Q4":0.149,"2013Q3":0.262,"2013Q2":0.189,"2013Q1":0.162,"2012Q4":0.111,"2012Q3":0.291,"2012Q2":0.252,"2012Q1":0.14,"2011Q4":0.147,"2011Q3":0.286,"2011Q2":0.269,"2011Q1":0.138,"2010Q4":0,"2010Q3":0,"2010Q2":0,"2010Q1":0,"2009Q4":0,"2009Q3":0,"2009Q2":0,"2009Q1":0,"2008Q4":0,"2008Q3":0,"2008Q2":0,"2008Q1":0}},{"p":"ELEC.GEN.WND-WA-99.Q","c":{"2015Q4":1893.73221,"2015Q3":2041.33133,"2015Q2":1795.49107,"2015Q1":1370.89572,"2014Q4":1690.67814,"2014Q3":1559.55238,"2014Q2":2276.62335,"2014Q1":1740.93999,"2013Q4":1532.43621,"2013Q3":1611.44856,"2013Q2":2037.07748,"2013Q1":1823.40275,"2012Q4":1498.44569,"2012Q3":1268.32511,"2012Q2":2013.80087,"2012Q1":1819.19421,"2011Q4":1337.82527,"2011Q3":1468.97292,"2011Q2":1939.53778,"2011Q1":1516.04406,"2010Q4":1079.25729,"2010Q3":1253.86604,"2010Q2":1660.26072,"2010Q1":751.29446,"2009Q4":802.78396,"2009Q3":866.23296,"2009Q2":1008.03704,"2009Q1":895.4316,"2008Q4":809.60063,"2008Q3":773.67084,"2008Q2":1101.89136,"2008Q1":972.32147,"2007Q4":773.77504,"2007Q3":556.93097,"2007Q2":590.423,"2007Q1":516.694,"2006Q4":329.284,"2006Q3":182.421,"2006Q2":208.539,"2006Q1":317.407,"2005Q4":125.176,"2005Q3":111.744,"2005Q2":152.646,"2005Q1":108.904,"2004Q4":198.06107,"2004Q3":142.71717,"2004Q2":182.10903,"2004Q1":213.68876,"2003Q4":127.086,"2003Q3":149.301,"2003Q2":192.513,"2003Q1":134.774,"2002Q4":100.688,"2002Q3":100.145,"2002Q2":95.955,"2002Q1":119.793,"2001Q4":0}},{"p":"ELEC.GEN.SPV-WA-99.Q","c":{"2015Q4":0.118,"2015Q3":0.242,"2015Q2":0.283,"2015Q1":0.147,"2014Q4":0.123,"2014Q3":0.196,"2014Q2":0.279,"2014Q1":0.131,"2013Q4":0.149,"2013Q3":0.262,"2013Q2":0.189,"2013Q1":0.162,"2012Q4":0.111,"2012Q3":0.291,"2012Q2":0.252,"2012Q1":0.14,"2011Q4":0.147,"2011Q3":0.286,"2011Q2":0.269,"2011Q1":0.138,"2010Q4":0,"2010Q3":0,"2010Q2":0,"2010Q1":0,"2009Q4":0,"2009Q3":0,"2009Q2":0,"2009Q1":0,"2008Q4":0,"2008Q3":0,"2008Q2":0,"2008Q1":0}},{"p":"ELEC.GEN.HPS-WA-99.Q","c":{"2015Q4":7.616,"2015Q3":4.883,"2015Q2":1.388,"2015Q1":26.134,"2014Q4":-0.768,"2014Q3":-0.6,"2014Q2":-1.704,"2014Q1":-1.681,"2013Q4":1.692,"2013Q3":-0.029,"2013Q2":-1.289,"2013Q1":6.814,"2012Q4":5.363,"2012Q3":14.583,"2012Q2":7.596,"2012Q1":16.009,"2011Q4":-0.648,"2011Q3":0.726,"2011Q2":0.487,"2011Q1":51.351,"2010Q4":16.859,"2010Q3":4.759,"2010Q2":10.289,"2010Q1":21.421,"2009Q4":12.217,"2009Q3":12.706,"2009Q2":19.113,"2009Q1":8.347,"2008Q4":21.669,"2008Q3":13.783,"2008Q2":5.13,"2008Q1":8.131,"2007Q4":34.131,"2007Q3":10.381,"2007Q2":0,"2007Q1":0,"2006Q4":0,"2006Q3":7.248,"2006Q2":24.433,"2006Q1":15.418,"2005Q4":3.539,"2005Q3":1.08,"2005Q2":2.685,"2005Q1":1.169,"2004Q4":0,"2004Q3":0,"2004Q2":-3.45,"2004Q1":-6.368,"2003Q4":-2.447,"2003Q3":-0.52,"2003Q2":4.239,"2003Q1":-4.565,"2002Q4":-4.532,"2002Q3":0,"2002Q2":0,"2002Q1":0,"2001Q4":0,"2001Q3":0,"2001Q2":0,"2001Q1":0}},{"p":"ELEC.GEN.WAS-WA-99.Q","c":{"2015Q4":75.66677,"2015Q3":73.02538,"2015Q2":71.53959,"2015Q1":68.55519,"2014Q4":82.74559,"2014Q3":81.37691,"2014Q2":68.90855,"2014Q1":80.04864,"2013Q4":71.17844,"2013Q3":73.20779,"2013Q2":67.74257,"2013Q1":71.77474,"2012Q4":59.56228,"2012Q3":62.03585,"2012Q2":58.45627,"2012Q1":58.93459,"2011Q4":71.11876,"2011Q3":33.523,"2011Q2":31.92292,"2011Q1":32.30707,"2010Q4":53.52792,"2010Q3":42.95091,"2010Q2":47.0064,"2010Q1":52.88443,