{"p":"WA","c":[{"p":"ELEC.GEN.NUC-WA-99.Q","v":{"_2015Q4":2516.919,"_2015Q3":2241.225,"_2015Q2":989.15,"_2015Q1":2413.618,"_2014Q4":2468.673,"_2014Q3":2218.98,"_2014Q2":2388.312,"_2014Q1":2421.356,"_2013Q4":2489.221,"_2013Q3":2420.033,"_2013Q2":1134.661,"_2013Q1":2416.975,"_2012Q4":2479.002,"_2012Q3":2397.52,"_2012Q2":2001.64,"_2012Q1":2455.547,"_2011Q4":2386.563,"_2011Q3":13.801,"_2011Q2":22.512,"_2011Q1":2383.402,"_2010Q4":2424.989,"_2010Q3":2327.173,"_2010Q2":2156.276,"_2010Q1":2332.695,"_2009Q4":2168.604,"_2009Q3":1348.359,"_2009Q2":896.923,"_2009Q1":2220.128,"_2008Q4":2282.881,"_2008Q3":2310.132,"_2008Q2":2267.402,"_2008Q1":2409.224,"_2007Q4":2466.841,"_2007Q3":2316.896,"_2007Q2":916.767,"_2007Q1":2408.056,"_2006Q4":2241.5,"_2006Q3":2411.317,"_2006Q2":2336.584,"_2006Q1":2338.876,"_2005Q4":2461.739,"_2005Q3":2397.352,"_2005Q2":1000.921,"_2005Q1":2382.261,"_2004Q4":2447.183,"_2004Q3":1768.866,"_2004Q2":2355.984,"_2004Q1":2409.55,"_2003Q4":2455.107,"_2003Q3":2282.829,"_2003Q2":875.637,"_2003Q1":2001.135,"_2002Q4":2474.588,"_2002Q3":2265.133,"_2002Q2":2162.846,"_2002Q1":2145.908,"_2001Q4":2497.758,"_2001Q3":2186.542,"_2001Q2":1134.265,"_2001Q1":2431.864}},{"p":"ELEC.GEN.OOG-WA-99.Q","v":{"_2015Q4":105.96845,"_2015Q3":99.5335,"_2015Q2":96.75864,"_2015Q1":92.74377,"_2014Q4":99.52645,"_2014Q3":97.72606,"_2014Q2":70.30886,"_2014Q1":69.37044,"_2013Q4":113.91015,"_2013Q3":116.15189,"_2013Q2":96.50064,"_2013Q1":83.22307,"_2012Q4":96.95412,"_2012Q3":108.12841,"_2012Q2":99.80524,"_2012Q1":100.44885,"_2011Q4":85.80384,"_2011Q3":76.70556,"_2011Q2":68.04744,"_2011Q1":66.65153,"_2010Q4":75.16318,"_2010Q3":73.29232,"_2010Q2":72.25677,"_2010Q1":71.3064,"_2009Q4":78.40532,"_2009Q3":71.23333,"_2009Q2":50.12491,"_2009Q1":45.12407,"_2008Q4":70.0992,"_2008Q3":49.46123,"_2008Q2":75.17699,"_2008Q1":77.60141,"_2007Q4":70.67499,"_2007Q3":100.48542,"_2007Q2":81.8687,"_2007Q1":80.74392,"_2006Q4":82.53151,"_2006Q3":95.6574,"_2006Q2":91.92464,"_2006Q1":78.53518,"_2005Q4":78.89356,"_2005Q3":82.34707,"_2005Q2":83.37234,"_2005Q1":77.111,"_2004Q4":78.99169,"_2004Q3":82.85758,"_2004Q2":72.9614,"_2004Q1":40.47368,"_2003Q4":83.788,"_2003Q3":68.266,"_2003Q2":75.136,"_2003Q1":75.998,"_2002Q4":69.81,"_2002Q3":88.271,"_2002Q2":78.212,"_2002Q1":76.345}},{"p":"ELEC.GEN.AOR-WA-99.Q","v":{"_2015Q4":2389.65906,"_2015Q3":2540.74956,"_2015Q2":2244.80557,"_2015Q1":1805.66821,"_2014Q4":2162.62391,"_2014Q3":2054.69854,"_2014Q2":2697.86378,"_2014Q1":2192.98068,"_2013Q4":2023.57223,"_2013Q3":2101.56866,"_2013Q2":2407.42891,"_2013Q1":2289.19507,"_2012Q4":1922.12218,"_2012Q3":1702.48397,"_2012Q2":2316.19582,"_2012Q1":2273.54822,"_2011Q4":1835.92578,"_2011Q3":1957.10277,"_2011Q2":2318.23679,"_2011Q1":1903.07689,"_2010Q4":1580.00857,"_2010Q3":1744.07934,"_2010Q2":2063.65671,"_2010Q1":1229.21865,"_2009Q4":1265.94525,"_2009Q3":1296.64081,"_2009Q2":1271.71929,"_2009Q1":1210.36511,"_2008Q4":1147.21297,"_2008Q3":1111.02371,"_2008Q2":1370.82796,"_2008Q1":1309.37363,"_2007Q4":1148.49354,"_2007Q3":886.99233,"_2007Q2":900.07267,"_2007Q1":794.99517,"_2006Q4":701.9141,"_2006Q3":588.21665,"_2006Q2":522.04792,"_2006Q1":690.67531,"_2005Q4":537.62871,"_2005Q3":564.38181,"_2005Q2":470.89713,"_2005Q1":540.75361,"_2004Q4":627.8473,"_2004Q3":562.4806,"_2004Q2":515.17893,"_2004Q1":605.91789,"_2003Q4":518.30145,"_2003Q3":534.11715,"_2003Q2":567.21805,"_2003Q1":508.6687,"_2002Q4":466.4982,"_2002Q3":408.28656,"_2002Q2":396.028,"_2002Q1":453.35236,"_2001Q4":276.95527,"_2001Q3":316.56597,"_2001Q2":307.51437,"_2001Q1":320.29575}},{"p":"ELEC.GEN.HYC-WA-99.Q","v":{"_2015Q4":15922.26354,"_2015Q3":15471.25992,"_2015Q2":18368.38009,"_2015Q1":24560.5416,"_2014Q4":17196.72796,"_2014Q3":18237.1287,"_2014Q2":25925.0549,"_2014Q1":18104.23278,"_2013Q4":16178.6595,"_2013Q3":18157.56347,"_2013Q2":25374.83165,"_2013Q1":18444.03238,"_2012Q4":18293.08351,"_2012Q3":22864.49913,"_2012Q2":28437.10895,"_2012Q1":19869.6634,"_2011Q4":17214.04784,"_2011Q3":22595.6683,"_2011Q2":27579.93933,"_2011Q1":24428.04624,"_2010Q4":16378.63779,"_2010Q3":15970.99946,"_2010Q2":21164.4922,"_2010Q1":14774.25373,"_2009Q4":15676.0074,"_2009Q3":14560.74126,"_2009Q2":25137.16,"_2009Q1":17558.7955,"_2008Q4":15918.14953,"_2008Q3":18025.01758,"_2008Q2":25893.49622,"_2008Q1":17800.09431,"_2007Q4":15604.42289,"_2007Q3":17079.42045,"_2007Q2":24978.9161,"_2007Q1":21166.43568,"_2006Q4":16547.68824,"_2006Q3":16853.53665,"_2006Q2":27677.73098,"_2006Q1":20928.67266,"_2005Q4":16935.46434,"_2005Q3":16781.26211,"_2005Q2":20182.85662,"_2005Q1":18175.06605,"_2004Q4":18145.05397,"_2004Q3":16447.71064,"_2004Q2":20060.28464,"_2004Q1":16922.65048,"_2003Q4":17087.431,"_2003Q3":15301.467,"_2003Q2":22462.29,"_2003Q1":16905.596,"_2002Q4":16172.008,"_2002Q3":19351.103,"_2002Q2":24626.689,"_2002Q1":18016.865,"_2001Q4":14205.068,"_2001Q3":11896.428,"_2001Q2":13526.634,"_2001Q1":15105.766}},{"p":"ELEC.GEN.SUN-WA-99.Q","v":{"_2015Q4":0.118,"_2015Q3":0.242,"_2015Q2":0.283,"_2015Q1":0.147,"_2014Q4":0.123,"_2014Q3":0.196,"_2014Q2":0.279,"_2014Q1":0.131,"_2013Q4":0.149,"_2013Q3":0.262,"_2013Q2":0.189,"_2013Q1":0.162,"_2012Q4":0.111,"_2012Q3":0.291,"_2012Q2":0.252,"_2012Q1":0.14,"_2011Q4":0.147,"_2011Q3":0.286,"_2011Q2":0.269,"_2011Q1":0.138,"_2010Q4":0,"_2010Q3":0,"_2010Q2":0,"_2010Q1":0,"_2009Q4":0,"_2009Q3":0,"_2009Q2":0,"_2009Q1":0,"_2008Q4":0,"_2008Q3":0,"_2008Q2":0,"_2008Q1":0}},{"p":"ELEC.GEN.WND-WA-99.Q","v":{"_2015Q4":1893.73221,"_2015Q3":2041.33133,"_2015Q2":1795.49107,"_2015Q1":1370.89572,"_2014Q4":1690.67814,"_2014Q3":1559.55238,"_2014Q2":2276.62335,"_2014Q1":1740.93999,"_2013Q4":1532.43621,"_2013Q3":1611.44856,"_2013Q2":2037.07748,"_2013Q1":1823.40275,"_2012Q4":1498.44569,"_2012Q3":1268.32511,"_2012Q2":2013.80087,"_2012Q1":1819.19421,"_2011Q4":1337.82527,"_2011Q3":1468.97292,"_2011Q2":1939.53778,"_2011Q1":1516.04406,"_2010Q4":1079.25729,"_2010Q3":1253.86604,"_2010Q2":1660.26072,"_2010Q1":751.29446,"_2009Q4":802.78396,"_2009Q3":866.23296,"_2009Q2":1008.03704,"_2009Q1":895.4316,"_2008Q4":809.60063,"_2008Q3":773.67084,"_2008Q2":1101.89136,"_2008Q1":972.32147,"_2007Q4":773.77504,"_2007Q3":556.93097,"_2007Q2":590.423,"_2007Q1":516.694,"_2006Q4":329.284,"_2006Q3":182.421,"_2006Q2":208.539,"_2006Q1":317.407,"_2005Q4":125.176,"_2005Q3":111.744,"_2005Q2":152.646,"_2005Q1":108.904,"_2004Q4":198.06107,"_2004Q3":142.71717,"_2004Q2":182.10903,"_2004Q1":213.68876,"_2003Q4":127.086,"_2003Q3":149.301,"_2003Q2":192.513,"_2003Q1":134.774,"_2002Q4":100.688,"_2002Q3":100.145,"_2002Q2":95.955,"_2002Q1":119.793,"_2001Q4":0}},{"p":"ELEC.GEN.SPV-WA-99.Q","v":{"_2015Q4":0.118,"_2015Q3":0.242,"_2015Q2":0.283,"_2015Q1":0.147,"_2014Q4":0.123,"_2014Q3":0.196,"_2014Q2":0.279,"_2014Q1":0.131,"_2013Q4":0.149,"_2013Q3":0.262,"_2013Q2":0.189,"_2013Q1":0.162,"_2012Q4":0.111,"_2012Q3":0.291,"_2012Q2":0.252,"_2012Q1":0.14,"_2011Q4":0.147,"_2011Q3":0.286,"_2011Q2":0.269,"_2011Q1":0.138,"_2010Q4":0,"_2010Q3":0,"_2010Q2":0,"_2010Q1":0,"_2009Q4":0,"_2009Q3":0,"_2009Q2":0,"_2009Q1":0,"_2008Q4":0,"_2008Q3":0,"_2008Q2":0,"_2008Q1":0}},{"p":"ELEC.GEN.HPS-WA-99.Q","v":{"_2015Q4":7.616,"_2015Q3":4.883,"_2015Q2":1.388,"_2015Q1":26.134,"_2014Q4":-0.768,"_2014Q3":-0.6,"_2014Q2":-1.704,"_2014Q1":-1.681,"_2013Q4":1.692,"_2013Q3":-0.029,"_2013Q2":-1.289,"_2013Q1":6.814,"_2012Q4":5.363,"_2012Q3":14.583,"_2012Q2":7.596,"_2012Q1":16.009,"_2011Q4":-0.648,"_2011Q3":0.726,"_2011Q2":0.487,"_2011Q1":51.351,"_2010Q4":16.859,"_2010Q3":4.759,"_2010Q2":10.289,"_2010Q1":21.421,"_2009Q4":12.217,"_2009Q3":12.706,"_2009Q2":19.113,"_2009Q1":8.347,"_2008Q4":21.669,"_2008Q3":13.783,"_2008Q2":5.13,"_2008Q1":8.131,"_2007Q4":34.131,"_2007Q3":10.381,"_2007Q2":0,"_2007Q1":0,"_2006Q4":0,"_2006Q3":7.248,"_2006Q2":24.433,"_2006Q1":15.418,"_2005Q4":3.539,"_2005Q3":1.08,"_2005Q2":2.685,"_2005Q1":1.169,"_2004Q4":0,"_2004Q3":0,"_2004Q2":-3.45,"_2004Q1":-6.368,"_2003Q4":-2.447,"_2003Q3":-0.52,"_2003Q2":4.239,"_2003Q1":-4.565,"_2002Q4":-4.532,"_2002Q3":0,"_2002Q2":0,"_2002Q1":0,"_2001Q4":0,"_2001Q3":0,"_2001Q2":0,"_2001Q1":0}},{"p":"ELEC.GEN.WAS-WA-99.Q",