{"p":"WI","c":[{"p":"ELEC.GEN.NUC-WI-99.Q","v":{"_2015Q4":2168.177,"_2015Q3":2625.951,"_2015Q2":2622.287,"_2015Q1":2591.768,"_2014Q4":2193.844,"_2014Q3":2611.386,"_2014Q2":2292.742,"_2014Q1":2349.124,"_2013Q4":2632.231,"_2013Q3":2595.351,"_2013Q2":2832.81,"_2013Q1":3614.802,"_2012Q4":3450.539,"_2012Q3":3718.503,"_2012Q2":3273.148,"_2012Q1":3857.405,"_2011Q4":2765.726,"_2011Q3":3696.401,"_2011Q2":2445.94,"_2011Q1":2651.714,"_2010Q4":3439.656,"_2010Q3":3437.14,"_2010Q2":3335.422,"_2010Q1":3068.721,"_2009Q4":2484.974,"_2009Q3":3394.004,"_2009Q2":3359.442,"_2009Q1":3444.731,"_2008Q4":3016.66,"_2008Q3":3461.875,"_2008Q2":2457.343,"_2008Q1":3218.632,"_2007Q4":3417.031,"_2007Q3":3415.643,"_2007Q2":2839.701,"_2007Q1":3237.944,"_2006Q4":2613.559,"_2006Q3":3090.711,"_2006Q2":3073.044,"_2006Q1":3456.201,"_2005Q4":2696.404,"_2005Q3":3196.624,"_2005Q2":1124.96,"_2005Q1":2903.003,"_2004Q4":2599.972,"_2004Q3":3512.474,"_2004Q2":2585.33,"_2004Q1":3190.073,"_2003Q4":2843.087,"_2003Q3":3216.568,"_2003Q2":2817.933,"_2003Q1":3337.875,"_2002Q4":3186.167,"_2002Q3":3175.112,"_2002Q2":2816.739,"_2002Q1":3270.795,"_2001Q4":2519.838,"_2001Q3":3011.233,"_2001Q2":2768.933,"_2001Q1":3207.074}},{"p":"ELEC.GEN.OOG-WI-99.Q","v":{"_2010Q4":0,"_2010Q3":0.01693,"_2010Q2":0,"_2010Q1":0.0015}},{"p":"ELEC.GEN.AOR-WI-99.Q","v":{"_2015Q4":967.49408,"_2015Q3":700.50937,"_2015Q2":783.40729,"_2015Q1":862.73601,"_2014Q4":853.88364,"_2014Q3":644.25266,"_2014Q2":802.5798,"_2014Q1":961.675,"_2013Q4":834.81618,"_2013Q3":640.17472,"_2013Q2":820.85227,"_2013Q1":896.13792,"_2012Q4":850.75181,"_2012Q3":671.31035,"_2012Q2":797.71188,"_2012Q1":903.40384,"_2011Q4":788.71392,"_2011Q3":575.75656,"_2011Q2":718.99315,"_2011Q1":681.54729,"_2010Q4":714.54916,"_2010Q3":558.25487,"_2010Q2":612.82716,"_2010Q1":588.32434,"_2009Q4":575.65416,"_2009Q3":503.67979,"_2009Q2":609.58548,"_2009Q1":651.37575,"_2008Q4":606.9614,"_2008Q3":440.7423,"_2008Q2":365.90074,"_2008Q1":340.33098,"_2007Q4":346.29854,"_2007Q3":334.70531,"_2007Q2":330.51405,"_2007Q1":317.9997,"_2006Q4":330.85927,"_2006Q3":326.04004,"_2006Q2":303.40368,"_2006Q1":305.32012,"_2005Q4":304.52496,"_2005Q3":289.7693,"_2005Q2":295.34364,"_2005Q1":292.01532,"_2004Q4":287.82116,"_2004Q3":300.24933,"_2004Q2":252.45414,"_2004Q1":273.11478,"_2003Q4":305.77075,"_2003Q3":302.16771,"_2003Q2":286.69568,"_2003Q1":331.09089,"_2002Q4":278.40919,"_2002Q3":242.71878,"_2002Q2":228.23821,"_2002Q1":266.22643,"_2001Q4":313.85862,"_2001Q3":274.91766,"_2001Q2":238.02258,"_2001Q1":275.41138}},{"p":"ELEC.GEN.HYC-WI-99.Q","v":{"_2015Q4":493.09178,"_2015Q3":459.544,"_2015Q2":563.03579,"_2015Q1":744.23861,"_2014Q4":655.66931,"_2014Q3":774.0548,"_2014Q2":593.58778,"_2014Q1":448.46114,"_2013Q4":452.41108,"_2013Q3":556.65402,"_2013Q2":546.36825,"_2013Q1":423.4387,"_2012Q4":400.48005,"_2012Q3":400.33543,"_2012Q2":433.8571,"_2012Q1":287.56243,"_2011Q4":512.50522,"_2011Q3":780.34713,"_2011Q2":431.81936,"_2011Q1":422.23819,"_2010Q4":569.77094,"_2010Q3":562.36174,"_2010Q2":602.55785,"_2010Q1":377.16175,"_2009Q4":362.61982,"_2009Q3":384.22154,"_2009Q2":348.9073,"_2009Q1":298.23972,"_2008Q4":429.22328,"_2008Q3":468.87305,"_2008Q2":430.65101,"_2008Q1":287.39464,"_2007Q4":361.69072,"_2007Q3":283.78243,"_2007Q2":445.8562,"_2007Q1":424.75349,"_2006Q4":350.81394,"_2006Q3":435.17385,"_2006Q2":450.71797,"_2006Q1":441.89255,"_2005Q4":351.79828,"_2005Q3":430.00673,"_2005Q2":469.70943,"_2005Q1":488.70454,"_2004Q4":495.16902,"_2004Q3":495.16902,"_2004Q2":495.16902,"_2004Q1":495.16902,"_2003Q4":358.259,"_2003Q3":373.988,"_2003Q2":686.652,"_2003Q1":424.395,"_2002Q4":640.484,"_2002Q3":618.311,"_2002Q2":768.737,"_2002Q1":487.484,"_2001Q4":478.324,"_2001Q3":418.561,"_2001Q2":721.218,"_2001Q1":438.142}},{"p":"ELEC.GEN.SUN-WI-99.Q","v":{"_2015Q4":null,"_2015Q3":null,"_2015Q2":null,"_2015Q1":null,"_2014Q4":0.27182,"_2014Q3":0.37096,"_2014Q2":0.35344,"_2014Q1":0.1978}},{"p":"ELEC.GEN.WND-WI-99.Q","v":{"_2015Q4":527.61156,"_2015Q3":264.68905,"_2015Q2":388.18617,"_2015Q1":460.88651,"_2014Q4":443.15426,"_2014Q3":235.91847,"_2014Q2":401.50548,"_2014Q1":537.42279,"_2013Q4":454.42097,"_2013Q3":229.52759,"_2013Q2":397.34296,"_2013Q1":476.6325,"_2012Q4":427.5214,"_2012Q3":246.70925,"_2012Q2":394.24803,"_2012Q1":489.09933,"_2011Q4":367.46729,"_2011Q3":175.24525,"_2011Q2":335.84739,"_2011Q1":309.17006,"_2010Q4":330.05973,"_2010Q3":214.56511,"_2010Q2":281.70837,"_2010Q1":262.1308,"_2009Q4":268.18159,"_2009Q3":156.23136,"_2009Q2":289.95903,"_2009Q1":337.59303,"_2008Q4":307.74276,"_2008Q3":118.42469,"_2008Q2":49.69181,"_2008Q1":11.28175,"_2007Q4":30.60856,"_2007Q3":17.47563,"_2007Q2":28.56368,"_2007Q1":32.63514,"_2006Q4":30.62976,"_2006Q3":15.87084,"_2006Q2":25.44509,"_2006Q1":29.43033,"_2005Q4":28.42642,"_2005Q3":15.76903,"_2005Q2":24.31273,"_2005Q1":24.03582,"_2004Q4":30.91727,"_2004Q3":16.96325,"_2004Q2":23.54053,"_2004Q1":32.14197,"_2003Q4":32.013,"_2003Q3":18.105,"_2003Q2":23.462,"_2003Q1":24,"_2002Q4":12.359,"_2002Q3":7.015,"_2002Q2":10.508,"_2002Q1":16.298,"_2001Q4":33.273,"_2001Q3":14.016,"_2001Q2":13.527,"_2001Q1":11.468}},{"p":"ELEC.GEN.SPV-WI-99.Q","v":{"_2015Q4":null,"_2015Q3":null,"_2015Q2":null,"_2015Q1":null,"_2014Q4":0.27182,"_2014Q3":0.37096,"_2014Q2":0.35344,"_2014Q1":0.1978}},{"p":"ELEC.GEN.WAS-WI-99.Q","v":{"_2015Q4":146.40445,"_2015Q3":136.55461,"_2015Q2":129.94091,"_2015Q1":135.8155,"_2014Q4":156.70301,"_2014Q3":126.7859,"_2014Q2":138.76623,"_2014Q1":120.05982,"_2013Q4":114.7305,"_2013Q3":122.97103,"_2013Q2":126.6493,"_2013Q1":119.98938,"_2012Q4":130.28548,"_2012Q3":129.09945,"_2012Q2":135.59768,"_2012Q1":121.74342,"_2011Q4":144.2166,"_2011Q3":134.54867,"_2011Q2":135.09687,"_2011Q1":131.5507,"_2010Q4":130.35052,"_2010Q3":125.13199,"_2010Q2":128.11294,"_2010Q1":124.26432,"_2009Q4":111.45876,"_2009Q3":135.73256,"_2009Q2":139.25982,"_2009Q1":132.72311,"_2008Q4":106.78742,"_2008Q3":118.58266,"_2008Q2":125.24437,"_2008Q1":141.13971,"_2007Q4":104.76812,"_2007Q3":108.09576,"_2007Q2":117.60085,"_2007Q1":104.69092,"_2006Q4":101.49824,"_2006Q3":100.21887,"_2006Q2":90.76704,"_2006Q1":97.90016,"_2005Q4":88.51732,"_2005Q3":91.44031,"_2005Q2":88.93629,"_2005Q1":79.86533,"_2004Q4":103.11729,"_2004Q3":103.43766,"_2004Q2":99.901,"_2004Q1":98.98657,"_2003Q4":87.26975,"_2003Q3":98.36871,"_2003Q2":88.20268,"_2003Q1":96.85989,"_2002Q4":85.74919,"_2002Q3":84.90978,"_2002Q2":75.84921,"_2002Q1":77.95743,"_2001Q4":93.21162,"_2001Q3":86.57366,"_2001Q2":67.91558,"_2001Q1":76.87538}},{"p":"ELEC.GEN.WWW-WI-99.Q","v":{"_2015Q4":293.1083,"_2015Q3":298.76844,"_2015Q2":264.77015,"_2015Q1":265.69409,"_2014Q4":253.75456,"_2014Q3":281.17734,"_2014Q2":261.95467,"_2014Q1":303.9946,"_2013Q4":265.6647,"_2013Q3":287.67609,"_2013Q2":296.86003,"_2013Q1":299.51606,"_2012Q4":292.94495,"_2012Q3":295.50164,"_2012Q2":267.86618,"_2012Q1":292.5611,"_2011Q4":277.03003,"_2011Q3":265.96263,"_2011Q2":248.04888,"_2011Q1":240.82655,"_2010Q4":254.13892,"_2010Q3":218.55779,"_2010Q2":203.00585,"_2010Q1":201.92924,"_2009Q4":196.01381,"_2009Q3":211.71588,"_2009Q2":180.36663,"_2009Q1":181.05961,"_2008Q4":192.43122,"_2008Q3":203.73498,"_2008Q2":190.96455,"_2008Q1":187.90952,"_2007Q4":210.92187,"_2007Q3":209.13392,"_2007Q2":184.34952,"_2007Q1":180.67365,"_2006Q4":198.73127,"_2006Q3":209.95034,"_2006Q2":187.19156,"_2006Q1":177.98964,"_2005Q4":187.58122,"_2005Q3":182.55996,"_2005Q2":182.09463,"_2005Q1":188.11418,"_2004Q4":153.78661,"_2004Q3":179.84842,"_2004Q2":129.01262,"_2004Q1":141.98625,"_2003Q4":186.489,"_2003Q3":185.694,"_2003Q2":175.031,"_2003Q1":210.23,"_2002Q4":180.301,"_2002Q3":150.794,"_2002Q2":141.881,"_2002Q1":171.971,"_2001Q4":187.374,"_2001Q3":174.328,"_2001Q2":156.58,"_2001Q1":187.068}},{"p":"ELEC.GEN.TSN-WI-99.Q","v":{"_2015Q4":null,"_2015Q3":null,"_2015Q2":null,"_2015Q1":null,"_2014Q4":4.38111,"_2014Q3":7.87475,"_2014Q2":7.71297,"_2014Q1":4.58019}},{"p":"ELEC.GEN.DPV-WI-99.Q","v":{"_2015Q4":4.78155,"_2015Q3":8.76565,"_2015Q2":8.68684,"_2015Q1":5.15215,"_2014Q4":4.10929,"_2014Q3":7.50379,"_2014Q2":7.35953,