{"p":"WI","c":[{"p":"ELEC.GEN.NUC-WI-99.Q","c":{"2015Q4":2168.177,"2015Q3":2625.951,"2015Q2":2622.287,"2015Q1":2591.768,"2014Q4":2193.844,"2014Q3":2611.386,"2014Q2":2292.742,"2014Q1":2349.124,"2013Q4":2632.231,"2013Q3":2595.351,"2013Q2":2832.81,"2013Q1":3614.802,"2012Q4":3450.539,"2012Q3":3718.503,"2012Q2":3273.148,"2012Q1":3857.405,"2011Q4":2765.726,"2011Q3":3696.401,"2011Q2":2445.94,"2011Q1":2651.714,"2010Q4":3439.656,"2010Q3":3437.14,"2010Q2":3335.422,"2010Q1":3068.721,"2009Q4":2484.974,"2009Q3":3394.004,"2009Q2":3359.442,"2009Q1":3444.731,"2008Q4":3016.66,"2008Q3":3461.875,"2008Q2":2457.343,"2008Q1":3218.632,"2007Q4":3417.031,"2007Q3":3415.643,"2007Q2":2839.701,"2007Q1":3237.944,"2006Q4":2613.559,"2006Q3":3090.711,"2006Q2":3073.044,"2006Q1":3456.201,"2005Q4":2696.404,"2005Q3":3196.624,"2005Q2":1124.96,"2005Q1":2903.003,"2004Q4":2599.972,"2004Q3":3512.474,"2004Q2":2585.33,"2004Q1":3190.073,"2003Q4":2843.087,"2003Q3":3216.568,"2003Q2":2817.933,"2003Q1":3337.875,"2002Q4":3186.167,"2002Q3":3175.112,"2002Q2":2816.739,"2002Q1":3270.795,"2001Q4":2519.838,"2001Q3":3011.233,"2001Q2":2768.933,"2001Q1":3207.074}},{"p":"ELEC.GEN.OOG-WI-99.Q","c":{"2010Q4":0,"2010Q3":0.01693,"2010Q2":0,"2010Q1":0.0015}},{"p":"ELEC.GEN.AOR-WI-99.Q","c":{"2015Q4":967.49408,"2015Q3":700.50937,"2015Q2":783.40729,"2015Q1":862.73601,"2014Q4":853.88364,"2014Q3":644.25266,"2014Q2":802.5798,"2014Q1":961.675,"2013Q4":834.81618,"2013Q3":640.17472,"2013Q2":820.85227,"2013Q1":896.13792,"2012Q4":850.75181,"2012Q3":671.31035,"2012Q2":797.71188,"2012Q1":903.40384,"2011Q4":788.71392,"2011Q3":575.75656,"2011Q2":718.99315,"2011Q1":681.54729,"2010Q4":714.54916,"2010Q3":558.25487,"2010Q2":612.82716,"2010Q1":588.32434,"2009Q4":575.65416,"2009Q3":503.67979,"2009Q2":609.58548,"2009Q1":651.37575,"2008Q4":606.9614,"2008Q3":440.7423,"2008Q2":365.90074,"2008Q1":340.33098,"2007Q4":346.29854,"2007Q3":334.70531,"2007Q2":330.51405,"2007Q1":317.9997,"2006Q4":330.85927,"2006Q3":326.04004,"2006Q2":303.40368,"2006Q1":305.32012,"2005Q4":304.52496,"2005Q3":289.7693,"2005Q2":295.34364,"2005Q1":292.01532,"2004Q4":287.82116,"2004Q3":300.24933,"2004Q2":252.45414,"2004Q1":273.11478,"2003Q4":305.77075,"2003Q3":302.16771,"2003Q2":286.69568,"2003Q1":331.09089,"2002Q4":278.40919,"2002Q3":242.71878,"2002Q2":228.23821,"2002Q1":266.22643,"2001Q4":313.85862,"2001Q3":274.91766,"2001Q2":238.02258,"2001Q1":275.41138}},{"p":"ELEC.GEN.HYC-WI-99.Q","c":{"2015Q4":493.09178,"2015Q3":459.544,"2015Q2":563.03579,"2015Q1":744.23861,"2014Q4":655.66931,"2014Q3":774.0548,"2014Q2":593.58778,"2014Q1":448.46114,"2013Q4":452.41108,"2013Q3":556.65402,"2013Q2":546.36825,"2013Q1":423.4387,"2012Q4":400.48005,"2012Q3":400.33543,"2012Q2":433.8571,"2012Q1":287.56243,"2011Q4":512.50522,"2011Q3":780.34713,"2011Q2":431.81936,"2011Q1":422.23819,"2010Q4":569.77094,"2010Q3":562.36174,"2010Q2":602.55785,"2010Q1":377.16175,"2009Q4":362.61982,"2009Q3":384.22154,"2009Q2":348.9073,"2009Q1":298.23972,"2008Q4":429.22328,"2008Q3":468.87305,"2008Q2":430.65101,"2008Q1":287.39464,"2007Q4":361.69072,"2007Q3":283.78243,"2007Q2":445.8562,"2007Q1":424.75349,"2006Q4":350.81394,"2006Q3":435.17385,"2006Q2":450.71797,"2006Q1":441.89255,"2005Q4":351.79828,"2005Q3":430.00673,"2005Q2":469.70943,"2005Q1":488.70454,"2004Q4":495.16902,"2004Q3":495.16902,"2004Q2":495.16902,"2004Q1":495.16902,"2003Q4":358.259,"2003Q3":373.988,"2003Q2":686.652,"2003Q1":424.395,"2002Q4":640.484,"2002Q3":618.311,"2002Q2":768.737,"2002Q1":487.484,"2001Q4":478.324,"2001Q3":418.561,"2001Q2":721.218,"2001Q1":438.142}},{"p":"ELEC.GEN.SUN-WI-99.Q","c":{"2015Q4":null,"2015Q3":null,"2015Q2":null,"2015Q1":null,"2014Q4":0.27182,"2014Q3":0.37096,"2014Q2":0.35344,"2014Q1":0.1978}},{"p":"ELEC.GEN.WND-WI-99.Q","c":{"2015Q4":527.61156,"2015Q3":264.68905,"2015Q2":388.18617,"2015Q1":460.88651,"2014Q4":443.15426,"2014Q3":235.91847,"2014Q2":401.50548,"2014Q1":537.42279,"2013Q4":454.42097,"2013Q3":229.52759,"2013Q2":397.34296,"2013Q1":476.6325,"2012Q4":427.5214,"2012Q3":246.70925,"2012Q2":394.24803,"2012Q1":489.09933,"2011Q4":367.46729,"2011Q3":175.24525,"2011Q2":335.84739,"2011Q1":309.17006,"2010Q4":330.05973,"2010Q3":214.56511,"2010Q2":281.70837,"2010Q1":262.1308,"2009Q4":268.18159,"2009Q3":156.23136,"2009Q2":289.95903,"2009Q1":337.59303,"2008Q4":307.74276,"2008Q3":118.42469,"2008Q2":49.69181,"2008Q1":11.28175,"2007Q4":30.60856,"2007Q3":17.47563,"2007Q2":28.56368,"2007Q1":32.63514,"2006Q4":30.62976,"2006Q3":15.87084,"2006Q2":25.44509,"2006Q1":29.43033,"2005Q4":28.42642,"2005Q3":15.76903,"2005Q2":24.31273,"2005Q1":24.03582,"2004Q4":30.91727,"2004Q3":16.96325,"2004Q2":23.54053,"2004Q1":32.14197,"2003Q4":32.013,"2003Q3":18.105,"2003Q2":23.462,"2003Q1":24,"2002Q4":12.359,"2002Q3":7.015,"2002Q2":10.508,"2002Q1":16.298,"2001Q4":33.273,"2001Q3":14.016,"2001Q2":13.527,"2001Q1":11.468}},{"p":"ELEC.GEN.SPV-WI-99.Q","c":{"2015Q4":null,"2015Q3":null,"2015Q2":null,"2015Q1":null,"2014Q4":0.27182,"2014Q3":0.37096,"2014Q2":0.35344,"2014Q1":0.1978}},{"p":"ELEC.GEN.WAS-WI-99.Q","c":{"2015Q4":146.40445,"2015Q3":136.55461,"2015Q2":129.94091,"2015Q1":135.8155,"2014Q4":156.70301,"2014Q3":126.7859,"2014Q2":138.76623,"2014Q1":120.05982,"2013Q4":114.7305,"2013Q3":122.97103,"2013Q2":126.6493,"2013Q1":119.98938,"2012Q4":130.28548,"2012Q3":129.09945,"2012Q2":135.59768,"2012Q1":121.74342,"2011Q4":144.2166,"2011Q3":134.54867,"2011Q2":135.09687,"2011Q1":131.5507,"2010Q4":130.35052,"2010Q3":125.13199,"2010Q2":128.11294,"2010Q1":124.26432,"2009Q4":111.45876,"2009Q3":135.73256,"2009Q2":139.25982,"2009Q1":132.72311,"2008Q4":106.78742,"2008Q3":118.58266,"2008Q2":125.24437,"2008Q1":141.13971,"2007Q4":104.76812,"2007Q3":108.09576,"2007Q2":117.60085,"2007Q1":104.69092,"2006Q4":101.49824,"2006Q3":100.21887,"2006Q2":90.76704,"2006Q1":97.90016,"2005Q4":88.51732,"2005Q3":91.44031,"2005Q2":88.93629,"2005Q1":79.86533,"2004Q4":103.11729,"2004Q3":103.43766,"2004Q2":99.901,"2004Q1":98.98657,"2003Q4":87.26975,"2003Q3":98.36871,"2003Q2":88.20268,"2003Q1":96.85989,"2002Q4":85.74919,"2002Q3":84.90978,"2002Q2":75.84921,"2002Q1":77.95743,"2001Q4":93.21162,"2001Q3":86.57366,"2001Q2":67.91558,"2001Q1":76.87538}},{"p":"ELEC.GEN.WWW-WI-99.Q","c":{"2015Q4":293.1083,"2015Q3":298.76844,"2015Q2":264.77015,"2015Q1":265.69409,"2014Q4":253.75456,"2014Q3":281.17734,"2014Q2":261.95467,"2014Q1":303.9946,"2013Q4":265.6647,"2013Q3":287.67609,"2013Q2":296.86003,"2013Q1":299.51606,"2012Q4":292.94495,"2012Q3":295.50164,"2012Q2":267.86618,"2012Q1":292.5611,"2011Q4":277.03003,"2011Q3":265.96263,"2011Q2":248.04888,"2011Q1":240.82655,"2010Q4":254.13892,"2010Q3":218.55779,"2010Q2":203.00585,"2010Q1":201.92924,"2009Q4":196.01381,"2009Q3":211.71588,"2009Q2":180.36663,"2009Q1":181.05961,"2008Q4":192.43122,"2008Q3":203.73498,"2008Q2":190.96455,"2008Q1":187.90952,"2007Q4":210.92187,"2007Q3":209.13392,"2007Q2":184.34952,"2007Q1":180.67365,"2006Q4":198.73127,"2006Q3":209.95034,"2006Q2":187.19156,"2006Q1":177.98964,"2005Q4":187.58122,"2005Q3":182.55996,"2005Q2":182.09463,"2005Q1":188.11418,"2004Q4":153.78661,"2004Q3":179.84842,"2004Q2":129.01262,"2004Q1":141.98625,"2003Q4":186.489,"2003Q3":185.694,"2003Q2":175.031,"2003Q1":210.23,"2002Q4":180.301,"2002Q3":150.794,"2002Q2":141.881,"2002Q1":171.971,"2001Q4":187.374,"2001Q3":174.328,"2001Q2":156.58,"2001Q1":187.068}},{"p":"ELEC.GEN.TSN-WI-99.Q","c":{"2015Q4":null,"2015Q3":null,"2015Q2":null,"2015Q1":null,"2014Q4":4.38111,"2014Q3":7.87475,"2014Q2":7.71297,"2014Q1":4.58019}},{"p":"ELEC.GEN.DPV-WI-99.Q","c":{"2015Q4":4.78155,"2015Q3":8.76565,"2015Q2":8.68684,"2015Q1":5.15215,"2014Q4":4.10929,"2014Q3":7.50379,"2014Q2":7.35953,"2014Q1":4.38239}},{"p":"ELEC.GEN.ALL-WI-99.Q","c":{"2015Q4":15295.74267,"2015Q3":18595.87167,"2015Q2":15318.34397,"2015Q1":17469.07661,"2014Q4":14423.49018,"2014Q3":16238.85589,"2014Q2":14325.3498,"2014Q1":16077.09982,"2013Q4":15880.64166,"2013Q3":17783.52267,"2013Q2":15622.91198,"2013Q1":16675.71549,"2012Q4":15044.52791,"2012Q3":18770.62902,"2012Q2":15010.83791,"2012Q1":14916.91505,"2011Q4":14897.90345,"2011Q3":18583.11466,