{"p":"WNC","c":[{"p":"ELEC.GEN.NUC-WNC-99.Q","c":{"2015Q4":12439.416,"2015Q3":12883.355,"2015Q2":9820.832,"2015Q1":11533.437,"2014Q4":8891.485,"2014Q3":12719.075,"2014Q2":11368.426,"2014Q1":11817.226,"2013Q4":10748.869,"2013Q3":9829.054,"2013Q2":8097.173,"2013Q1":9754.177,"2012Q4":9326.577,"2012Q3":11455.622,"2012Q2":11022.731,"2012Q1":9290.686,"2011Q4":10282.039,"2011Q3":11573.699,"2011Q2":7136.48,"2011Q1":11804.921,"2010Q4":11611.626,"2010Q3":12828.817,"2010Q2":10402.913,"2010Q1":12691.412,"2009Q4":9672.468,"2009Q3":12405.465,"2009Q2":11924.424,"2009Q1":11520.805,"2008Q4":11467.917,"2008Q3":12351.052,"2008Q2":10076.801,"2008Q1":11738.098,"2007Q4":13165.17,"2007Q3":12878.719,"2007Q2":10886.826,"2007Q1":11473.783,"2006Q4":10185.712,"2006Q3":12483.676,"2006Q2":11509.82,"2006Q1":12569.237,"2005Q4":11642.987,"2005Q3":12216.979,"2005Q2":8918.996,"2005Q1":10247.933,"2004Q4":11603.804,"2004Q3":12250.437,"2004Q2":10433.453,"2004Q1":12141.439,"2003Q4":10183.894,"2003Q3":11967.911,"2003Q2":10631.809,"2003Q1":11204.029,"2002Q4":11415.436,"2002Q3":12331.243,"2002Q2":10829.261,"2002Q1":11236.415,"2001Q4":10845.159,"2001Q3":11921.304,"2001Q2":9659.634,"2001Q1":10672.656}},{"p":"ELEC.GEN.OOG-WNC-99.Q","c":{"2015Q4":null,"2015Q3":null,"2015Q2":null,"2015Q1":null,"2014Q4":10.2662,"2014Q3":11.06624,"2014Q2":7.39763,"2014Q1":11.41317,"2013Q4":10.82412,"2013Q3":9.67457,"2013Q2":10.8404,"2013Q1":10.26997,"2012Q4":3.15436,"2012Q3":8.88113,"2012Q2":14.8842,"2012Q1":7.97078,"2011Q4":11.3694,"2011Q3":13.60707,"2011Q2":7.09976,"2011Q1":7.08357,"2010Q4":8.86012,"2010Q3":10.04721,"2010Q2":12.22758,"2010Q1":11.39079,"2009Q4":18.91278,"2009Q3":21.02972,"2009Q2":18.70091,"2009Q1":15.5267,"2008Q4":10.94841,"2008Q3":6.91597,"2008Q2":3.49996,"2008Q1":7.74221,"2007Q4":19.76974,"2007Q3":22.87312,"2007Q2":22.25317,"2007Q1":16.86234,"2006Q4":15.89313,"2006Q3":18.49802,"2006Q2":16.05897,"2006Q1":13.57989,"2005Q4":16.32311,"2005Q3":16.94295,"2005Q2":14.96072,"2005Q1":13.58372,"2004Q4":13.07856,"2004Q3":16.80135,"2004Q2":15.75594,"2004Q1":15.32328,"2003Q4":13.38,"2003Q3":13.317,"2003Q2":11.409,"2003Q1":13.849,"2002Q4":22.578,"2002Q3":2.708,"2002Q2":9.015,"2002Q1":20.942,"2001Q4":16.834,"2001Q3":17.334,"2001Q2":16.819,"2001Q1":13.747}},{"p":"ELEC.GEN.AOR-WNC-99.Q","c":{"2015Q4":15952.13811,"2015Q3":10555.1903,"2015Q2":12987.89744,"2015Q1":14638.91719,"2014Q4":14560.48586,"2014Q3":9212.8814,"2014Q2":12844.3197,"2014Q1":14914.1585,"2013Q4":13015.14988,"2013Q3":8911.34164,"2013Q2":12055.09306,"2013Q1":12429.99144,"2012Q4":11467.71031,"2012Q3":7060.70031,"2012Q2":10387.30389,"2012Q1":10814.29217,"2011Q4":10397.94145,"2011Q3":5275.80134,"2011Q2":9203.1508,"2011Q1":8448.17992,"2010Q4":7850.2919,"2010Q3":5780.88327,"2010Q2":6696.40462,"2010Q1":6092.4143,"2009Q4":6181.05327,"2009Q3":4019.93613,"2009Q2":5512.39514,"2009Q1":5934.63206,"2008Q4":4926.00232,"2008Q3":2805.30124,"2008Q2":3501.78634,"2008Q1":3002.62739,"2007Q4":2524.18165,"2007Q3":1796.20122,"2007Q2":2269.81653,"2007Q1":2494.38234,"2006Q4":2106.83212,"2006Q3":1382.90332,"2006Q2":1853.81564,"2006Q1":2021.1658,"2005Q4":1692.17674,"2005Q3":1123.12616,"2005Q2":1407.8582,"2005Q1":1155.03574,"2004Q4":995.56567,"2004Q3":791.21215,"2004Q2":949.41738,"2004Q1":1040.75123,"2003Q4":1149.81239,"2003Q3":784.01959,"2003Q2":875.36278,"2003Q1":980.37997,"2002Q4":806.68343,"2002Q3":642.19192,"2002Q2":889.27461,"2002Q1":968.61117,"2001Q4":800.69739,"2001Q3":532.15768,"2001Q2":677.90936,"2001Q1":634.41832}},{"p":"ELEC.GEN.HYC-WNC-99.Q","c":{"2015Q4":2308.77866,"2015Q3":2930.43463,"2015Q2":3053.75788,"2015Q1":2654.24342,"2014Q4":2964.1597,"2014Q3":3392.33246,"2014Q2":2963.30617,"2014Q1":2008.20012,"2013Q4":1864.42455,"2013Q3":2820.76135,"2013Q2":2814.91834,"2013Q1":1950.01981,"2012Q4":2287.44023,"2012Q3":3349.31022,"2012Q2":3346.33883,"2012Q1":2784.04027,"2011Q4":2952.46971,"2011Q3":4009.50353,"2011Q2":4110.26752,"2011Q1":2604.58227,"2010Q4":3425.81868,"2010Q3":3708.30725,"2010Q2":2551.95151,"2010Q1":2249.83634,"2009Q4":2502.94549,"2009Q3":2888.97266,"2009Q2":2791.78692,"2009Q1":1767.43056,"2008Q4":1627.78324,"2008Q3":2398.16186,"2008Q2":2241.4884,"2008Q1":1928.37416,"2007Q4":1539.72811,"2007Q3":2253.79625,"2007Q2":1925.03625,"2007Q1":1682.55426,"2006Q4":1361.29763,"2006Q3":2456.06186,"2006Q2":2010.95528,"2006Q1":1672.87949,"2005Q4":1469.84106,"2005Q3":2264.06001,"2005Q2":2170.59158,"2005Q1":2288.28799,"2004Q4":1815.84282,"2004Q3":2543.49788,"2004Q2":2843.84942,"2004Q1":2029.93507,"2003Q4":1897.375,"2003Q3":2888.703,"2003Q2":2628.246,"2003Q1":1834.073,"2002Q4":2142.728,"2002Q3":3047.147,"2002Q2":3074.804,"2002Q1":1904.209,"2001Q4":2128.391,"2001Q3":2675.223,"2001Q2":1805.491,"2001Q1":2085.424}},{"p":"ELEC.GEN.SUN-WNC-99.Q","c":{"2015Q4":null,"2015Q3":null,"2015Q2":null,"2015Q1":null,"2014Q4":3.25194,"2014Q3":4.43787,"2014Q2":2.89213,"2014Q1":0.77807,"2013Q4":0.79086,"2013Q3":0.81214,"2013Q2":0.69217,"2013Q1":0.41083,"2012Q4":0,"2012Q3":0,"2012Q2":0,"2012Q1":0}},{"p":"ELEC.GEN.WND-WNC-99.Q","c":{"2015Q4":15360.69622,"2015Q3":9947.1017,"2015Q2":12414.03955,"2015Q1":14078.74508,"2014Q4":14006.29875,"2014Q3":8603.06548,"2014Q2":12292.06777,"2014Q1":14347.95185,"2013Q4":12522.59576,"2013Q3":8350.97034,"2013Q2":11613.62881,"2013Q1":11948.43713,"2012Q4":10911.76973,"2012Q3":6491.32016,"2012Q2":9882.76393,"2012Q1":10274.93371,"2011Q4":9898.76232,"2011Q3":4773.42852,"2011Q2":8693.65411,"2011Q1":7921.99339,"2010Q4":7293.08733,"2010Q3":5191.75724,"2010Q2":6162.94887,"2010Q1":5533.85666,"2009Q4":5645.20105,"2009Q3":3467.37906,"2009Q2":5028.66264,"2009Q1":5496.08777,"2008Q4":4495.04728,"2008Q3":2312.87173,"2008Q2":3062.88228,"2008Q1":2583.10846,"2007Q4":2080.45214,"2007Q3":1389.35829,"2007Q2":1924.22116,"2007Q1":2141.54932,"2006Q4":1798.32081,"2006Q3":1057.74769,"2006Q2":1565.30512,"2006Q1":1722.98139,"2005Q4":1367.64831,"2005Q3":797.30409,"2005Q2":1101.97277,"2005Q1":863.56586,"2004Q4":712.18455,"2004Q3":497.31046,"2004Q2":668.79819,"2004Q1":753.29365,"2003Q4":810.011,"2003Q3":445.408,"2003Q2":549.889,"2003Q1":661.71,"2002Q4":569.939,"2002Q3":413.131,"2002Q2":653.351,"2002Q1":669.052,"2001Q4":484.809,"2001Q3":234.541,"2001Q2":367.203,"2001Q1":341.661}},{"p":"ELEC.GEN.SPV-WNC-99.Q","c":{"2015Q4":null,"2015Q3":null,"2015Q2":null,"2015Q1":null,"2014Q4":3.25194,"2014Q3":4.43787,"2014Q2":2.89213,"2014Q1":0.77807,"2013Q4":0.79086,"2013Q3":0.81214,"2013Q2":0.69217,"2013Q1":0.41083,"2012Q4":0,"2012Q3":0,"2012Q2":0,"2012Q1":0}},{"p":"ELEC.GEN.HPS-WNC-99.Q","c":{"2015Q4":65.469,"2015Q3":120.335,"2015Q2":163.614,"2015Q1":-1.669,"2014Q4":29.218,"2014Q3":-10.86,"2014Q2":2.121,"2014Q1":-1.626,"2013Q4":9.613,"2013Q3":32.814,"2013Q2":226.21,"2013Q1":27.438,"2012Q4":-19.429,"2012Q3":-49.737,"2012Q2":63.212,"2012Q1":39.398,"2011Q4":-14.15,"2011Q3":-23.186,"2011Q2":106.055,"2011Q1":45.535,"2010Q4":133.449,"2010Q3":279.358,"2010Q2":315.061,"2010Q1":159.818,"2009Q4":169.049,"2009Q3":49.716,"2009Q2":273.3,"2009Q1":74.648,"2008Q4":65.973,"2008Q3":200.036,"2008Q2":184.524,"2008Q1":94.822,"2007Q4":10.911,"2007Q3":151.346,"2007Q2":173.881,"2007Q1":47.335,"2006Q4":-0.743,"2006Q3":8.342,"2006Q2":37.035,"2006Q1":2.918,"2005Q4":-42.44221,"2005Q3":-35.4581,"2005Q2":24.82155,"2005Q1":139.01075,"2004Q4":55.608,"2004Q3":-13.264,"2004Q2":38.379,"2004Q1":34.602,"2003Q4":-47.549,"2003Q3":-76.019,"2003Q2":-55.04,"2003Q1":-75.383,"2002Q4":-42.102,"2002Q3":-57.162,"2002Q2":-26.164,"2002Q1":-33.577,"2001Q4":-56.138,"2001Q3":-84.966,"2001Q2":-62.868,"2001Q1":-61.888}},{"p":"ELEC.GEN.WAS-WNC-99.Q","c":{"2015Q4":293.21792,"2015Q3":280.39667,"2015Q2":277.6127,"2015Q1":265.84329,"2014Q4":251.23532,"2014Q3":273.83352,"2014Q2":284.09079,"2014Q1":278.83067,"2013Q4":240.0752,"2013Q3":268.84133,"2013Q2":214.12889,"2013Q1":206.92889,"2012Q4":327.19767,"2012Q3":348.20583,"2012Q2":326.52999,"2012Q1":328.03998,"2011Q4":318.94287,"2011Q3":330.15642,"2011Q2":331.06492,"2011Q1":308.81419,"2010Q4":329.98629,"2010Q3":349.61432,"2010Q2":315.32675,"2010Q1":310.7399,"2009Q4":303.19353,"2009Q3":339.01701,"2009Q2":318.8826,