{"p":"WNC","c":[{"p":"ELEC.GEN.NUC-WNC-99.Q","v":{"_2015Q4":12439.416,"_2015Q3":12883.355,"_2015Q2":9820.832,"_2015Q1":11533.437,"_2014Q4":8891.485,"_2014Q3":12719.075,"_2014Q2":11368.426,"_2014Q1":11817.226,"_2013Q4":10748.869,"_2013Q3":9829.054,"_2013Q2":8097.173,"_2013Q1":9754.177,"_2012Q4":9326.577,"_2012Q3":11455.622,"_2012Q2":11022.731,"_2012Q1":9290.686,"_2011Q4":10282.039,"_2011Q3":11573.699,"_2011Q2":7136.48,"_2011Q1":11804.921,"_2010Q4":11611.626,"_2010Q3":12828.817,"_2010Q2":10402.913,"_2010Q1":12691.412,"_2009Q4":9672.468,"_2009Q3":12405.465,"_2009Q2":11924.424,"_2009Q1":11520.805,"_2008Q4":11467.917,"_2008Q3":12351.052,"_2008Q2":10076.801,"_2008Q1":11738.098,"_2007Q4":13165.17,"_2007Q3":12878.719,"_2007Q2":10886.826,"_2007Q1":11473.783,"_2006Q4":10185.712,"_2006Q3":12483.676,"_2006Q2":11509.82,"_2006Q1":12569.237,"_2005Q4":11642.987,"_2005Q3":12216.979,"_2005Q2":8918.996,"_2005Q1":10247.933,"_2004Q4":11603.804,"_2004Q3":12250.437,"_2004Q2":10433.453,"_2004Q1":12141.439,"_2003Q4":10183.894,"_2003Q3":11967.911,"_2003Q2":10631.809,"_2003Q1":11204.029,"_2002Q4":11415.436,"_2002Q3":12331.243,"_2002Q2":10829.261,"_2002Q1":11236.415,"_2001Q4":10845.159,"_2001Q3":11921.304,"_2001Q2":9659.634,"_2001Q1":10672.656}},{"p":"ELEC.GEN.OOG-WNC-99.Q","v":{"_2015Q4":null,"_2015Q3":null,"_2015Q2":null,"_2015Q1":null,"_2014Q4":10.2662,"_2014Q3":11.06624,"_2014Q2":7.39763,"_2014Q1":11.41317,"_2013Q4":10.82412,"_2013Q3":9.67457,"_2013Q2":10.8404,"_2013Q1":10.26997,"_2012Q4":3.15436,"_2012Q3":8.88113,"_2012Q2":14.8842,"_2012Q1":7.97078,"_2011Q4":11.3694,"_2011Q3":13.60707,"_2011Q2":7.09976,"_2011Q1":7.08357,"_2010Q4":8.86012,"_2010Q3":10.04721,"_2010Q2":12.22758,"_2010Q1":11.39079,"_2009Q4":18.91278,"_2009Q3":21.02972,"_2009Q2":18.70091,"_2009Q1":15.5267,"_2008Q4":10.94841,"_2008Q3":6.91597,"_2008Q2":3.49996,"_2008Q1":7.74221,"_2007Q4":19.76974,"_2007Q3":22.87312,"_2007Q2":22.25317,"_2007Q1":16.86234,"_2006Q4":15.89313,"_2006Q3":18.49802,"_2006Q2":16.05897,"_2006Q1":13.57989,"_2005Q4":16.32311,"_2005Q3":16.94295,"_2005Q2":14.96072,"_2005Q1":13.58372,"_2004Q4":13.07856,"_2004Q3":16.80135,"_2004Q2":15.75594,"_2004Q1":15.32328,"_2003Q4":13.38,"_2003Q3":13.317,"_2003Q2":11.409,"_2003Q1":13.849,"_2002Q4":22.578,"_2002Q3":2.708,"_2002Q2":9.015,"_2002Q1":20.942,"_2001Q4":16.834,"_2001Q3":17.334,"_2001Q2":16.819,"_2001Q1":13.747}},{"p":"ELEC.GEN.AOR-WNC-99.Q","v":{"_2015Q4":15952.13811,"_2015Q3":10555.1903,"_2015Q2":12987.89744,"_2015Q1":14638.91719,"_2014Q4":14560.48586,"_2014Q3":9212.8814,"_2014Q2":12844.3197,"_2014Q1":14914.1585,"_2013Q4":13015.14988,"_2013Q3":8911.34164,"_2013Q2":12055.09306,"_2013Q1":12429.99144,"_2012Q4":11467.71031,"_2012Q3":7060.70031,"_2012Q2":10387.30389,"_2012Q1":10814.29217,"_2011Q4":10397.94145,"_2011Q3":5275.80134,"_2011Q2":9203.1508,"_2011Q1":8448.17992,"_2010Q4":7850.2919,"_2010Q3":5780.88327,"_2010Q2":6696.40462,"_2010Q1":6092.4143,"_2009Q4":6181.05327,"_2009Q3":4019.93613,"_2009Q2":5512.39514,"_2009Q1":5934.63206,"_2008Q4":4926.00232,"_2008Q3":2805.30124,"_2008Q2":3501.78634,"_2008Q1":3002.62739,"_2007Q4":2524.18165,"_2007Q3":1796.20122,"_2007Q2":2269.81653,"_2007Q1":2494.38234,"_2006Q4":2106.83212,"_2006Q3":1382.90332,"_2006Q2":1853.81564,"_2006Q1":2021.1658,"_2005Q4":1692.17674,"_2005Q3":1123.12616,"_2005Q2":1407.8582,"_2005Q1":1155.03574,"_2004Q4":995.56567,"_2004Q3":791.21215,"_2004Q2":949.41738,"_2004Q1":1040.75123,"_2003Q4":1149.81239,"_2003Q3":784.01959,"_2003Q2":875.36278,"_2003Q1":980.37997,"_2002Q4":806.68343,"_2002Q3":642.19192,"_2002Q2":889.27461,"_2002Q1":968.61117,"_2001Q4":800.69739,"_2001Q3":532.15768,"_2001Q2":677.90936,"_2001Q1":634.41832}},{"p":"ELEC.GEN.HYC-WNC-99.Q","v":{"_2015Q4":2308.77866,"_2015Q3":2930.43463,"_2015Q2":3053.75788,"_2015Q1":2654.24342,"_2014Q4":2964.1597,"_2014Q3":3392.33246,"_2014Q2":2963.30617,"_2014Q1":2008.20012,"_2013Q4":1864.42455,"_2013Q3":2820.76135,"_2013Q2":2814.91834,"_2013Q1":1950.01981,"_2012Q4":2287.44023,"_2012Q3":3349.31022,"_2012Q2":3346.33883,"_2012Q1":2784.04027,"_2011Q4":2952.46971,"_2011Q3":4009.50353,"_2011Q2":4110.26752,"_2011Q1":2604.58227,"_2010Q4":3425.81868,"_2010Q3":3708.30725,"_2010Q2":2551.95151,"_2010Q1":2249.83634,"_2009Q4":2502.94549,"_2009Q3":2888.97266,"_2009Q2":2791.78692,"_2009Q1":1767.43056,"_2008Q4":1627.78324,"_2008Q3":2398.16186,"_2008Q2":2241.4884,"_2008Q1":1928.37416,"_2007Q4":1539.72811,"_2007Q3":2253.79625,"_2007Q2":1925.03625,"_2007Q1":1682.55426,"_2006Q4":1361.29763,"_2006Q3":2456.06186,"_2006Q2":2010.95528,"_2006Q1":1672.87949,"_2005Q4":1469.84106,"_2005Q3":2264.06001,"_2005Q2":2170.59158,"_2005Q1":2288.28799,"_2004Q4":1815.84282,"_2004Q3":2543.49788,"_2004Q2":2843.84942,"_2004Q1":2029.93507,"_2003Q4":1897.375,"_2003Q3":2888.703,"_2003Q2":2628.246,"_2003Q1":1834.073,"_2002Q4":2142.728,"_2002Q3":3047.147,"_2002Q2":3074.804,"_2002Q1":1904.209,"_2001Q4":2128.391,"_2001Q3":2675.223,"_2001Q2":1805.491,"_2001Q1":2085.424}},{"p":"ELEC.GEN.SUN-WNC-99.Q","v":{"_2015Q4":null,"_2015Q3":null,"_2015Q2":null,"_2015Q1":null,"_2014Q4":3.25194,"_2014Q3":4.43787,"_2014Q2":2.89213,"_2014Q1":0.77807,"_2013Q4":0.79086,"_2013Q3":0.81214,"_2013Q2":0.69217,"_2013Q1":0.41083,"_2012Q4":0,"_2012Q3":0,"_2012Q2":0,"_2012Q1":0}},{"p":"ELEC.GEN.WND-WNC-99.Q","v":{"_2015Q4":15360.69622,"_2015Q3":9947.1017,"_2015Q2":12414.03955,"_2015Q1":14078.74508,"_2014Q4":14006.29875,"_2014Q3":8603.06548,"_2014Q2":12292.06777,"_2014Q1":14347.95185,"_2013Q4":12522.59576,"_2013Q3":8350.97034,"_2013Q2":11613.62881,"_2013Q1":11948.43713,"_2012Q4":10911.76973,"_2012Q3":6491.32016,"_2012Q2":9882.76393,"_2012Q1":10274.93371,"_2011Q4":9898.76232,"_2011Q3":4773.42852,"_2011Q2":8693.65411,"_2011Q1":7921.99339,"_2010Q4":7293.08733,"_2010Q3":5191.75724,"_2010Q2":6162.94887,"_2010Q1":5533.85666,"_2009Q4":5645.20105,"_2009Q3":3467.37906,"_2009Q2":5028.66264,"_2009Q1":5496.08777,"_2008Q4":4495.04728,"_2008Q3":2312.87173,"_2008Q2":3062.88228,"_2008Q1":2583.10846,"_2007Q4":2080.45214,"_2007Q3":1389.35829,"_2007Q2":1924.22116,"_2007Q1":2141.54932,"_2006Q4":1798.32081,"_2006Q3":1057.74769,"_2006Q2":1565.30512,"_2006Q1":1722.98139,"_2005Q4":1367.64831,"_2005Q3":797.30409,"_2005Q2":1101.97277,"_2005Q1":863.56586,"_2004Q4":712.18455,"_2004Q3":497.31046,"_2004Q2":668.79819,"_2004Q1":753.29365,"_2003Q4":810.011,"_2003Q3":445.408,"_2003Q2":549.889,"_2003Q1":661.71,"_2002Q4":569.939,"_2002Q3":413.131,"_2002Q2":653.351,"_2002Q1":669.052,"_2001Q4":484.809,"_2001Q3":234.541,"_2001Q2":367.203,"_2001Q1":341.661}},{"p":"ELEC.GEN.SPV-WNC-99.Q","v":{"_2015Q4":null,"_2015Q3":null,"_2015Q2":null,"_2015Q1":null,"_2014Q4":3.25194,"_2014Q3":4.43787,"_2014Q2":2.89213,"_2014Q1":0.77807,"_2013Q4":0.79086,"_2013Q3":0.81214,"_2013Q2":0.69217,"_2013Q1":0.41083,"_2012Q4":0,"_2012Q3":0,"_2012Q2":0,"_2012Q1":0}},{"p":"ELEC.GEN.HPS-WNC-99.Q","v":{"_2015Q4":65.469,"_2015Q3":120.335,"_2015Q2":163.614,"_2015Q1":-1.669,"_2014Q4":29.218,"_2014Q3":-10.86,"_2014Q2":2.121,"_2014Q1":-1.626,"_2013Q4":9.613,"_2013Q3":32.814,"_2013Q2":226.21,"_2013Q1":27.438,"_2012Q4":-19.429,"_2012Q3":-49.737,"_2012Q2":63.212,"_2012Q1":39.398,"_2011Q4":-14.15,"_2011Q3":-23.186,"_2011Q2":106.055,"_2011Q1":45.535,"_2010Q4":133.449,"_2010Q3":279.358,"_2010Q2":315.061,"_2010Q1":159.818,"_2009Q4":169.049,"_2009Q3":49.716,"_2009Q2":273.3,"_2009Q1":74.648,"_2008Q4":65.973,"_2008Q3":200.036,"_2008Q2":184.524,"_2008Q1":94.822,"_2007Q4":10.911,"_2007Q3":151.346,"_2007Q2":173.881,"_2007Q1":47.335,"_2006Q4":-0.743,"_2006Q3":8.342,"_2006Q2":37.035,"_2006Q1":2.918,"_2005Q4":-42.44221,"_2005Q3":-35.4581,"_2005Q2":24.82155,"_2005Q1":139.01075,"_2004Q4":55.608,"_2004Q3":-13.264,"_2004Q2":38.379,"_2004Q1":34.602,"_2003Q4":-47.549,"_2003Q3":-76.019,"_2003Q2":-55.04,"_2003Q1":-75.383,"_2002Q4":-42.102,"_2002Q3":-57.162,"_2002Q2":-26.164,"_2002Q1":-33.577,"_2001Q4":-56.138,"_2001Q3":-84.966,"_2001Q2":-62.868,"_2001Q1":-61.888}},{"p":"ELEC.GEN.WAS-WNC-99.Q","v":{"_2015Q4":293.21792,"_2015Q3":280.39667,"_2015Q2":277.6127,"_2015Q1":265.84329,"_2014Q4":251.23532,"_2014Q3":273.83352,