{"p":"WSC","c":[{"p":"ELEC.GEN.NUC-WSC-99.Q","v":{"_2015Q4":13430.032,"_2015Q3":19361.928,"_2015Q2":17834.31,"_2015Q1":17866.937,"_2014Q4":18125.15,"_2014Q3":19790.6,"_2014Q2":14413.28,"_2014Q1":18748.002,"_2013Q4":17785.951,"_2013Q3":18745.94,"_2013Q2":15420.527,"_2013Q1":15262.229,"_2012Q4":15244.51,"_2012Q3":19193.309,"_2012Q2":18211.89,"_2012Q1":16943.571,"_2011Q4":16740.358,"_2011Q3":19473.932,"_2011Q2":16274.028,"_2011Q1":17969.559,"_2010Q4":19433.12,"_2010Q3":19368.391,"_2010Q2":17379.567,"_2010Q1":18816.195,"_2009Q4":15933.977,"_2009Q3":18516.785,"_2009Q2":19646.777,"_2009Q1":19352.121,"_2008Q4":17542.118,"_2008Q3":18770.118,"_2008Q2":16860.389,"_2008Q1":17093.824,"_2007Q4":19106.24,"_2007Q3":19624.476,"_2007Q2":16853.798,"_2007Q1":17934.19,"_2006Q4":16196.441,"_2006Q3":19114.453,"_2006Q2":18828.634,"_2006Q1":19092.775,"_2005Q4":15979.043,"_2005Q3":18844.747,"_2005Q2":15932.15,"_2005Q1":16842.477,"_2004Q4":18386.135,"_2004Q3":19100.67,"_2004Q2":16617.681,"_2004Q1":18860.718,"_2003Q4":16438.149,"_2003Q3":16781.563,"_2003Q2":15378.544,"_2003Q1":15654.966,"_2002Q4":13841.574,"_2002Q3":18714.616,"_2002Q2":16495.524,"_2002Q1":18430.502,"_2001Q4":17751.793,"_2001Q3":18282.08,"_2001Q2":17480.664,"_2001Q1":16765.25}},{"p":"ELEC.GEN.OOG-WSC-99.Q","v":{"_2015Q4":1252.61475,"_2015Q3":1274.41145,"_2015Q2":1116.43838,"_2015Q1":1301.80931,"_2014Q4":1226.21161,"_2014Q3":1205.34491,"_2014Q2":919.39709,"_2014Q1":898.29351,"_2013Q4":1142.6914,"_2013Q3":1226.78743,"_2013Q2":1159.8476,"_2013Q1":1116.9229,"_2012Q4":1069.42351,"_2012Q3":1073.35468,"_2012Q2":1062.23615,"_2012Q1":1041.20307,"_2011Q4":1086.64349,"_2011Q3":1224.11838,"_2011Q2":1160.83085,"_2011Q1":1210.42892,"_2010Q4":1143.98329,"_2010Q3":1280.05786,"_2010Q2":1198.71126,"_2010Q1":1228.97705,"_2009Q4":1282.61546,"_2009Q3":1305.7767,"_2009Q2":1198.31945,"_2009Q1":1089.58659,"_2008Q4":975.94293,"_2008Q3":1154.38399,"_2008Q2":1243.13739,"_2008Q1":1138.31837,"_2007Q4":1314.11791,"_2007Q3":1359.04284,"_2007Q2":1378.79455,"_2007Q1":1382.72683,"_2006Q4":1336.29329,"_2006Q3":1428.4115,"_2006Q2":1382.57464,"_2006Q1":1261.94198,"_2005Q4":1115.38716,"_2005Q3":1216.87862,"_2005Q2":1496.51455,"_2005Q1":1358.55165,"_2004Q4":1640.32013,"_2004Q3":1729.93709,"_2004Q2":1823.83097,"_2004Q1":1542.45324,"_2003Q4":2323.956,"_2003Q3":2129.524,"_2003Q2":2183.423,"_2003Q1":2095.226,"_2002Q4":1280.852,"_2002Q3":1355.167,"_2002Q2":1015.794,"_2002Q1":969.513,"_2001Q4":537.116,"_2001Q3":568.189,"_2001Q2":445.532,"_2001Q1":531.824}},{"p":"ELEC.GEN.AOR-WSC-99.Q","v":{"_2015Q4":19204.97985,"_2015Q3":15893.94259,"_2015Q2":17027.20401,"_2015Q1":13598.07126,"_2014Q4":15081.0893,"_2014Q3":11801.76727,"_2014Q2":16725.99374,"_2014Q1":15071.87236,"_2013Q4":13383.41973,"_2013Q3":10482.83804,"_2013Q2":15924.70955,"_2013Q1":13862.41025,"_2012Q4":12924.43653,"_2012Q3":9309.73041,"_2012Q2":11887.05455,"_2012Q1":12506.61139,"_2011Q4":11229.19205,"_2011Q3":8277.16144,"_2011Q2":12593.93307,"_2011Q1":10112.25493,"_2010Q4":9868.42571,"_2010Q3":7493.67921,"_2010Q2":10139.71987,"_2010Q1":8454.67809,"_2009Q4":7662.01541,"_2009Q3":5973.2314,"_2009Q2":7116.02067,"_2009Q1":7231.99166,"_2008Q4":6857.47584,"_2008Q3":4404.06156,"_2008Q2":7145.33855,"_2008Q1":6005.42942,"_2007Q4":5151.90367,"_2007Q3":4005.27285,"_2007Q2":3857.09756,"_2007Q1":4005.96306,"_2006Q4":4127.81384,"_2006Q3":3247.79625,"_2006Q2":3644.85937,"_2006Q1":3492.68204,"_2005Q4":2992.10064,"_2005Q3":2566.34336,"_2005Q2":3043.32766,"_2005Q1":2493.15229,"_2004Q4":2420.74864,"_2004Q3":2275.33041,"_2004Q2":2651.57314,"_2004Q1":2498.42555,"_2003Q4":2444.78394,"_2003Q3":2336.53088,"_2003Q2":2338.71288,"_2003Q1":2089.489,"_2002Q4":2073.917,"_2002Q3":2208.998,"_2002Q2":2181.765,"_2002Q1":2145.36221,"_2001Q4":1824.59351,"_2001Q3":1634.41067,"_2001Q2":1512.20145,"_2001Q1":1656.72205}},{"p":"ELEC.GEN.HYC-WSC-99.Q","v":{"_2015Q4":1996.09351,"_2015Q3":2190.13616,"_2015Q2":2363.62931,"_2015Q1":1420.4625,"_2014Q4":1051.03214,"_2014Q3":1281.37845,"_2014Q2":1828.3233,"_2014Q1":1383.45135,"_2013Q4":1156.39561,"_2013Q3":1831.82237,"_2013Q2":2347.85992,"_2013Q1":1021.34354,"_2012Q4":427.99738,"_2012Q3":440.11128,"_2012Q2":1855.1253,"_2012Q1":1885.17048,"_2011Q4":1131.05386,"_2011Q3":1530.62922,"_2011Q2":2241.7677,"_2011Q1":1168.40795,"_2010Q4":641.98171,"_2010Q3":2027.60423,"_2010Q2":2761.03368,"_2010Q1":3407.75665,"_2009Q4":2972.64534,"_2009Q3":2124.61993,"_2009Q2":3097.46655,"_2009Q1":1815.5555,"_2008Q4":1788.21658,"_2008Q3":2958.42297,"_2008Q2":3668.43561,"_2008Q1":2160.33524,"_2007Q4":1007.97464,"_2007Q3":2854.29203,"_2007Q2":2542.27288,"_2007Q1":2369.15412,"_2006Q4":834.3576,"_2006Q3":779.41362,"_2006Q2":1202.32348,"_2006Q1":733.22836,"_2005Q4":812.29821,"_2005Q3":1879.89701,"_2005Q2":2193.91569,"_2005Q1":2970.27409,"_2004Q4":2353.932,"_2004Q3":2090.18822,"_2004Q2":2641.30565,"_2004Q1":1934.123,"_2003Q4":1002.491,"_2003Q3":1564.671,"_2003Q2":2113.947,"_2003Q1":1560.452,"_2002Q4":995.263,"_2002Q3":1867.999,"_2002Q2":2665.953,"_2002Q1":1909.393,"_2001Q4":1111.429,"_2001Q3":1270.099,"_2001Q2":1958.443,"_2001Q1":2485.523}},{"p":"ELEC.GEN.SUN-WSC-99.Q","v":{"_2015Q4":100.91321,"_2015Q3":137.92318,"_2015Q2":111.44808,"_2015Q1":75.77073,"_2014Q4":79.49559,"_2014Q3":95.72628,"_2014Q2":70.90765,"_2014Q1":36.22179,"_2013Q4":36.62288,"_2013Q3":49.75205,"_2013Q2":43.54454,"_2013Q1":33.09346,"_2012Q4":32.95652,"_2012Q3":36.20315,"_2012Q2":35.04549,"_2012Q1":14.05983,"_2011Q4":4.43348,"_2011Q3":9.59133,"_2011Q2":10.33091,"_2011Q1":4.2833,"_2010Q4":8.208,"_2010Q3":0,"_2010Q2":0,"_2010Q1":0,"_2002Q4":0,"_2002Q3":0,"_2002Q2":0,"_2002Q1":0,"_2001Q4":0,"_2001Q3":-0.005,"_2001Q2":0,"_2001Q1":0}},{"p":"ELEC.GEN.WND-WSC-99.Q","v":{"_2015Q4":17517.44293,"_2015Q3":14126.26145,"_2015Q2":15417.02559,"_2015Q1":11916.31836,"_2014Q4":13388.06038,"_2014Q3":10079.10235,"_2014Q2":15029.00591,"_2014Q1":13445.78791,"_2013Q4":11792.78976,"_2013Q3":8755.60553,"_2013Q2":14305.606,"_2013Q1":12182.11265,"_2012Q4":11216.01747,"_2012Q3":7699.36337,"_2012Q2":10465.2297,"_2012Q1":10991.14731,"_2011Q4":9617.29351,"_2011Q3":6745.38806,"_2011Q2":11184.18463,"_2011Q1":8606.48605,"_2010Q4":8272.72849,"_2010Q3":5944.17258,"_2010Q2":8704.68662,"_2010Q1":7137.9051,"_2009Q4":6344.27795,"_2009Q3":4587.52648,"_2009Q2":5820.82974,"_2009Q1":5971.6683,"_2008Q4":5438.27139,"_2008Q3":2922.36621,"_2008Q2":5689.01354,"_2008Q1":4533.45035,"_2007Q4":3528.37925,"_2007Q3":2440.57139,"_2007Q2":2410.28164,"_2007Q1":2476.29472,"_2006Q4":2582.30334,"_2006Q3":1660.0371,"_2006Q2":2163.29137,"_2006Q1":1977.3242,"_2005Q4":1471.58976,"_2005Q3":1081.97881,"_2005Q2":1535.74911,"_2005Q1":995.66433,"_2004Q4":903.23509,"_2004Q3":714.41035,"_2004Q2":1150.47595,"_2004Q1":942.31261,"_2003Q4":736.598,"_2003Q3":628.456,"_2003Q2":682.713,"_2003Q1":576.555,"_2002Q4":547.668,"_2002Q3":629.221,"_2002Q2":759.052,"_2002Q1":720.163,"_2001Q4":355.423,"_2001Q3":207.923,"_2001Q2":310.955,"_2001Q1":313.209}},{"p":"ELEC.GEN.SPV-WSC-99.Q","v":{"_2015Q4":100.91321,"_2015Q3":137.92318,"_2015Q2":111.44808,"_2015Q1":75.77073,"_2014Q4":79.49559,"_2014Q3":95.72628,"_2014Q2":70.90765,"_2014Q1":36.22179,"_2013Q4":36.62288,"_2013Q3":49.75205,"_2013Q2":43.54454,"_2013Q1":33.09346,"_2012Q4":32.95652,"_2012Q3":36.20315,"_2012Q2":35.04549,"_2012Q1":11.01083,"_2011Q4":4.43348,"_2011Q3":9.59133,"_2011Q2":10.33091,"_2011Q1":4.2833,"_2010Q4":8.208,"_2010Q3":0,"_2010Q2":0,"_2010Q1":0}},{"p":"ELEC.GEN.STH-WSC-99.Q","v":{"_2012Q1":3.049}},{"p":"ELEC.GEN.HPS-WSC-99.Q","v":{"_2015Q4":-10.406,"_2015Q3":-24.8,"_2015Q2":3.213,"_2015Q1":-8.836,"_2014Q4":-14.558,"_2014Q3":-12.012,"_2014Q2":-3.712,"_2014Q1":-8.446,"_2013Q4":-6.312,"_2013Q3":-13.076,"_2013Q2":-7.75,"_2013Q1":-20.501,"_2012Q4":-30.707,"_2012Q3":-29.014,"_2012Q2":-27.38,"_2012Q1":12.801,"_2011Q4":-25.271,"_2011Q3":-37.455,"_2011Q2":-23.211,"_2011Q1":-32.827,"_2010Q4":-23.201,"_2010Q3":-56.197,"_2010Q2":-38.333,"_2010Q1":-35.708,"_2009Q4":-30.146,"_2009Q3":28.036,"_2009Q2":-1.305,"_2009Q1":-13.051,"_2008Q4":-21.31,"_2008Q3":-40.665,"_2008Q2":-33.422,