{"p":"WV","c":[{"p":"ELEC.GEN.OOG-WV-99.Q","v":{"_2015Q4":6.46826,"_2015Q3":7.7792,"_2015Q2":6.52612,"_2015Q1":8.30363,"_2014Q4":9.88972,"_2014Q3":8.4819,"_2014Q2":5.43943,"_2014Q1":7.06686,"_2013Q4":9.03433,"_2013Q3":7.91968,"_2013Q2":6.46857,"_2013Q1":6.52458,"_2012Q4":8.18504,"_2012Q3":8.12771,"_2012Q2":7.06976,"_2012Q1":8.24811,"_2011Q4":7.50825,"_2011Q3":7.08874,"_2011Q2":6.22869,"_2011Q1":9.65229,"_2010Q4":9.9916,"_2010Q3":9.95043,"_2010Q2":10.46548,"_2010Q1":9.66736,"_2009Q4":11.34185,"_2009Q3":11.91855,"_2009Q2":6.79786,"_2009Q1":5.80979,"_2008Q4":10.00636,"_2008Q3":12.76991,"_2008Q2":12.98928,"_2008Q1":14.48579,"_2007Q4":14.9412,"_2007Q3":16.50816,"_2007Q2":12.02268,"_2007Q1":12.20368,"_2006Q4":14.3003,"_2006Q3":12.82931,"_2006Q2":12.76341,"_2006Q1":12.90372,"_2005Q4":13.16308,"_2005Q3":13.37128,"_2005Q2":25.01588,"_2005Q1":33.96091,"_2004Q4":39.60756,"_2004Q3":38.78242,"_2004Q2":36.36557,"_2004Q1":33.0465,"_2003Q4":43.179,"_2003Q3":43.704,"_2003Q2":41.972,"_2003Q1":40.926,"_2002Q4":44.763,"_2002Q3":43.02,"_2002Q2":42.386,"_2002Q1":44.43,"_2001Q4":21.457,"_2001Q3":19.811,"_2001Q2":20.237,"_2001Q1":27.995}},{"p":"ELEC.GEN.AOR-WV-99.Q","v":{"_2015Q4":406.14905,"_2015Q3":180.98076,"_2015Q2":316.48973,"_2015Q1":477.30524,"_2014Q4":460.57579,"_2014Q3":208.24228,"_2014Q2":306.62931,"_2014Q1":480.55064,"_2013Q4":368.833,"_2013Q3":164.99039,"_2013Q2":353.59588,"_2013Q1":503.09575,"_2012Q4":334.5958,"_2012Q3":193.07914,"_2012Q2":282.19914,"_2012Q1":486.68889,"_2011Q4":380.78927,"_2011Q3":175.46422,"_2011Q2":227.61694,"_2011Q1":328.06833,"_2010Q4":314.854,"_2010Q3":148.107,"_2010Q2":220.137,"_2010Q1":256.074,"_2009Q4":223.87633,"_2009Q3":126.674,"_2009Q2":151.0194,"_2009Q1":240.032,"_2008Q4":195.45933,"_2008Q3":65.012,"_2008Q2":66.003,"_2008Q1":65.046,"_2007Q4":54.392,"_2007Q3":18.728,"_2007Q2":34.77,"_2007Q1":59.698,"_2006Q4":53.39421,"_2006Q3":24.59745,"_2006Q2":32.7058,"_2006Q1":63.35588,"_2005Q4":52.204,"_2005Q3":19.817,"_2005Q2":36.25,"_2005Q1":46.334,"_2004Q4":44.791,"_2004Q3":22.411,"_2004Q2":36.074,"_2004Q1":59.986,"_2003Q4":55.64,"_2003Q3":27.922,"_2003Q2":42.143,"_2003Q1":48.264,"_2002Q4":11.754,"_2002Q3":1.628,"_2002Q2":1.01,"_2002Q1":0.211,"_2001Q4":0.671,"_2001Q3":2.32641,"_2001Q2":7.41179,"_2001Q1":5.11803}},{"p":"ELEC.GEN.HYC-WV-99.Q","v":{"_2015Q4":352.77304,"_2015Q3":null,"_2015Q2":323.68307,"_2015Q1":358.32618,"_2014Q4":341.74529,"_2014Q3":172.83279,"_2014Q2":304.2987,"_2014Q1":423.09721,"_2013Q4":345.48897,"_2013Q3":404.54804,"_2013Q2":487.34332,"_2013Q1":501.39569,"_2012Q4":310.65297,"_2012Q3":191.64351,"_2012Q2":383.42135,"_2012Q1":545.72217,"_2011Q4":384.55204,"_2011Q3":190.94805,"_2011Q2":428.38163,"_2011Q1":449.22727,"_2010Q4":268.91562,"_2010Q3":163.20236,"_2010Q2":420.84371,"_2010Q1":514.39931,"_2009Q4":444.12671,"_2009Q3":250.61285,"_2009Q2":499.917,"_2009Q1":451.27045,"_2008Q4":236.10469,"_2008Q3":170.01562,"_2008Q2":405.15948,"_2008Q1":436.75722,"_2007Q4":299.2287,"_2007Q3":152.79341,"_2007Q2":326.44186,"_2007Q1":475.93303,"_2006Q4":392.86415,"_2006Q3":349.26308,"_2006Q2":399.60366,"_2006Q1":430.70212,"_2005Q4":293.6546,"_2005Q3":287.45643,"_2005Q2":416.27246,"_2005Q1":450.18253,"_2004Q4":368.11233,"_2004Q3":239.01981,"_2004Q2":354.99929,"_2004Q1":356.14758,"_2003Q4":311.506,"_2003Q3":338.956,"_2003Q2":370.471,"_2003Q1":335.096,"_2002Q4":331.958,"_2002Q3":127.675,"_2002Q2":328.593,"_2002Q1":277.511,"_2001Q4":121.903,"_2001Q3":199.855,"_2001Q2":297.796,"_2001Q1":332.389}},{"p":"ELEC.GEN.WND-WV-99.Q","v":{"_2015Q4":404.981,"_2015Q3":179.688,"_2015Q2":315.39,"_2015Q1":476.173,"_2014Q4":459.486,"_2014Q3":207.241,"_2014Q2":305.331,"_2014Q1":479.325,"_2013Q4":367.782,"_2013Q3":164.04,"_2013Q2":352.61,"_2013Q1":502.084,"_2012Q4":331.79,"_2012Q3":190.579,"_2012Q2":279.603,"_2012Q1":484.052,"_2011Q4":378.088,"_2011Q3":172.84031,"_2011Q2":225.235,"_2011Q1":326.349,"_2010Q4":314.854,"_2010Q3":148.107,"_2010Q2":220.137,"_2010Q1":256.074,"_2009Q4":224.227,"_2009Q3":126.674,"_2009Q2":151.506,"_2009Q1":240.032,"_2008Q4":195.849,"_2008Q3":65.012,"_2008Q2":66.003,"_2008Q1":65.046,"_2007Q4":54.392,"_2007Q3":18.728,"_2007Q2":34.77,"_2007Q1":59.698,"_2006Q4":53.315,"_2006Q3":24.53,"_2006Q2":32.639,"_2006Q1":63.273,"_2005Q4":52.097,"_2005Q3":19.596,"_2005Q2":35.957,"_2005Q1":46.242,"_2004Q4":44.227,"_2004Q3":22.039,"_2004Q2":35.701,"_2004Q1":59.224,"_2003Q4":54.646,"_2003Q3":27.046,"_2003Q2":40.649,"_2003Q1":47.421,"_2002Q4":9.023}},{"p":"ELEC.GEN.WAS-WV-99.Q","v":{"_2015Q4":null,"_2015Q3":null,"_2015Q2":null,"_2015Q1":null,"_2014Q4":null,"_2014Q3":null,"_2014Q2":null,"_2014Q1":null,"_2013Q4":1.051,"_2013Q3":0.95039,"_2013Q2":0.98588,"_2013Q1":1.01175,"_2012Q4":2.8058,"_2012Q3":2.50014,"_2012Q2":2.59663,"_2012Q1":2.63744,"_2011Q4":2.70127,"_2011Q3":2.52676,"_2011Q2":2.34252,"_2011Q1":1.62046,"_2010Q4":0,"_2010Q3":0,"_2010Q2":0,"_2010Q1":0,"_2009Q4":0,"_2009Q3":0,"_2009Q2":-0.1486,"_2009Q1":0,"_2008Q4":0,"_2008Q3":0,"_2008Q2":0,"_2008Q1":0,"_2007Q4":0,"_2007Q3":0,"_2007Q2":0,"_2007Q1":0,"_2006Q4":0.07921,"_2006Q3":0.06745,"_2006Q2":0.0668,"_2006Q1":0.08288,"_2005Q4":0,"_2005Q3":0,"_2005Q2":0.229,"_2005Q1":0.024,"_2004Q4":0.464,"_2004Q3":0.223,"_2004Q2":0.081,"_2004Q1":0.751,"_2003Q4":0.857,"_2003Q3":0.856,"_2003Q2":1.494,"_2003Q1":0.843,"_2002Q4":2.731,"_2002Q3":1.628,"_2002Q2":1.002,"_2002Q1":0.168,"_2001Q4":0,"_2001Q3":1.88841,"_2001Q2":7.32279,"_2001Q1":5.11803}},{"p":"ELEC.GEN.WWW-WV-99.Q","v":{"_2012Q3":0,"_2012Q2":-0.0005,"_2012Q1":-0.00055,"_2011Q4":0,"_2011Q3":0.09715,"_2011Q2":0.03942,"_2011Q1":0.09887,"_2010Q4":0,"_2010Q3":0,"_2010Q2":0,"_2010Q1":0,"_2009Q4":-0.35067,"_2009Q3":0,"_2009Q2":-0.338,"_2009Q1":0,"_2008Q4":-0.38967,"_2008Q3":0,"_2008Q2":0,"_2008Q1":0,"_2007Q4":0,"_2007Q3":0,"_2007Q2":0,"_2007Q1":0,"_2006Q4":0,"_2006Q3":0,"_2006Q2":0,"_2006Q1":0,"_2005Q4":0.107,"_2005Q3":0.221,"_2005Q2":0.064,"_2005Q1":0.068,"_2004Q4":0.1,"_2004Q3":0.149,"_2004Q2":0.292,"_2004Q1":0.011,"_2003Q4":0.137,"_2003Q3":0.02,"_2003Q2":0,"_2003Q1":0,"_2002Q4":0,"_2002Q3":0,"_2002Q2":0.008,"_2002Q1":0.043,"_2001Q4":0.671,"_2001Q3":0.438,"_2001Q2":0.089,"_2001Q1":0}},{"p":"ELEC.GEN.TSN-WV-99.Q","v":{"_2015Q4":0.80967,"_2015Q3":1.21258,"_2015Q2":1.21488,"_2015Q1":0.83117,"_2014Q4":0.65722,"_2014Q3":0.98643,"_2014Q2":0.99487,"_2014Q1":0.68198}},{"p":"ELEC.GEN.DPV-WV-99.Q","v":{"_2015Q4":0.80967,"_2015Q3":1.21258,"_2015Q2":1.21488,"_2015Q1":0.83117,"_2014Q4":0.65722,"_2014Q3":0.98643,"_2014Q2":0.99487,"_2014Q1":0.68198}},{"p":"ELEC.GEN.ALL-WV-99.Q","v":{"_2015Q4":14859.7357,"_2015Q3":19742.38776,"_2015Q2":15798.25993,"_2015Q1":21828.15541,"_2014Q4":19273.34277,"_2014Q3":20414.78969,"_2014Q2":18108.55098,"_2014Q1":23262.89324,"_2013Q4":19722.21726,"_2013Q3":19815.22136,"_2013Q2":16120.33162,"_2013Q1":20205.2964,"_2012Q4":19675.04249,"_2012Q3":20337.27999,"_2012Q2":16630.09872,"_2012Q1":16770.9835,"_2011Q4":16733.92972,"_2011Q3":22702.26876,"_2011Q2":19251.31151,"_2011Q1":20312.11358,"_2010Q4":17193.86882,"_2010Q3":20878.6211,"_2010Q2":20523.85465,"_2010Q1":22192.60267,"_2009Q4":17753.29464,"_2009Q3":16683.7383,"_2009Q2":16730.77324,"_2009Q1":19614.70813,"_2008Q4":20042.01483,"_2008Q3":23534.92836,"_2008Q2":21951.05801,"_2008Q1":25595.09542,"_2007Q4":22686.75991,"_2007Q3":25281.85753,"_2007Q2":22396.17741,"_2007Q1":23568.31425,"_2006Q4":21357.50398,"_2006Q3":25290.45116,"_2006Q2":22250.4775,"_2006Q1":24917.37158,"_2005Q4":23202.69989,"_2005Q3":25836.07223,"_2005Q2":21364.50777,"_2005Q1":23223.00542,"_2004Q4":21628.25943,"_2004Q3":23757.65267,"_2004Q2":20120.80524,"_2004Q1":24242.84436,"_2003Q4":22934.787,"_2003Q3":24004.414,"_2003Q2":23131.722,"_2003Q1":24640.63,"_2002Q4":24423.608,"_2002Q3":24027.149,"_2002Q2":22274.584,"_2002Q1":24036.411,"_2001Q4":16404.999,"_2001Q3":22060.499,"_2001Q2":20296.423,"_2001Q1":23074.804}},{"p":"ELEC.GEN.COW-WV-99.Q","v":{"_2015Q4":13773.65805,"_2015Q3":18689.09597,"_2015Q2":14767.18772,"_2015Q1":20844.79573,"_2014Q4":18235.08225,"_2014Q3":19800.19886,"_2014Q2":17389.44412,"_2014Q1":22089.91988,"_2013Q4":18934.98992,