{"p":"WY","c":[{"p":"ELEC.GEN.OOG-WY-99.Q","c":{"2015Q4":117.56071,"2015Q3":109.63969,"2015Q2":99.13055,"2015Q1":106.83448,"2014Q4":89.63189,"2014Q3":72.43022,"2014Q2":71.99905,"2014Q1":102.70648,"2013Q4":77.53738,"2013Q3":49.62809,"2013Q2":71.55242,"2013Q1":82.48188,"2012Q4":72.34115,"2012Q3":61.17738,"2012Q2":62.72221,"2012Q1":86.2582,"2011Q4":73.99637,"2011Q3":36.22924,"2011Q2":65.731,"2011Q1":88.98033,"2010Q4":72.60699,"2010Q3":61.62717,"2010Q2":60.0592,"2010Q1":84.77118,"2009Q4":80.29956,"2009Q3":53.98662,"2009Q2":69.79865,"2009Q1":80.27666,"2008Q4":72.59928,"2008Q3":55.86455,"2008Q2":65.60152,"2008Q1":94.57976,"2007Q4":81.12366,"2007Q3":70.21158,"2007Q2":71.10773,"2007Q1":89.64782,"2006Q4":76.79621,"2006Q3":58.58863,"2006Q2":78.43308,"2006Q1":96.10899,"2005Q4":94.38917,"2005Q3":108.16542,"2005Q2":61.03141,"2005Q1":0,"2004Q4":3.18645,"2004Q3":3.18645,"2004Q2":3.18645,"2004Q1":3.18645,"2001Q4":1.424,"2001Q3":1.636,"2001Q2":2.259,"2001Q1":2.192}},{"p":"ELEC.GEN.AOR-WY-99.Q","c":{"2015Q4":1231.09444,"2015Q3":668.44755,"2015Q2":677.08302,"2015Q1":1191.05614,"2014Q4":1295.68812,"2014Q3":586.28094,"2014Q2":941.03264,"2014Q1":1582.75531,"2013Q4":1435.07004,"2013Q3":620.1132,"2013Q2":973.72567,"2013Q1":1404.3751,"2012Q4":1373.43948,"2012Q3":559.2343,"2012Q2":944.38894,"2012Q1":1492.0443,"2011Q4":1361.88361,"2011Q3":639.86841,"2011Q2":1104.61083,"2011Q1":1505.50515,"2010Q4":1154.66335,"2010Q3":586.68254,"2010Q2":769.97569,"2010Q1":735.47146,"2009Q4":887.79151,"2009Q3":327.91878,"2009Q2":404.5428,"2009Q1":605.95148,"2008Q4":437.53595,"2008Q3":144.01717,"2008Q2":150.84907,"2008Q1":230.13982,"2007Q4":258.90794,"2007Q3":115.59993,"2007Q2":138.74416,"2007Q1":241.62897,"2006Q4":245.86064,"2006Q3":106.56439,"2006Q2":163.06208,"2006Q1":243.57388,"2005Q4":246.27102,"2005Q3":118.40421,"2005Q2":162.23013,"2005Q1":190.35864,"2004Q4":173.206,"2004Q3":107.84,"2004Q2":149.375,"2004Q1":186.094,"2003Q4":126.223,"2003Q3":47.847,"2003Q2":67.008,"2003Q1":125.401,"2002Q4":129.836,"2002Q3":98.302,"2002Q2":104.198,"2002Q1":114.995,"2001Q4":173.55,"2001Q3":69.11,"2001Q2":52.088,"2001Q1":70.411}},{"p":"ELEC.GEN.HYC-WY-99.Q","c":{"2015Q4":110.19822,"2015Q3":322.96482,"2015Q2":316.88312,"2015Q1":110.92789,"2014Q4":83.4223,"2014Q3":365.79858,"2014Q2":330.18704,"2014Q1":89.30224,"2013Q4":72.01612,"2013Q3":310.26857,"2013Q2":247.9666,"2013Q1":80.62688,"2012Q4":67.92866,"2012Q3":345.43385,"2012Q2":378.28572,"2012Q1":101.82176,"2011Q4":68.11747,"2011Q3":454.80295,"2011Q2":526.33801,"2011Q1":174.47158,"2010Q4":72.35766,"2010Q3":414.19181,"2010Q2":444.66759,"2010Q1":92.66994,"2009Q4":193.8779,"2009Q3":247.99256,"2009Q2":318.07027,"2009Q1":206.63126,"2008Q4":156.91038,"2008Q3":241.15931,"2008Q2":271.72183,"2008Q1":165.48347,"2007Q4":65.71805,"2007Q3":337.12855,"2007Q2":258.99168,"2007Q1":67.58574,"2006Q4":69.84821,"2006Q3":316.22628,"2006Q2":369.53619,"2006Q1":87.70534,"2005Q4":83.93648,"2005Q3":354.47507,"2005Q2":288.4641,"2005Q1":81.49935,"2004Q4":148.28676,"2004Q3":148.28676,"2004Q2":148.28676,"2004Q1":148.28676,"2003Q4":68.088,"2003Q3":252.646,"2003Q2":207.968,"2003Q1":64.853,"2002Q4":66.477,"2002Q3":220.978,"2002Q2":199.223,"2002Q1":96.935,"2001Q4":103.104,"2001Q3":349.356,"2001Q2":297.068,"2001Q1":129.583}},{"p":"ELEC.GEN.WND-WY-99.Q","c":{"2015Q4":1231.09444,"2015Q3":668.44755,"2015Q2":677.08302,"2015Q1":1191.05614,"2014Q4":1295.68812,"2014Q3":586.28094,"2014Q2":941.03264,"2014Q1":1582.75531,"2013Q4":1435.07004,"2013Q3":620.1132,"2013Q2":973.72567,"2013Q1":1404.3751,"2012Q4":1373.43948,"2012Q3":559.2343,"2012Q2":944.38894,"2012Q1":1492.0443,"2011Q4":1361.88361,"2011Q3":639.86841,"2011Q2":1104.61083,"2011Q1":1505.50515,"2010Q4":1154.66335,"2010Q3":586.68254,"2010Q2":769.97569,"2010Q1":735.47146,"2009Q4":887.79151,"2009Q3":327.91878,"2009Q2":404.5428,"2009Q1":605.95148,"2008Q4":437.53595,"2008Q3":144.01717,"2008Q2":150.84907,"2008Q1":230.13982,"2007Q4":258.90794,"2007Q3":115.59993,"2007Q2":138.74416,"2007Q1":241.62897,"2006Q4":245.86064,"2006Q3":106.56439,"2006Q2":163.06208,"2006Q1":243.57388,"2005Q4":246.27102,"2005Q3":118.40421,"2005Q2":162.23013,"2005Q1":190.35864,"2004Q4":173.206,"2004Q3":107.84,"2004Q2":149.375,"2004Q1":186.094,"2003Q4":126.223,"2003Q3":47.847,"2003Q2":67.008,"2003Q1":125.401,"2002Q4":129.836,"2002Q3":98.302,"2002Q2":104.198,"2002Q1":114.995,"2001Q4":173.55,"2001Q3":69.11,"2001Q2":52.088,"2001Q1":70.411}},{"p":"ELEC.GEN.TSN-WY-99.Q","c":{"2015Q4":0.562,"2015Q3":0.85843,"2015Q2":0.80356,"2015Q1":0.48587,"2014Q4":0.48813,"2014Q3":0.74144,"2014Q2":0.70291,"2014Q1":0.43696}},{"p":"ELEC.GEN.DPV-WY-99.Q","c":{"2015Q4":0.562,"2015Q3":0.85843,"2015Q2":0.80356,"2015Q1":0.48587,"2014Q4":0.48813,"2014Q3":0.74144,"2014Q2":0.70291,"2014Q1":0.43696}},{"p":"ELEC.GEN.ALL-WY-99.Q","c":{"2015Q4":12266.80121,"2015Q3":12815.32098,"2015Q2":11453.71445,"2015Q1":12396.5691,"2014Q4":12570.31293,"2014Q3":12739.07317,"2014Q2":11010.65158,"2014Q1":13376.14569,"2013Q4":13737.07836,"2013Q3":13377.00935,"2013Q2":11885.26328,"2013Q1":13483.71441,"2012Q4":13692.81075,"2012Q3":12648.01656,"2012Q2":10157.83428,"2012Q1":13089.94463,"2011Q4":12888.72219,"2011Q3":12089.93865,"2011Q2":10518.28828,"2011Q1":12141.52173,"2010Q4":12925.90249,"2010Q3":12318.40663,"2010Q2":10545.68333,"2010Q1":12329.26139,"2009Q4":12995.56217,"2009Q3":11910.60252,"2009Q2":8905.12297,"2009Q1":12217.92481,"2008Q4":11963.59648,"2008Q3":12299.20228,"2008Q2":10206.63593,"2008Q1":12031.01364,"2007Q4":11985.33941,"2007Q3":12218.66208,"2007Q2":10407.25528,"2007Q1":11022.22962,"2006Q4":11812.0877,"2006Q3":12205.15301,"2006Q2":9530.98675,"2006Q1":11852.14239,"2005Q4":11980.93424,"2005Q3":12219.56153,"2005Q2":10174.05887,"2005Q1":11192.75234,"2004Q4":11641.58214,"2004Q3":11784.28976,"2004Q2":9933.05125,"2004Q1":11448.6813,"2003Q4":11189.81,"2003Q3":11252.093,"2003Q2":9721.918,"2003Q1":11462.781,"2002Q4":11491.331,"2002Q3":11520.544,"2002Q2":9490.454,"2002Q1":11281.51,"2001Q4":11319.636,"2001Q3":11014.193,"2001Q2":10581.918,"2001Q1":11861.191}},{"p":"ELEC.GEN.COW-WY-99.Q","c":{"2015Q4":10617.02545,"2015Q3":11518.22621,"2015Q2":10197.24427,"2015Q1":10817.38481,"2014Q4":10898.85622,"2014Q3":11564.35713,"2014Q2":9528.82058,"2014Q1":11416.61711,"2013Q4":11987.8379,"2013Q3":12266.36167,"2013Q2":10439.31845,"2013Q1":11743.16062,"2012Q4":12018.53891,"2012Q3":11542.93389,"2012Q2":8611.29786,"2012Q1":11238.99543,"2011Q4":11229.54606,"2011Q3":10846.47684,"2011Q2":8687.16666,"2011Q1":10198.25914,"2010Q4":11466.76872,"2010Q3":11124.39495,"2010Q2":9139.93559,"2010Q1":11255.42418,"2009Q4":11668.73651,"2009Q3":11162.88704,"2009Q2":7960.68622,"2009Q1":11161.95658,"2008Q4":11152.66645,"2008Q3":11724.53174,"2008Q2":9572.47079,"2008Q1":11358.23413,"2007Q4":11399.10023,"2007Q3":11538.06882,"2007Q2":9773.71192,"2007Q1":10415.92825,"2006Q4":11266.07643,"2006Q3":11582.28408,"2006Q2":8776.53549,"2006Q1":11266.9307,"2005Q4":11454.40399,"2005Q3":11463.71518,"2005Q2":9558.14516,"2005Q1":10869.41129,"2004Q4":11257.39023,"2004Q3":11470.54182,"2004Q2":9568.08263,"2004Q1":11049.7256,"2003Q4":10951.645,"2003Q3":10859.022,"2003Q2":9381.718,"2003Q1":11149.068,"2002Q4":11087.615,"2002Q3":10967.692,"2002Q2":8991.994,"2002Q1":10875.86,"2001Q4":10834.225,"2001Q3":10412.885,"2001Q2":10077.116,"2001Q1":11465.084}},{"p":"ELEC.GEN.PEL-WY-99.Q","c":{"2015Q4":15.81625,"2015Q3":14.70046,"2015Q2":9.15966,"2015Q1":11.32215,"2014Q4":10.83821,"2014Q3":13.10782,"2014Q2":10.30417,"2014Q1":10.87305,"2013Q4":9.54946,"2013Q3":9.16695,"2013Q2":10.97775,"2013Q1":9.61185,"2012Q4":10.85053,"2012Q3":12.11348,"2012Q2":17.47391,"2012Q1":11.41573,"2011Q4":15.36585,"2011Q3":12.11147,"2011Q2":13.53498,"2011Q1":14.43815,"2010Q4":15.80656,"2010Q3":15.42444,"2010Q2":18.14752,"2010Q1":6.76707,"2009Q4":12.54338,"2009Q3":13.6878,"2009Q2":17.46065,"2009Q1":6.48893,"2008Q4":8.83235,"2008Q3":7.85668,"2008Q2":13.80707,"2008Q1":13.53079,"2007Q4":14.66387,"2007Q3":9.42602,"2007Q2":13.57896,"2007Q1":9.55303,"2006Q4":12.9053,"2006Q3":9.59674,"2006Q2":13.4679,"2006Q1":9.96708,"2005Q4":9.15798,