{"p":"WY","c":[{"p":"ELEC.GEN.OOG-WY-99.Q","v":{"_2015Q4":117.56071,"_2015Q3":109.63969,"_2015Q2":99.13055,"_2015Q1":106.83448,"_2014Q4":89.63189,"_2014Q3":72.43022,"_2014Q2":71.99905,"_2014Q1":102.70648,"_2013Q4":77.53738,"_2013Q3":49.62809,"_2013Q2":71.55242,"_2013Q1":82.48188,"_2012Q4":72.34115,"_2012Q3":61.17738,"_2012Q2":62.72221,"_2012Q1":86.2582,"_2011Q4":73.99637,"_2011Q3":36.22924,"_2011Q2":65.731,"_2011Q1":88.98033,"_2010Q4":72.60699,"_2010Q3":61.62717,"_2010Q2":60.0592,"_2010Q1":84.77118,"_2009Q4":80.29956,"_2009Q3":53.98662,"_2009Q2":69.79865,"_2009Q1":80.27666,"_2008Q4":72.59928,"_2008Q3":55.86455,"_2008Q2":65.60152,"_2008Q1":94.57976,"_2007Q4":81.12366,"_2007Q3":70.21158,"_2007Q2":71.10773,"_2007Q1":89.64782,"_2006Q4":76.79621,"_2006Q3":58.58863,"_2006Q2":78.43308,"_2006Q1":96.10899,"_2005Q4":94.38917,"_2005Q3":108.16542,"_2005Q2":61.03141,"_2005Q1":0,"_2004Q4":3.18645,"_2004Q3":3.18645,"_2004Q2":3.18645,"_2004Q1":3.18645,"_2001Q4":1.424,"_2001Q3":1.636,"_2001Q2":2.259,"_2001Q1":2.192}},{"p":"ELEC.GEN.AOR-WY-99.Q","v":{"_2015Q4":1231.09444,"_2015Q3":668.44755,"_2015Q2":677.08302,"_2015Q1":1191.05614,"_2014Q4":1295.68812,"_2014Q3":586.28094,"_2014Q2":941.03264,"_2014Q1":1582.75531,"_2013Q4":1435.07004,"_2013Q3":620.1132,"_2013Q2":973.72567,"_2013Q1":1404.3751,"_2012Q4":1373.43948,"_2012Q3":559.2343,"_2012Q2":944.38894,"_2012Q1":1492.0443,"_2011Q4":1361.88361,"_2011Q3":639.86841,"_2011Q2":1104.61083,"_2011Q1":1505.50515,"_2010Q4":1154.66335,"_2010Q3":586.68254,"_2010Q2":769.97569,"_2010Q1":735.47146,"_2009Q4":887.79151,"_2009Q3":327.91878,"_2009Q2":404.5428,"_2009Q1":605.95148,"_2008Q4":437.53595,"_2008Q3":144.01717,"_2008Q2":150.84907,"_2008Q1":230.13982,"_2007Q4":258.90794,"_2007Q3":115.59993,"_2007Q2":138.74416,"_2007Q1":241.62897,"_2006Q4":245.86064,"_2006Q3":106.56439,"_2006Q2":163.06208,"_2006Q1":243.57388,"_2005Q4":246.27102,"_2005Q3":118.40421,"_2005Q2":162.23013,"_2005Q1":190.35864,"_2004Q4":173.206,"_2004Q3":107.84,"_2004Q2":149.375,"_2004Q1":186.094,"_2003Q4":126.223,"_2003Q3":47.847,"_2003Q2":67.008,"_2003Q1":125.401,"_2002Q4":129.836,"_2002Q3":98.302,"_2002Q2":104.198,"_2002Q1":114.995,"_2001Q4":173.55,"_2001Q3":69.11,"_2001Q2":52.088,"_2001Q1":70.411}},{"p":"ELEC.GEN.HYC-WY-99.Q","v":{"_2015Q4":110.19822,"_2015Q3":322.96482,"_2015Q2":316.88312,"_2015Q1":110.92789,"_2014Q4":83.4223,"_2014Q3":365.79858,"_2014Q2":330.18704,"_2014Q1":89.30224,"_2013Q4":72.01612,"_2013Q3":310.26857,"_2013Q2":247.9666,"_2013Q1":80.62688,"_2012Q4":67.92866,"_2012Q3":345.43385,"_2012Q2":378.28572,"_2012Q1":101.82176,"_2011Q4":68.11747,"_2011Q3":454.80295,"_2011Q2":526.33801,"_2011Q1":174.47158,"_2010Q4":72.35766,"_2010Q3":414.19181,"_2010Q2":444.66759,"_2010Q1":92.66994,"_2009Q4":193.8779,"_2009Q3":247.99256,"_2009Q2":318.07027,"_2009Q1":206.63126,"_2008Q4":156.91038,"_2008Q3":241.15931,"_2008Q2":271.72183,"_2008Q1":165.48347,"_2007Q4":65.71805,"_2007Q3":337.12855,"_2007Q2":258.99168,"_2007Q1":67.58574,"_2006Q4":69.84821,"_2006Q3":316.22628,"_2006Q2":369.53619,"_2006Q1":87.70534,"_2005Q4":83.93648,"_2005Q3":354.47507,"_2005Q2":288.4641,"_2005Q1":81.49935,"_2004Q4":148.28676,"_2004Q3":148.28676,"_2004Q2":148.28676,"_2004Q1":148.28676,"_2003Q4":68.088,"_2003Q3":252.646,"_2003Q2":207.968,"_2003Q1":64.853,"_2002Q4":66.477,"_2002Q3":220.978,"_2002Q2":199.223,"_2002Q1":96.935,"_2001Q4":103.104,"_2001Q3":349.356,"_2001Q2":297.068,"_2001Q1":129.583}},{"p":"ELEC.GEN.WND-WY-99.Q","v":{"_2015Q4":1231.09444,"_2015Q3":668.44755,"_2015Q2":677.08302,"_2015Q1":1191.05614,"_2014Q4":1295.68812,"_2014Q3":586.28094,"_2014Q2":941.03264,"_2014Q1":1582.75531,"_2013Q4":1435.07004,"_2013Q3":620.1132,"_2013Q2":973.72567,"_2013Q1":1404.3751,"_2012Q4":1373.43948,"_2012Q3":559.2343,"_2012Q2":944.38894,"_2012Q1":1492.0443,"_2011Q4":1361.88361,"_2011Q3":639.86841,"_2011Q2":1104.61083,"_2011Q1":1505.50515,"_2010Q4":1154.66335,"_2010Q3":586.68254,"_2010Q2":769.97569,"_2010Q1":735.47146,"_2009Q4":887.79151,"_2009Q3":327.91878,"_2009Q2":404.5428,"_2009Q1":605.95148,"_2008Q4":437.53595,"_2008Q3":144.01717,"_2008Q2":150.84907,"_2008Q1":230.13982,"_2007Q4":258.90794,"_2007Q3":115.59993,"_2007Q2":138.74416,"_2007Q1":241.62897,"_2006Q4":245.86064,"_2006Q3":106.56439,"_2006Q2":163.06208,"_2006Q1":243.57388,"_2005Q4":246.27102,"_2005Q3":118.40421,"_2005Q2":162.23013,"_2005Q1":190.35864,"_2004Q4":173.206,"_2004Q3":107.84,"_2004Q2":149.375,"_2004Q1":186.094,"_2003Q4":126.223,"_2003Q3":47.847,"_2003Q2":67.008,"_2003Q1":125.401,"_2002Q4":129.836,"_2002Q3":98.302,"_2002Q2":104.198,"_2002Q1":114.995,"_2001Q4":173.55,"_2001Q3":69.11,"_2001Q2":52.088,"_2001Q1":70.411}},{"p":"ELEC.GEN.TSN-WY-99.Q","v":{"_2015Q4":0.562,"_2015Q3":0.85843,"_2015Q2":0.80356,"_2015Q1":0.48587,"_2014Q4":0.48813,"_2014Q3":0.74144,"_2014Q2":0.70291,"_2014Q1":0.43696}},{"p":"ELEC.GEN.DPV-WY-99.Q","v":{"_2015Q4":0.562,"_2015Q3":0.85843,"_2015Q2":0.80356,"_2015Q1":0.48587,"_2014Q4":0.48813,"_2014Q3":0.74144,"_2014Q2":0.70291,"_2014Q1":0.43696}},{"p":"ELEC.GEN.ALL-WY-99.Q","v":{"_2015Q4":12266.80121,"_2015Q3":12815.32098,"_2015Q2":11453.71445,"_2015Q1":12396.5691,"_2014Q4":12570.31293,"_2014Q3":12739.07317,"_2014Q2":11010.65158,"_2014Q1":13376.14569,"_2013Q4":13737.07836,"_2013Q3":13377.00935,"_2013Q2":11885.26328,"_2013Q1":13483.71441,"_2012Q4":13692.81075,"_2012Q3":12648.01656,"_2012Q2":10157.83428,"_2012Q1":13089.94463,"_2011Q4":12888.72219,"_2011Q3":12089.93865,"_2011Q2":10518.28828,"_2011Q1":12141.52173,"_2010Q4":12925.90249,"_2010Q3":12318.40663,"_2010Q2":10545.68333,"_2010Q1":12329.26139,"_2009Q4":12995.56217,"_2009Q3":11910.60252,"_2009Q2":8905.12297,"_2009Q1":12217.92481,"_2008Q4":11963.59648,"_2008Q3":12299.20228,"_2008Q2":10206.63593,"_2008Q1":12031.01364,"_2007Q4":11985.33941,"_2007Q3":12218.66208,"_2007Q2":10407.25528,"_2007Q1":11022.22962,"_2006Q4":11812.0877,"_2006Q3":12205.15301,"_2006Q2":9530.98675,"_2006Q1":11852.14239,"_2005Q4":11980.93424,"_2005Q3":12219.56153,"_2005Q2":10174.05887,"_2005Q1":11192.75234,"_2004Q4":11641.58214,"_2004Q3":11784.28976,"_2004Q2":9933.05125,"_2004Q1":11448.6813,"_2003Q4":11189.81,"_2003Q3":11252.093,"_2003Q2":9721.918,"_2003Q1":11462.781,"_2002Q4":11491.331,"_2002Q3":11520.544,"_2002Q2":9490.454,"_2002Q1":11281.51,"_2001Q4":11319.636,"_2001Q3":11014.193,"_2001Q2":10581.918,"_2001Q1":11861.191}},{"p":"ELEC.GEN.COW-WY-99.Q","v":{"_2015Q4":10617.02545,"_2015Q3":11518.22621,"_2015Q2":10197.24427,"_2015Q1":10817.38481,"_2014Q4":10898.85622,"_2014Q3":11564.35713,"_2014Q2":9528.82058,"_2014Q1":11416.61711,"_2013Q4":11987.8379,"_2013Q3":12266.36167,"_2013Q2":10439.31845,"_2013Q1":11743.16062,"_2012Q4":12018.53891,"_2012Q3":11542.93389,"_2012Q2":8611.29786,"_2012Q1":11238.99543,"_2011Q4":11229.54606,"_2011Q3":10846.47684,"_2011Q2":8687.16666,"_2011Q1":10198.25914,"_2010Q4":11466.76872,"_2010Q3":11124.39495,"_2010Q2":9139.93559,"_2010Q1":11255.42418,"_2009Q4":11668.73651,"_2009Q3":11162.88704,"_2009Q2":7960.68622,"_2009Q1":11161.95658,"_2008Q4":11152.66645,"_2008Q3":11724.53174,"_2008Q2":9572.47079,"_2008Q1":11358.23413,"_2007Q4":11399.10023,"_2007Q3":11538.06882,"_2007Q2":9773.71192,"_2007Q1":10415.92825,"_2006Q4":11266.07643,"_2006Q3":11582.28408,"_2006Q2":8776.53549,"_2006Q1":11266.9307,"_2005Q4":11454.40399,"_2005Q3":11463.71518,"_2005Q2":9558.14516,"_2005Q1":10869.41129,"_2004Q4":11257.39023,"_2004Q3":11470.54182,"_2004Q2":9568.08263,"_2004Q1":11049.7256,"_2003Q4":10951.645,"_2003Q3":10859.022,"_2003Q2":9381.718,"_2003Q1":11149.068,"_2002Q4":11087.615,"_2002Q3":10967.692,"_2002Q2":8991.994,"_2002Q1":10875.86,"_2001Q4":10834.225,"_2001Q3":10412.885,"_2001Q2":10077.116,"_2001Q1":11465.084}},{"p":"ELEC.GEN.PEL-WY-99.Q","v":{"_2015Q4":15.81625,"_2015Q3":14.70046,"_2015Q2":9.15966,"_2015Q1":11.32215,"_2014Q4":10.83821,"_2014Q3":13.10782,"_2014Q2":10.30417,"_2014Q1":10.87305,"_2013Q4":9.54946,"_2013Q3":9.16695,"_2013Q2":10.97775,"_2013Q1":9.61185,"_2012Q4":10.85053,"_2012Q3":12.11348,"_2012Q2":17.47391,"_2012Q1":11.41573,"_2011Q4":15.36585,"_2011Q3":12.11147,"_2011Q2":13.53498,